{
"type": "FeatureCollection",
"name": "papua_pegunungan",
"crs": { "type": "name", "properties": { "name": "urn:ogc:def:crs:OGC:1.3:CRS84" } },
"features": [
{ "type": "Feature", "properties": { "kabkota": "Lanny Jaya" }, "geometry": { "type": "MultiPolygon", "coordinates": [ [ [ [ 138.454166368782921, -4.079776197613398, -0.000023499997837 ], [ 138.422684393669897, -4.078069858137383, -0.000023499997837 ], [ 138.39879563381146, -4.068855622089245, -0.000023499997837 ], [ 138.373712434880986, -4.063395334327197, -0.000023499997837 ], [ 138.353748256177141, -4.063907235630381, -0.000023499997837 ], [ 138.350164941658818, -4.061774310835744, -0.000023499997837 ], [ 138.346157380958402, -4.055770239005255, -0.000023499997837 ], [ 138.341809891813114, -4.059788353249871, -0.000023499997837 ], [ 138.332022764239241, -4.06263551781484, -0.000023499997837 ], [ 138.327574068988156, -4.066372421250207, -0.000023499997837 ], [ 138.318854627339192, -4.080608244075165, -0.000023499997837 ], [ 138.305330595430746, -4.089505633678016, -0.000023499997837 ], [ 138.30070395312498, -4.093598433021214, -0.000023499997837 ], [ 138.299238375650589, -4.097018113195304, -0.000023499997837 ], [ 138.297924697267035, -4.096804776019553, -0.000023499997837 ], [ 138.293045598175922, -4.084066202093481, -0.000023499997837 ], [ 138.288331985133027, -4.07948668696099, -0.000023499997837 ], [ 138.283104197300872, -4.078226431904284, -0.000023499997837 ], [ 138.282663444062791, -4.074308154997311, -0.000023499997837 ], [ 138.277307939010257, -4.066504269956056, -0.000023499997837 ], [ 138.273949053905767, -4.048035520822566, -0.000023499997837 ], [ 138.271740466449387, -4.040572833169676, -0.000023499997837 ], [ 138.269060481356178, -4.037361141903148, -0.000023499997837 ], [ 138.268177642983915, -4.036675227179956, -0.000023499997837 ], [ 138.256116921358853, -4.044134583743983, -0.000023499997837 ], [ 138.253387167783671, -4.042114683046123, -0.000023499997837 ], [ 138.251611577812128, -4.037590406072354, -0.000023499997837 ], [ 138.246824380440898, -4.035110136123819, -0.000023499997837 ], [ 138.244849495308017, -4.035995771387718, -0.000023499997837 ], [ 138.242629467575966, -4.032012191109686, -0.000023499997837 ], [ 138.2382437392572, -4.031805240019764, -0.000023499997837 ], [ 138.233760115237146, -4.027825255231278, -0.000023499997837 ], [ 138.23416860259897, -4.025605389377176, -0.000023499997837 ], [ 138.227516340806574, -4.022308248127104, -0.000023499997837 ], [ 138.214745411971194, -4.028171113805797, -0.000023499997837 ], [ 138.208100788120987, -4.023302867733094, -0.000023499997837 ], [ 138.169460891207223, -4.036824913039254, -0.000023499997837 ], [ 138.175806378961283, -4.04624441484782, -0.000023499997837 ], [ 138.176299646311691, -4.054852853176612, -0.000023499997837 ], [ 138.178915505246437, -4.060599818726587, -0.000023499997837 ], [ 138.173363529803169, -4.065979288913013, -0.000023499997837 ], [ 138.172464392118059, -4.069769669634525, -0.000023499997837 ], [ 138.167263457142894, -4.072552455331504, -0.000023499997837 ], [ 138.161733003375502, -4.074228270917899, -0.000023499997837 ], [ 138.156047911182213, -4.072027128948775, -0.000023499997837 ], [ 138.155394766855125, -4.074667769601831, -0.000023499997837 ], [ 138.150824774643752, -4.075397001070712, -0.000023499997837 ], [ 138.140464813100721, -4.081397820952645, -0.000023499997837 ], [ 138.129619325571525, -4.08063371557347, -0.000023499997837 ], [ 138.109748129572608, -4.095323831829319, -0.000023499997837 ], [ 138.102317509945237, -4.09703620485692, -0.000023499997837 ], [ 138.095943299643636, -4.093150443837885, -0.000023499997837 ], [ 138.088981466021892, -4.098783414023274, -0.000023499997837 ], [ 138.087402527204972, -4.097910738889425, -0.000023499997837 ], [ 138.085305104946656, -4.090934690583481, -0.000023499997837 ], [ 138.086348475002183, -4.078534947929484, -0.000023499997837 ], [ 138.084743397389957, -4.077286783358318, -0.000023499997837 ], [ 138.0799730946826, -4.080612419627414, -0.000023499997837 ], [ 138.07632527898852, -4.079537498656578, -0.000023499997837 ], [ 138.074595212699023, -4.085031295158103, -0.000023499997837 ], [ 138.074078489230942, -4.097125145109317, -0.000023499997837 ], [ 138.072456165319863, -4.100620290094241, -0.000023499997837 ], [ 138.066081848898307, -4.106082847745199, -0.000023499997837 ], [ 138.048332244437574, -4.098057254638547, -0.000023499997837 ], [ 138.044791606347644, -4.090633336759026, -0.000023499997837 ], [ 138.037977622169592, -4.098821497613983, -0.000023499997837 ], [ 138.036144260649166, -4.096770565808924, -0.000023499997837 ], [ 138.031779322857574, -4.096517179124476, -0.000023499997837 ], [ 138.026417720401582, -4.091031216617296, -0.000023499997837 ], [ 138.020696627447478, -4.101162611864993, -0.000023499997837 ], [ 138.015646227291654, -4.106716953424609, -0.000023499997837 ], [ 138.013533644262338, -4.113490629988519, -0.000023499997837 ], [ 138.007820604737162, -4.11483479359083, -0.000023499997837 ], [ 138.007416096875431, -4.118689520804708, -0.000023499997837 ], [ 138.005526910838284, -4.120491073304322, -0.000023499997837 ], [ 138.00216773615216, -4.117772597227543, -0.000023499997837 ], [ 137.997096629106181, -4.118305595726611, -0.000023499997837 ], [ 137.988356994979426, -4.1136297973772, -0.000023499997837 ], [ 137.983499088412259, -4.108337875292648, -0.000023499997837 ], [ 137.983062219346039, -4.103024766979388, -0.000023499997837 ], [ 137.987685210404152, -4.097868066957687, -0.000023499997837 ], [ 137.987791623584599, -4.090190125673701, -0.000023499997837 ], [ 137.980254226551324, -4.084031399229616, -0.000023499997837 ], [ 137.976664064594956, -4.078785804820996, -0.000023499997837 ], [ 137.968713074748621, -4.074069753716117, -0.000023499997837 ], [ 137.968248844708455, -4.064318428152887, -0.000023499997837 ], [ 137.977518481692641, -4.060411666165407, -0.000023499997837 ], [ 137.97701834442114, -4.058069904402544, -0.000023499997837 ], [ 137.962675237871963, -4.042202291402589, -0.000023499997837 ], [ 137.960152976778545, -4.029350795902474, -0.000023499997837 ], [ 137.954496589146288, -4.026922152435361, -0.000023499997837 ], [ 137.948644509036967, -4.027305951608355, -0.000023499997837 ], [ 137.946079514857843, -4.024994415160108, -0.000023499997837 ], [ 137.950538204274721, -4.024853997713763, -0.000023499997837 ], [ 137.950369924932147, -4.022895161882161, -0.000023499997837 ], [ 137.953633362289906, -4.022166162438396, -0.000023499997837 ], [ 137.953632983675334, -4.020782695764751, -0.000023499997837 ], [ 137.955975769766042, -4.021519557981151, -0.000023499997837 ], [ 137.955179376926822, -4.020393103159108, -0.000023499997837 ], [ 137.957577429055164, -4.019847929638217, -0.000023499997837 ], [ 137.955536029164477, -4.018375892333495, -0.000023499997837 ], [ 137.958006285162014, -4.018694425906972, -0.000023499997837 ], [ 137.958609430780712, -4.016055187297013, -0.000023499997837 ], [ 137.961373854120097, -4.016011250918439, -0.000023499997837 ], [ 137.963839179134879, -4.011004902254399, -0.000023499997837 ], [ 137.959242245033693, -4.008407149370385, -0.000023499997837 ], [ 137.958572918305549, -4.00634285633771, -0.000023499997837 ], [ 137.961710589072482, -4.003383861975578, -0.000023499997837 ], [ 137.960121971751619, -4.000758227410245, -0.000023499997837 ], [ 137.953591077066562, -4.002746952210032, -0.000023499997837 ], [ 137.949114731259897, -4.000162752109247, -0.000023499997837 ], [ 137.953931272610248, -3.995974210041709, -0.000023499997837 ], [ 137.952659497238074, -3.995274429571225, -0.000023499997837 ], [ 137.953562745724184, -3.993909693077853, -0.000023499997837 ], [ 137.955543129311991, -3.993083805173399, -0.000023499997837 ], [ 137.957504572278253, -3.994352824123496, -0.000023499997837 ], [ 137.95743354921899, -3.992653674727251, -0.000023499997837 ], [ 137.962045852734036, -3.991458548573121, -0.000023499997837 ], [ 137.961297046621439, -3.987506634323665, -0.000023499997837 ], [ 137.964751276050606, -3.986585138593227, -0.000023499997837 ], [ 137.962625353377462, -3.985026514561923, -0.000023499997837 ], [ 137.965995181432504, -3.982346678756187, -0.000023499997837 ], [ 137.965883923604224, -3.980778533602404, -0.000023499997837 ], [ 137.963332339216095, -3.981660031085539, -0.000023499997837 ], [ 137.964805447613344, -3.977685649972727, -0.000023499997837 ], [ 137.966833560920122, -3.977319150158621, -0.000023499997837 ], [ 137.964657877858826, -3.976388084742268, -0.000023499997837 ], [ 137.966491429136227, -3.97559372437081, -0.000023499997837 ], [ 137.965461181988076, -3.975261559773116, -0.000023499997837 ], [ 137.967455596798459, -3.973401486589296, -0.000023499997837 ], [ 137.966189052782624, -3.973434335226329, -0.000023499997837 ], [ 137.966813604963932, -3.971832846808411, -0.000023499997837 ], [ 137.967447972346122, -3.972844138945788, -0.000023499997837 ], [ 137.969610520808942, -3.972064368275937, -0.000023499997837 ], [ 137.968134426662573, -3.972013651908469, -0.000023499997837 ], [ 137.969432528788275, -3.970339421826793, -0.000023499997837 ], [ 137.967856522660441, -3.969641365356665, -0.000023499997837 ], [ 137.970397457276931, -3.96782942029148, -0.000023499997837 ], [ 137.96778498878632, -3.966489773084504, -0.000023499997837 ], [ 137.970424214805689, -3.96370036837726, -0.000023499997837 ], [ 137.965833146982163, -3.955052523555082, -0.000023499997837 ], [ 137.963989770611533, -3.954268591722098, -0.000023499997837 ], [ 137.964532589707346, -3.951352918602254, -0.000023499997837 ], [ 137.96236329093324, -3.946583526008851, -0.000023499997837 ], [ 137.963365850653531, -3.944259120262132, -0.000023499997837 ], [ 137.961372494345255, -3.940878182881761, -0.000023499997837 ], [ 137.961869305923756, -3.934896478089968, -0.000023499997837 ], [ 137.966385460220863, -3.929290079273699, -0.000023499997837 ], [ 137.969171140835556, -3.92779504990159, -0.000023499997837 ], [ 137.970945236133844, -3.928918062118839, -0.000023499997837 ], [ 137.972141283193764, -3.925853267014588, -0.000023499997837 ], [ 137.970958862661405, -3.924242524572776, -0.000023499997837 ], [ 137.975348624439562, -3.92273612237409, -0.000023499997837 ], [ 137.97686496864344, -3.919241049334914, -0.000023499997837 ], [ 137.980554601014092, -3.918843894330223, -0.000023499997837 ], [ 137.979148375197383, -3.916511192337623, -0.000023499997837 ], [ 137.983496344580658, -3.916004389291061, -0.000023499997837 ], [ 137.986542529114445, -3.911425363389753, -0.000023499997837 ], [ 137.996665075033206, -3.908616642144295, -0.000023499997837 ], [ 137.998936230123036, -3.905299600695969, -0.000023499997837 ], [ 137.999312204294824, -3.902141812094897, -0.000023499997837 ], [ 137.998117808390248, -3.901395094208169, -0.000023499997837 ], [ 138.001246101926085, -3.897067379356031, -0.000023499997837 ], [ 138.011153539904058, -3.893827699388794, -0.000023499997837 ], [ 138.014285482888795, -3.889773257030129, -0.000023499997837 ], [ 138.018647422340678, -3.890556695135331, -0.000023499997837 ], [ 138.020145843955561, -3.887716083930059, -0.000023499997837 ], [ 138.023183952577369, -3.887455806640105, -0.000023499997837 ], [ 138.024078858052917, -3.884635622635813, -0.000023499997837 ], [ 138.032619768987161, -3.881029288171078, -0.000023499997837 ], [ 138.040441257358225, -3.88184736456418, -0.000023499997837 ], [ 138.043471290967318, -3.883913448147041, -0.000023499997837 ], [ 138.050371183783113, -3.883711789567371, -0.000023499997837 ], [ 138.05198943376547, -3.886879696440815, -0.000023499997837 ], [ 138.055873420422131, -3.887884705015097, -0.000023499997837 ], [ 138.058584341294363, -3.885712242425996, -0.000023499997837 ], [ 138.061128940648132, -3.876613374107876, -0.000023499997837 ], [ 138.079526890653597, -3.873266417611035, -0.000023499997837 ], [ 138.080791341047643, -3.875842064259814, -0.000023499997837 ], [ 138.079895942743633, -3.884706991934081, -0.000023499997837 ], [ 138.082141406001142, -3.886860641605267, -0.000023499997837 ], [ 138.08034675310023, -3.889837409268978, -0.000023499997837 ], [ 138.091819988102088, -3.903726609095713, -0.000023499997837 ], [ 138.085733794678958, -3.907983917823515, -0.000023499997837 ], [ 138.104153749296188, -3.911686560686178, -0.000023499997837 ], [ 138.110713709170454, -3.910548355322305, -0.000023499997837 ], [ 138.116418022573725, -3.911971111577486, -0.000023499997837 ], [ 138.129537944120898, -3.911686560686178, -0.000023499997837 ], [ 138.141231786417848, -3.909125596369108, -0.000023499997837 ], [ 138.153210844205205, -3.911117458004242, -0.000023499997837 ], [ 138.182302843101752, -3.900873544078763, -0.000023499997837 ], [ 138.214246997800728, -3.885222879931916, -0.000023499997837 ], [ 138.224514762646209, -3.878108845047109, -0.000023499997837 ], [ 138.236192249872488, -3.869071768247466, -0.000023499997837 ], [ 138.239916409015109, -3.856766381563205, -0.000023499997837 ], [ 138.238615821163307, -3.849087581426716, -0.000023499997837 ], [ 138.244966524085839, -3.840880282998626, -0.000023499997837 ], [ 138.253825720380746, -3.836750067361663, -0.000023499997837 ], [ 138.265563714893574, -3.827334241082326, -0.000023499997837 ], [ 138.28432409977745, -3.821369781690009, -0.000023499997837 ], [ 138.297622089787637, -3.826465807151237, -0.000023499997837 ], [ 138.304004858937105, -3.826225484918155, -0.000023499997837 ], [ 138.309641472276212, -3.828481255305633, -0.000023499997837 ], [ 138.316103822433547, -3.832759815912709, -0.000023499997837 ], [ 138.318021173438524, -3.837758620164152, -0.000023499997837 ], [ 138.336407285667747, -3.833418096268076, -0.000023499997837 ], [ 138.342525456284875, -3.829168294181386, -0.000023499997837 ], [ 138.353940074375032, -3.8256463224198, -0.000023499997837 ], [ 138.353970691794075, -3.815659700035098, -0.000023499997837 ], [ 138.350267524626588, -3.802440477146263, -0.000023499997837 ], [ 138.354269692992034, -3.793177579681526, -0.000023499997837 ], [ 138.349200139075265, -3.77470217106827, -0.000023499997837 ], [ 138.348628839349544, -3.765169720706012, -0.000023499997837 ], [ 138.344494097424672, -3.761980079017405, -0.000023499997837 ], [ 138.346269629839639, -3.758449518730231, -0.000023499997837 ], [ 138.352271331057182, -3.761097298201719, -0.000023499997837 ], [ 138.3622053377062, -3.761666101409389, -0.000023499997837 ], [ 138.367402198752529, -3.772275305560868, -0.000023499997837 ], [ 138.379669498248859, -3.773537340375924, -0.000023499997837 ], [ 138.382113867261182, -3.776417015432855, -0.000023499997837 ], [ 138.372011485042094, -3.759978543375041, -0.000023499997837 ], [ 138.419302058743028, -3.782962242613337, -0.000023499997837 ], [ 138.421099749553832, -3.777569170181039, -0.000023499997837 ], [ 138.418919075255189, -3.771572315409969, -0.000023499997837 ], [ 138.420367065587698, -3.768212747720099, -0.000023499997837 ], [ 138.427535191995617, -3.774339860296266, -0.000023499997837 ], [ 138.436938173258113, -3.775754252856416, -0.000023499997837 ], [ 138.432100186674347, -3.779536127790038, -0.000023499997837 ], [ 138.421472324288402, -3.782792802245979, -0.000023499997837 ], [ 138.422878149906751, -3.785463856171987, -0.000023499997837 ], [ 138.434924171213538, -3.789776629687651, -0.000023499997837 ], [ 138.447416341690882, -3.790817644418723, -0.000023499997837 ], [ 138.45723161804483, -3.796022715375955, -0.000023499997837 ], [ 138.464518717564829, -3.793791970423058, -0.000023499997837 ], [ 138.470913517844679, -3.793791970423058, -0.000023499997837 ], [ 138.473746070225047, -3.797843002552497, -0.000023499997837 ], [ 138.477886332188518, -3.80034143700766, -0.000023499997837 ], [ 138.480884451556221, -3.800270052420956, -0.000023499997837 ], [ 138.481951517848302, -3.802136326430286, -0.000023499997837 ], [ 138.484450803961522, -3.78532837780233, -0.000023499997837 ], [ 138.49928221540199, -3.797897139941028, -0.000023499997837 ], [ 138.510389847213787, -3.81357864274014, -0.000023499997837 ], [ 138.518777653965572, -3.811436767892474, -0.000023499997837 ], [ 138.527661696729979, -3.816277792386188, -0.000023499997837 ], [ 138.5292098670418, -3.818721308841305, -0.000023499997837 ], [ 138.538550989336727, -3.817768104814149, -0.000023499997837 ], [ 138.540454558231318, -3.819100603310176, -0.000023499997837 ], [ 138.550353116303313, -3.818624710861684, -0.000023499997837 ], [ 138.561488993122566, -3.820433100906826, -0.000023499997837 ], [ 138.569103267801665, -3.820433100906826, -0.000023499997837 ], [ 138.582618606863321, -3.816245250417921, -0.000023499997837 ], [ 138.587187171850587, -3.81605489271908, -0.000023499997837 ], [ 138.594438651022983, -3.818471916046065, -0.000023499997837 ], [ 138.59392699523471, -3.813891169741623, -0.000023499997837 ], [ 138.589771074275745, -3.806736956745112, -0.000023499997837 ], [ 138.593710982575885, -3.801939100608934, -0.000023499997837 ], [ 138.597308208706977, -3.804451847774487, -0.000023499997837 ], [ 138.597709575236763, -3.803319165147286, -0.000023499997837 ], [ 138.609963244608139, -3.803773420806692, -0.000023499997837 ], [ 138.613619652425086, -3.801703546581336, -0.000023499997837 ], [ 138.618110510591691, -3.804246590107994, -0.000023499997837 ], [ 138.620974807241623, -3.803325241866389, -0.000023499997837 ], [ 138.614621072704381, -3.794588858788757, -0.000023499997837 ], [ 138.601315263088964, -3.786985538751537, -0.000023499997837 ], [ 138.596373105334578, -3.782423546909115, -0.000023499997837 ], [ 138.584500012865419, -3.78085317413462, -0.000023499997837 ], [ 138.575844140694585, -3.774765800800992, -0.000023499997837 ], [ 138.582887076977045, -3.774007141716197, -0.000023499997837 ], [ 138.597222282981988, -3.779442931945709, -0.000023499997837 ], [ 138.605671526919537, -3.774589805275241, -0.000023499997837 ], [ 138.617277341776003, -3.772601386244958, -0.000023499997837 ], [ 138.620808236610856, -3.768846696018159, -0.000023499997837 ], [ 138.629353309607609, -3.769697934012413, -0.000023499997837 ], [ 138.63448786292463, -3.766766038022183, -0.000023499997837 ], [ 138.634670168993125, -3.782479766228164, -0.000023499997837 ], [ 138.638707966699371, -3.790510695911848, -0.000023499997837 ], [ 138.642218789565504, -3.793279693203203, -0.000023499997837 ], [ 138.643170218330965, -3.798782053948571, -0.000023499997837 ], [ 138.64665746367109, -3.803594494390381, -0.000023499997837 ], [ 138.643123943715068, -3.806890106792935, -0.000023499997837 ], [ 138.642022601561848, -3.815426210850887, -0.000023499997837 ], [ 138.645909278090812, -3.822060860320391, -0.000023499997837 ], [ 138.65277796533087, -3.829051844566948, -0.000023499997837 ], [ 138.659374612148667, -3.842896551334718, -0.000023499997837 ], [ 138.668454975117129, -3.847607305432746, -0.000023499997837 ], [ 138.678576798880272, -3.857103669598644, -0.000023499997837 ], [ 138.68418650630224, -3.85876714918453, -0.000023499997837 ], [ 138.683495555375657, -3.866655006623205, -0.000023499997837 ], [ 138.692936355828238, -3.875514978133708, -0.000023499997837 ], [ 138.697823603676397, -3.874645858919223, -0.000023499997837 ], [ 138.701872312857063, -3.870160537878462, -0.000023499997837 ], [ 138.711371121380239, -3.871607250274337, -0.000023499997837 ], [ 138.715407955912497, -3.873616149565578, -0.000023499997837 ], [ 138.720737948997225, -3.882467743891198, -0.000023499997837 ], [ 138.72001900307464, -3.892344563550694, -0.000023499997837 ], [ 138.717584694777884, -3.896152196866353, -0.000023499997837 ], [ 138.713901289313071, -3.896666161214341, -0.000023499997837 ], [ 138.713370000425243, -3.899539999671219, -0.000023499997837 ], [ 138.710394202230759, -3.900974651259105, -0.000023499997837 ], [ 138.711614345725593, -3.90233771411414, -0.000023499997837 ], [ 138.719162713588389, -3.899180395858536, -0.000023499997837 ], [ 138.722106137088645, -3.919731518894423, -0.000023499997837 ], [ 138.715622067404524, -3.919207536998215, -0.000023499997837 ], [ 138.713945437032407, -3.914072909037486, -0.000023499997837 ], [ 138.712286585357674, -3.913514687252984, -0.000023499997837 ], [ 138.710862563756336, -3.91986082072026, -0.000023499997837 ], [ 138.717371489802531, -3.928410770740413, -0.000023499997837 ], [ 138.716003646151421, -3.929814690695366, -0.000023499997837 ], [ 138.715486794080334, -3.936317239648815, -0.000023499997837 ], [ 138.726332099047227, -3.938828306880794, -0.000023499997837 ], [ 138.728335897383772, -3.94208811817208, -0.000023499997837 ], [ 138.728464805306544, -3.946495371763945, -0.000023499997837 ], [ 138.733602705000862, -3.952536293315234, -0.000023499997837 ], [ 138.734873966860164, -3.964664332792665, -0.000023499997837 ], [ 138.736853677755107, -3.966034902288868, -0.000023499997837 ], [ 138.736853677755107, -3.969689754278704, -0.000023499997837 ], [ 138.727411977081147, -3.982177166443023, -0.000023499997837 ], [ 138.741269957842292, -3.989791441122065, -0.000023499997837 ], [ 138.746295380227707, -3.996035147204225, -0.000023499997837 ], [ 138.745381667230276, -3.999385427595371, -0.000023499997837 ], [ 138.740508529744943, -4.00501999137947, -0.000023499997837 ], [ 138.739290246048085, -4.018877972140672, -0.000023499997837 ], [ 138.70624429234033, -4.028319673713952, -0.000023499997837 ], [ 138.70000058625817, -4.028319673713952, -0.000023499997837 ], [ 138.693604595275929, -4.031669955004361, -0.000023499997837 ], [ 138.694975164772131, -4.043395938171955, -0.000023499997837 ], [ 138.682792324206503, -4.057101634033131, -0.000023499997837 ], [ 138.683401465605243, -4.064715908712174, -0.000023499997837 ], [ 138.679398337663201, -4.072648600952107, -0.000023499997837 ], [ 138.680328054995812, -4.080392705359031, -0.000023499997837 ], [ 138.676964728139751, -4.080365208587466, -0.000023499997837 ], [ 138.674641157863221, -4.082250477177752, -0.000023499997837 ], [ 138.674165476755434, -4.117068121396642, -0.000023499997837 ], [ 138.672015107811035, -4.136450404562481, -0.000023499997837 ], [ 138.6654709975885, -4.165601414273794, -0.000023499997837 ], [ 138.650508002742185, -4.202426646572462, -0.000023499997837 ], [ 138.647726908669938, -4.206009175982615, -0.000023499997837 ], [ 138.646098828198433, -4.213557375672281, -0.000023499997837 ], [ 138.643270760737096, -4.217693738175456, -0.000023499997837 ], [ 138.64363750606617, -4.221592557350618, -0.000023499997837 ], [ 138.641015000242078, -4.22420955842432, -0.000023499997837 ], [ 138.642789580275007, -4.235713804748229, -0.000023499997837 ], [ 138.638408425008834, -4.234936065646878, -0.000023499997837 ], [ 138.634955837741813, -4.231227769645784, -0.000023499997837 ], [ 138.630641039852208, -4.22038685876646, -0.000023499997837 ], [ 138.632060590923629, -4.211562825064277, -0.000023499997837 ], [ 138.63820368175459, -4.204058087810438, -0.000023499997837 ], [ 138.646735916029797, -4.183117796648958, -0.000023499997837 ], [ 138.652198542029168, -4.176792805343666, -0.000023499997837 ], [ 138.655045084263293, -4.170619999113626, -0.000023499997837 ], [ 138.652909742990346, -4.157855289989584, -0.000023499997837 ], [ 138.649646550248121, -4.153060942108766, -0.000023499997837 ], [ 138.638483853846878, -4.153796202632577, -0.000023499997837 ], [ 138.630460527931064, -4.148679532334484, -0.000023499997837 ], [ 138.620650063849439, -4.148067703761456, -0.000023499997837 ], [ 138.61639757908506, -4.144693202828989, -0.000023499997837 ], [ 138.600149045641956, -4.142473298304026, -0.000023499997837 ], [ 138.585820163669723, -4.13606145677079, -0.000023499997837 ], [ 138.582961104671313, -4.131622589311007, -0.000023499997837 ], [ 138.582636041120509, -4.132841348749196, -0.000023499997837 ], [ 138.58146838206028, -4.131075916620205, -0.000023499997837 ], [ 138.579330355411685, -4.131903527625639, -0.000023499997837 ], [ 138.573674948040434, -4.128643094003564, -0.000023499997837 ], [ 138.570499812416529, -4.130556969128747, -0.000023499997837 ], [ 138.569956487901663, -4.128514336267585, -0.000023499997837 ], [ 138.567554732365124, -4.128360140308189, -0.000023499997837 ], [ 138.567319554254141, -4.129604971092476, -0.000023499997837 ], [ 138.562610928851313, -4.124971604555867, -0.000023499997837 ], [ 138.558844846012903, -4.125681962852241, -0.000023499997837 ], [ 138.555818130902139, -4.12096126944698, -0.000023499997837 ], [ 138.552382592083063, -4.124317639147705, -0.000023499997837 ], [ 138.548602779294924, -4.120496256996603, -0.000023499997837 ], [ 138.550573298219206, -4.117575664585218, -0.000023499997837 ], [ 138.548689639415443, -4.117926761710635, -0.000023499997837 ], [ 138.545135025860873, -4.113507751281645, -0.000023499997837 ], [ 138.543335406004303, -4.114794262944827, -0.000023499997837 ], [ 138.543833819275392, -4.111960587311216, -0.000023499997837 ], [ 138.541713654961313, -4.109739446218441, -0.000023499997837 ], [ 138.543061307033781, -4.107292829800201, -0.000023499997837 ], [ 138.539166946697264, -4.110349212645986, -0.000023499997837 ], [ 138.537430595045976, -4.107477995712884, -0.000023499997837 ], [ 138.53313575311256, -4.106801111981667, -0.000023499997837 ], [ 138.530069680071733, -4.109813421751937, -0.000023499997837 ], [ 138.525065364774832, -4.108684850825171, -0.000023499997837 ], [ 138.52065186718994, -4.109781483228801, -0.000023499997837 ], [ 138.522069651992865, -4.107385602963177, -0.000023499997837 ], [ 138.520120142130963, -4.106060305338758, -0.000023499997837 ], [ 138.520674140699043, -4.103130955329277, -0.000023499997837 ], [ 138.513424998864707, -4.102362099731067, -0.000023499997837 ], [ 138.510382551913267, -4.098350333800795, -0.000023499997837 ], [ 138.508670247234136, -4.10332264222609, -0.000023499997837 ], [ 138.507016616124019, -4.101181915812731, -0.000023499997837 ], [ 138.505408164255414, -4.102657604364879, -0.000023499997837 ], [ 138.500832116908782, -4.102426728610567, -0.000023499997837 ], [ 138.499175202373749, -4.105327713103406, -0.000023499997837 ], [ 138.499051757832376, -4.103066223027724, -0.000023499997837 ], [ 138.495963397792593, -4.105026075093235, -0.000023499997837 ], [ 138.493065348686969, -4.101041620674209, -0.000023499997837 ], [ 138.494317377644961, -4.097128944744952, -0.000023499997837 ], [ 138.493111715932969, -4.09622297491029, -0.000023499997837 ], [ 138.474386498138415, -4.089587653647243, -0.000023499997837 ], [ 138.454166368782921, -4.079776197613398, -0.000023499997837 ] ], [ [ 138.125756065590053, -4.068447907245059, -0.000023499997837 ], [ 138.130357542166848, -4.058158209733563, -0.000023499997837 ], [ 138.133887868630268, -4.05392118341581, -0.000023499997837 ], [ 138.134686432433, -4.046125075711643, -0.000023499997837 ], [ 138.120738782069225, -4.050077608694664, -0.000023499997837 ], [ 138.082572228025924, -4.056157131846135, -0.000023499997837 ], [ 138.091362821337157, -4.063222159974657, -0.000023499997837 ], [ 138.098786739216735, -4.066267869666433, -0.000023499997837 ], [ 138.125756065590053, -4.068447907245059, -0.000023499997837 ] ], [ [ 138.580137684007013, -3.836628473625126, -0.000023499997837 ], [ 138.532870874891046, -3.831448009018345, -0.000023499997837 ], [ 138.534565391879369, -3.832782504009288, -0.000023499997837 ], [ 138.55706575408135, -3.834100624144469, -0.000023499997837 ], [ 138.557054463992358, -3.838402089584747, -0.000023499997837 ], [ 138.563853748751512, -3.840290608324892, -0.000023499997837 ], [ 138.565296130911747, -3.84670235093273, -0.000023499997837 ], [ 138.569769503559769, -3.850385689847656, -0.000023499997837 ], [ 138.5773939513698, -3.849396868170857, -0.000023499997837 ], [ 138.573548650849602, -3.843750534959156, -0.000023499997837 ], [ 138.574159623268088, -3.840872671136822, -0.000023499997837 ], [ 138.58748096327588, -3.84861776569727, -0.000023499997837 ], [ 138.587168983062156, -3.844469375661106, -0.000023499997837 ], [ 138.580137684007013, -3.836628473625126, -0.000023499997837 ] ] ], [ [ [ 138.589937081031508, -3.809811618311471, -0.000023499997837 ], [ 138.583354549972569, -3.816003331888226, -0.000023499997837 ], [ 138.574204808804893, -3.816104697174012, -0.000023499997837 ], [ 138.56839803204366, -3.81784621543045, -0.000023499997837 ], [ 138.561536581647943, -3.814103735299113, -0.000023499997837 ], [ 138.558919174980019, -3.807619704285855, -0.000023499997837 ], [ 138.565256523869493, -3.798902868872233, -0.000023499997837 ], [ 138.562758010274024, -3.797596762780358, -0.000023499997837 ], [ 138.562525567900707, -3.795787032745295, -0.000023499997837 ], [ 138.570527024102944, -3.776560037315846, -0.000023499997837 ], [ 138.575774654576662, -3.779668986434501, -0.000023499997837 ], [ 138.577515734863368, -3.78404400202902, -0.000023499997837 ], [ 138.579346780629521, -3.784002697966116, -0.000023499997837 ], [ 138.577162752758909, -3.787122647592071, -0.000023499997837 ], [ 138.578315584696497, -3.791433624262311, -0.000023499997837 ], [ 138.581525840645099, -3.793597413789541, -0.000023499997837 ], [ 138.580576331932207, -3.794901788686559, -0.000023499997837 ], [ 138.582828025692947, -3.79763752994802, -0.000023499997837 ], [ 138.586748033794834, -3.799299192004071, -0.000023499997837 ], [ 138.586832632120377, -3.801053581357621, -0.000023499997837 ], [ 138.585849061585009, -3.803102879993844, -0.000023499997837 ], [ 138.57920508344796, -3.803516000662853, -0.000023499997837 ], [ 138.574923361723791, -3.800333471712293, -0.000023499997837 ], [ 138.568572594050011, -3.801068237609059, -0.000023499997837 ], [ 138.574605772438531, -3.805325110165654, -0.000023499997837 ], [ 138.582172457692877, -3.805658235239321, -0.000023499997837 ], [ 138.589937081031508, -3.809811618311471, -0.000023499997837 ] ] ], [ [ [ 138.520384950205312, -3.781545230328049, -0.000023499997837 ], [ 138.519919106781458, -3.798871779309138, -0.000023499997837 ], [ 138.516881062011521, -3.801480321359691, -0.000023499997837 ], [ 138.511078659552595, -3.803143781160543, -0.000023499997837 ], [ 138.506714379165373, -3.784861022618031, -0.000023499997837 ], [ 138.508629192283479, -3.78182380072775, -0.000023499997837 ], [ 138.513959183569568, -3.780063000107305, -0.000023499997837 ], [ 138.520384950205312, -3.781545230328049, -0.000023499997837 ] ] ] ] } },
{ "type": "Feature", "properties": { "kabkota": "Yalimo" }, "geometry": { "type": "Polygon", "coordinates": [ [ [ 139.33001366689723, -4.093032658730181, -0.000023499997837 ], [ 139.329149736771001, -4.101966365655187, -0.000023499997837 ], [ 139.333938164414803, -4.113279274918568, -0.000023499997837 ], [ 139.333081558367326, -4.124415152637141, -0.000023499997837 ], [ 139.342680024363744, -4.126912777702501, -0.000023499997837 ], [ 139.349353085676398, -4.126187316191647, -0.000023499997837 ], [ 139.353264126638237, -4.123556425088907, -0.000023499997837 ], [ 139.357435268622794, -4.124386558692663, -0.000023499997837 ], [ 139.358409284760796, -4.129354199636566, -0.000023499997837 ], [ 139.357139404260124, -4.134345401019402, -0.000023499997837 ], [ 139.35253680532935, -4.13576061106329, -0.000023499997837 ], [ 139.348995783228929, -4.134389599100643, -0.000023499997837 ], [ 139.336668067277515, -4.138228343563185, -0.000023499997837 ], [ 139.32928994737324, -4.138705835905569, -0.000023499997837 ], [ 139.31180641813171, -4.129424874658184, -0.000023499997837 ], [ 139.310921934899397, -4.13055783967252, -0.000023499997837 ], [ 139.313380104907992, -4.136566745358948, -0.000023499997837 ], [ 139.322389765875073, -4.139348411400022, -0.000023499997837 ], [ 139.319246814289158, -4.140539408766642, -0.000023499997837 ], [ 139.313425516174675, -4.149074362591705, -0.000023499997837 ], [ 139.296938562564719, -4.155394655838677, -0.000023499997837 ], [ 139.29324020137426, -4.159203669613589, -0.000023499997837 ], [ 139.29034276380753, -4.158802575578363, -0.000023499997837 ], [ 139.287334331913939, -4.161626996288817, -0.000023499997837 ], [ 139.278339969314175, -4.164482350080334, -0.000023499997837 ], [ 139.271703543683657, -4.169746590133002, -0.000023499997837 ], [ 139.266305749810613, -4.161895948439224, -0.000023499997837 ], [ 139.247229346756967, -4.154000051960793, -0.000023499997837 ], [ 139.244347019599331, -4.150891699991917, -0.000023499997837 ], [ 139.232269763039199, -4.169326292874075, -0.000023499997837 ], [ 139.258146670332621, -4.168055912350439, -0.000023499997837 ], [ 139.270632136364043, -4.17082389880386, -0.000023499997837 ], [ 139.264901096008884, -4.184205523965716, -0.000023499997837 ], [ 139.256708407067435, -4.18979017987283, -0.000023499997837 ], [ 139.253641164008627, -4.197140453169311, -0.000023499997837 ], [ 139.245649462752567, -4.204592026101068, -0.000023499997837 ], [ 139.236041660893989, -4.200528252376898, -0.000023499997837 ], [ 139.229879649226518, -4.201215818255378, -0.000023499997837 ], [ 139.22252736144867, -4.192250775352932, -0.000023499997837 ], [ 139.216765473447936, -4.192609872847299, -0.000023499997837 ], [ 139.212848107554237, -4.190782627616102, -0.000023499997837 ], [ 139.211049430187131, -4.18535229537207, -0.000023499997837 ], [ 139.208558068000457, -4.183542625591656, -0.000023499997837 ], [ 139.212789128215718, -4.1821278418264, -0.000023499997837 ], [ 139.21532832444268, -4.176656430349908, -0.000023499997837 ], [ 139.212069457439611, -4.173416812435903, -0.000023499997837 ], [ 139.208848798133545, -4.16154976071283, -0.000023499997837 ], [ 139.211829803402793, -4.158905717924483, -0.000023499997837 ], [ 139.217449542762211, -4.158146498562019, -0.000023499997837 ], [ 139.220651000643215, -4.154875083318416, -0.000023499997837 ], [ 139.220692551120351, -4.148953141174502, -0.000023499997837 ], [ 139.212558947637376, -4.138950328294982, -0.000023499997837 ], [ 139.215252141073506, -4.133372690697058, -0.000023499997837 ], [ 139.221020529373959, -4.129892262218107, -0.000023499997837 ], [ 139.221426031885926, -4.127086978181467, -0.000023499997837 ], [ 139.217507249559958, -4.119604563000109, -0.000023499997837 ], [ 139.214158533089858, -4.118666424415892, -0.000023499997837 ], [ 139.214436579184849, -4.115001295873071, -0.000023499997837 ], [ 139.21191956113887, -4.112813991772271, -0.000023499997837 ], [ 139.215547693371377, -4.104568104334476, -0.000023499997837 ], [ 139.212797635802303, -4.102497177003045, -0.000023499997837 ], [ 139.212140054220185, -4.097548038710954, -0.000023499997837 ], [ 139.209588042654104, -4.093666011677044, -0.000023499997837 ], [ 139.205902599325555, -4.090651569614181, -0.000023499997837 ], [ 139.205763673854563, -4.086960797802533, -0.000023499997837 ], [ 139.20916086288355, -4.079226622810324, -0.000023499997837 ], [ 139.194429297773922, -4.064104124205926, -0.000023499997837 ], [ 139.189056773051675, -4.061257510025996, -0.000023499997837 ], [ 139.199320275110722, -4.051335224241143, -0.000023499997837 ], [ 139.19985933683904, -4.045153233235055, -0.000023499997837 ], [ 139.19765048767988, -4.043724949746604, -0.000023499997837 ], [ 139.196722617554769, -4.039079837164707, -0.000023499997837 ], [ 139.194086543659182, -4.037243666162226, -0.000023499997837 ], [ 139.199175370946705, -4.030754612435373, -0.000023499997837 ], [ 139.200450645580872, -4.025862058587109, -0.000023499997837 ], [ 139.20052131340799, -4.012553128324157, -0.000023499997837 ], [ 139.198650299072142, -4.009471754218055, -0.000023499997837 ], [ 139.198150077264359, -4.002321493741874, -0.000023499997837 ], [ 139.202245218442158, -3.997172702358284, -0.000023499997837 ], [ 139.196330809919004, -3.99397816026385, -0.000023499997837 ], [ 139.190864135171751, -3.994199399782417, -0.000023499997837 ], [ 139.189627450446551, -3.991617669220034, -0.000023499997837 ], [ 139.1849986488686, -3.991491813596269, -0.000023499997837 ], [ 139.181265223111609, -3.987746481714737, -0.000023499997837 ], [ 139.176147971851492, -3.987341207630607, -0.000023499997837 ], [ 139.159873347277198, -3.969603329430072, -0.000023499997837 ], [ 139.14353180774674, -3.958664151429389, -0.000023499997837 ], [ 139.141448457180672, -3.953452326563593, -0.000023499997837 ], [ 139.123919281949384, -3.945371228199576, -0.000023499997837 ], [ 139.116225895708567, -3.946468206842212, -0.000023499997837 ], [ 139.106411906284507, -3.934531899227693, -0.000023499997837 ], [ 139.08642615824067, -3.938472732030903, -0.000023499997837 ], [ 139.083564430953743, -3.937395559157665, -0.000023499997837 ], [ 139.083286626776498, -3.933767613084854, -0.000023499997837 ], [ 139.080808469335466, -3.9310557614142, -0.000023499997837 ], [ 139.071899159218901, -3.934423065072338, -0.000023499997837 ], [ 139.071474707092079, -3.928843456160507, -0.000023499997837 ], [ 139.067510201434743, -3.92396213844188, -0.000023499997837 ], [ 139.068219862756564, -3.918582397559533, -0.000023499997837 ], [ 139.061904613806973, -3.916235045610847, -0.000023499997837 ], [ 139.053088046276343, -3.926988125101843, -0.000023499997837 ], [ 139.052962350731946, -3.930134530983764, -0.000023499997837 ], [ 139.047365858847343, -3.932593466315382, -0.000023499997837 ], [ 139.043674049218112, -3.94317942928717, -0.000023499997837 ], [ 139.041836486964371, -3.943245775871787, -0.000023499997837 ], [ 139.039790729858396, -3.946139638633383, -0.000023499997837 ], [ 139.037021544608706, -3.945401422037946, -0.000023499997837 ], [ 139.022992681866867, -3.953585402843999, -0.000023499997837 ], [ 139.020128410397888, -3.959438753695451, -0.000023499997837 ], [ 139.025523824664788, -3.965374214448389, -0.000023499997837 ], [ 139.019672016150707, -3.968608781769831, -0.000023499997837 ], [ 139.01688634003267, -3.967668858930665, -0.000023499997837 ], [ 139.014852859571874, -3.974369312693568, -0.000023499997837 ], [ 139.01311731371311, -3.973611261550445, -0.000023499997837 ], [ 139.013126554247151, -3.969749453974089, -0.000023499997837 ], [ 139.008051312118369, -3.970063822787154, -0.000023499997837 ], [ 139.000333654074893, -3.966681075071506, -0.000023499997837 ], [ 138.991500989579094, -3.95719834912444, -0.000023499997837 ], [ 138.989617686007477, -3.951200873821222, -0.000023499997837 ], [ 138.985992362357706, -3.948261633067887, -0.000023499997837 ], [ 138.985646609903142, -3.943476423198319, -0.000023499997837 ], [ 138.978689835867272, -3.939243286448459, -0.000023499997837 ], [ 138.96619307435094, -3.922482725797124, -0.000023499997837 ], [ 138.963319950855066, -3.920157380258843, -0.000023499997837 ], [ 138.959977167212514, -3.920144798743422, -0.000023499997837 ], [ 138.95489826304447, -3.9159812524328, -0.000023499997837 ], [ 138.952598784706197, -3.906616380841228, -0.000023499997837 ], [ 138.946552200123961, -3.89598712630476, -0.000023499997837 ], [ 138.949652451899169, -3.886431266589625, -0.000023499997837 ], [ 138.947996921420895, -3.874764510074044, -0.000023499997837 ], [ 138.950456229071733, -3.866081743677455, -0.000023499997837 ], [ 138.947731498210146, -3.862442571367524, -0.000023499997837 ], [ 139.005255157999159, -3.86635547842252, -0.000023499997837 ], [ 139.017177707785095, -3.863830424934122, -0.000023499997837 ], [ 139.008956352953419, -3.85527283157586, -0.000023499997837 ], [ 138.99885024484297, -3.85048376631272, -0.000023499997837 ], [ 138.993770158965731, -3.843974278190331, -0.000023499997837 ], [ 138.981959703377697, -3.844828856266645, -0.000023499997837 ], [ 138.978023747597945, -3.849527312135706, -0.000023499997837 ], [ 138.97455415774823, -3.850361089792386, -0.000023499997837 ], [ 138.957251383244852, -3.838257670155315, -0.000023499997837 ], [ 138.952655445592427, -3.832487550659891, -0.000023499997837 ], [ 138.954159871081288, -3.829838096650803, -0.000023499997837 ], [ 138.96697504925919, -3.824767976161127, -0.000023499997837 ], [ 138.965017889763885, -3.822472826259855, -0.000023499997837 ], [ 138.961164706685963, -3.823379815026385, -0.000023499997837 ], [ 138.960234955179089, -3.822216498792329, -0.000023499997837 ], [ 138.962314604135713, -3.820662711315038, -0.000023499997837 ], [ 138.961938452797426, -3.817723723271172, -0.000023499997837 ], [ 138.959335057566932, -3.817497729936235, -0.000023499997837 ], [ 138.967601706753385, -3.810783010227681, -0.000023499997837 ], [ 138.964346604312368, -3.80776109479865, -0.000023499997837 ], [ 138.960606891394946, -3.808175952957811, -0.000023499997837 ], [ 138.958841512325989, -3.811568982622418, -0.000023499997837 ], [ 138.952769799786552, -3.810040410336626, -0.000023499997837 ], [ 138.953072877611248, -3.806749543656451, -0.000023499997837 ], [ 138.956108048147939, -3.804544534602542, -0.000023499997837 ], [ 138.963845718804919, -3.805424083254763, -0.000023499997837 ], [ 138.967484653693873, -3.803370654032392, -0.000023499997837 ], [ 138.971461132925015, -3.804023063613442, -0.000023499997837 ], [ 138.974151338813272, -3.807244491839754, -0.000023499997837 ], [ 138.974828503132926, -3.81096639997935, -0.000023499997837 ], [ 138.983114932008561, -3.815976217328512, -0.000023499997837 ], [ 138.983002664241667, -3.828321339658032, -0.000023499997837 ], [ 138.998489086102495, -3.834246442918982, -0.000023499997837 ], [ 139.012105971213714, -3.834985266556771, -0.000023499997837 ], [ 139.013128935651935, -3.844112842133882, -0.000023499997837 ], [ 139.019316503354048, -3.853227961201412, -0.000023499997837 ], [ 139.027774957248539, -3.854234150585512, -0.000023499997837 ], [ 139.028540132820922, -3.859320132418134, -0.000023499997837 ], [ 139.03350687714078, -3.859162601772596, -0.000023499997837 ], [ 139.043267338916621, -3.857401990909125, -0.000023499997837 ], [ 139.052480429228467, -3.852747968743699, -0.000023499997837 ], [ 139.059509873881666, -3.845839994620007, -0.000023499997837 ], [ 139.066136570646336, -3.842039143991258, -0.000023499997837 ], [ 139.085323300729783, -3.835798363403683, -0.000023499997837 ], [ 139.09237615383654, -3.827421039149613, -0.000023499997837 ], [ 139.097205303681903, -3.824532712614541, -0.000023499997837 ], [ 139.098365437215193, -3.821595678797507, -0.000023499997837 ], [ 139.105075559589523, -3.82241276233907, -0.000023499997837 ], [ 139.109584621832937, -3.820614024717429, -0.000023499997837 ], [ 139.110721265074403, -3.816933455714377, -0.000023499997837 ], [ 139.118731796335396, -3.815956832441827, -0.000023499997837 ], [ 139.127478606152863, -3.806541900987895, -0.000023499997837 ], [ 139.128733917636282, -3.801398714179243, -0.000023499997837 ], [ 139.126840780877387, -3.788245161584882, -0.000023499997837 ], [ 139.118289453995203, -3.777776641079072, -0.000023499997837 ], [ 139.116470042758351, -3.773294151104153, -0.000023499997837 ], [ 139.118199107203054, -3.766637520405197, -0.000023499997837 ], [ 139.117637396948339, -3.762042930836515, -0.000023499997837 ], [ 139.110100318275158, -3.758466724559639, -0.000023499997837 ], [ 139.10985941058334, -3.752680800378585, -0.000023499997837 ], [ 139.105115977820219, -3.748142845615803, -0.000023499997837 ], [ 139.105773632247406, -3.745790220042579, -0.000023499997837 ], [ 139.111897599894405, -3.740813802614866, -0.000023499997837 ], [ 139.115120228715682, -3.740676085832661, -0.000023499997837 ], [ 139.12273783538285, -3.735131602641275, -0.000023499997837 ], [ 139.125109415067527, -3.735209205140677, -0.000023499997837 ], [ 139.125393841852429, -3.738601685319452, -0.000023499997837 ], [ 139.127418921745857, -3.740194540245795, -0.000023499997837 ], [ 139.126599981104278, -3.744359386076781, -0.000023499997837 ], [ 139.127527631794806, -3.750003205683356, -0.000023499997837 ], [ 139.12924998999506, -3.751739570824498, -0.000023499997837 ], [ 139.13477166458074, -3.75373696239086, -0.000023499997837 ], [ 139.135322035283821, -3.756650403393337, -0.000023499997837 ], [ 139.149522312404883, -3.760075156643097, -0.000023499997837 ], [ 139.153427916065539, -3.762760170745253, -0.000023499997837 ], [ 139.157302181050909, -3.762219386815218, -0.000023499997837 ], [ 139.159832720403756, -3.758478728710315, -0.000023499997837 ], [ 139.166489238687518, -3.753663220681062, -0.000023499997837 ], [ 139.183582840775557, -3.753977499561927, -0.000023499997837 ], [ 139.189932702832039, -3.751331400024071, -0.000023499997837 ], [ 139.191107829862517, -3.747062767932334, -0.000023499997837 ], [ 139.196361403955734, -3.74864703073581, -0.000023499997837 ], [ 139.208556790063881, -3.740579120030304, -0.000023499997837 ], [ 139.212214081914453, -3.74367915327025, -0.000023499997837 ], [ 139.222426219194745, -3.745933518916729, -0.000023499997837 ], [ 139.236845724051022, -3.755781441560259, -0.000023499997837 ], [ 139.238035387723016, -3.758280635942526, -0.000023499997837 ], [ 139.247329158014281, -3.760208297674751, -0.000023499997837 ], [ 139.263134471378862, -3.771287882329887, -0.000023499997837 ], [ 139.269168829677824, -3.768842569928609, -0.000023499997837 ], [ 139.276812606616545, -3.772479061359547, -0.000023499997837 ], [ 139.28533359127232, -3.773852554551695, -0.000023499997837 ], [ 139.289043607676376, -3.770287256151903, -0.000023499997837 ], [ 139.287942938216133, -3.767264259737772, -0.000023499997837 ], [ 139.290432290417925, -3.763964625566985, -0.000023499997837 ], [ 139.292125101392344, -3.756888728232184, -0.000023499997837 ], [ 139.279057967351378, -3.747254363997627, -0.000023499997837 ], [ 139.279463485151837, -3.739065385658989, -0.000023499997837 ], [ 139.284681583688212, -3.728737746649642, -0.000023499997837 ], [ 139.28505455142647, -3.724346870611555, -0.000023499997837 ], [ 139.293740678589529, -3.722806480334725, -0.000023499997837 ], [ 139.303735456026516, -3.7325774965542, -0.000023499997837 ], [ 139.311874306154323, -3.730594520220905, -0.000023499997837 ], [ 139.309375357286967, -3.727885221725558, -0.000023499997837 ], [ 139.303662917609586, -3.725670755400984, -0.000023499997837 ], [ 139.30104931417452, -3.727222192050476, -0.000023499997837 ], [ 139.299070180644435, -3.723253309392646, -0.000023499997837 ], [ 139.293995793770932, -3.719009389771486, -0.000023499997837 ], [ 139.286321944402289, -3.720040836615283, -0.000023499997837 ], [ 139.284725741300008, -3.717395257784858, -0.000023499997837 ], [ 139.280855364083891, -3.719377381560889, -0.000023499997837 ], [ 139.273728766569434, -3.719301001240183, -0.000023499997837 ], [ 139.272406838704683, -3.721271768377335, -0.000023499997837 ], [ 139.268751937252205, -3.720773908189244, -0.000023499997837 ], [ 139.267522117951444, -3.724461787781252, -0.000023499997837 ], [ 139.260027840712382, -3.719136841691864, -0.000023499997837 ], [ 139.261227270122504, -3.716866329617346, -0.000023499997837 ], [ 139.26597403667256, -3.715707669173526, -0.000023499997837 ], [ 139.271785947663375, -3.706845834267767, -0.000023499997837 ], [ 139.271640210727242, -3.704641360310461, -0.000023499997837 ], [ 139.274079342987307, -3.703986767175536, -0.000023499997837 ], [ 139.275040985353257, -3.701275794142532, -0.000023499997837 ], [ 139.283699522215215, -3.694265582390642, -0.000023499997837 ], [ 139.28751929997577, -3.684885464592469, -0.000023499997837 ], [ 139.288559448659726, -3.677399989018227, -0.000023499997837 ], [ 139.286041649102913, -3.675694510193466, -0.000023499997837 ], [ 139.28867638031079, -3.670762524670749, -0.000023499997837 ], [ 139.2886459679371, -3.667114057867423, -0.000023499997837 ], [ 139.321724323318904, -3.629214583586133, -0.000023499997837 ], [ 139.326757209177913, -3.636329090614993, -0.000023499997837 ], [ 139.328282453072802, -3.643636629926505, -0.000023499997837 ], [ 139.331914381343722, -3.646304942718871, -0.000023499997837 ], [ 139.333869252963723, -3.655837816661858, -0.000023499997837 ], [ 139.336818003148437, -3.65195716199338, -0.000023499997837 ], [ 139.341147460886646, -3.650984582972058, -0.000023499997837 ], [ 139.343910951629141, -3.647221708914685, -0.000023499997837 ], [ 139.346593587024472, -3.646642625556694, -0.000023499997837 ], [ 139.351170668591521, -3.640796986391763, -0.000023499997837 ], [ 139.360632362993215, -3.633305514138101, -0.000023499997837 ], [ 139.367399622894368, -3.623199337679239, -0.000023499997837 ], [ 139.366447837997384, -3.614823635802111, -0.000023499997837 ], [ 139.368351406891975, -3.610255069915524, -0.000023499997837 ], [ 139.371206759784172, -3.607970788321154, -0.000023499997837 ], [ 139.380343889758819, -3.607970788321154, -0.000023499997837 ], [ 139.383579957149323, -3.610255069915524, -0.000023499997837 ], [ 139.395001369617603, -3.611587569310814, -0.000023499997837 ], [ 139.406422782985146, -3.607970788321154, -0.000023499997837 ], [ 139.411260963822542, -3.59866855900674, -0.000023499997837 ], [ 139.417769908754394, -3.60039114833279, -0.000023499997837 ], [ 139.42246206757045, -3.583825915033913, -0.000023499997837 ], [ 139.424635907021525, -3.580409871718132, -0.000023499997837 ], [ 139.433983192370533, -3.574228602867663, -0.000023499997837 ], [ 139.435189292951577, -3.570007249035257, -0.000023499997837 ], [ 139.43609386883702, -3.549886906655388, -0.000023499997837 ], [ 139.431037514269974, -3.53025635394755, -0.000023499997837 ], [ 139.436391300718014, -3.509733502898769, -0.000023499997837 ], [ 139.458401315668198, -3.486831191406338, -0.000023499997837 ], [ 139.463757863034971, -3.472070061983743, -0.000023499997837 ], [ 139.463643442291072, -3.46016465687336, -0.000023499997837 ], [ 139.474959422739289, -3.460087882649646, -0.000023499997837 ], [ 139.483251225064009, -3.467360343005396, -0.000023499997837 ], [ 139.486294014657119, -3.472727074294994, -0.000023499997837 ], [ 139.484428410642749, -3.480509965562419, -0.000023499997837 ], [ 139.468550233306701, -3.489345603216975, -0.000023499997837 ], [ 139.466403047962331, -3.493307245432959, -0.000023499997837 ], [ 139.466186805976349, -3.498572353331383, -0.000023499997837 ], [ 139.472393666834364, -3.522078967870016, -0.000023499997837 ], [ 139.478977677278067, -3.523054304212735, -0.000023499997837 ], [ 139.484825412762689, -3.518504447821954, -0.000023499997837 ], [ 139.485836139226535, -3.512254674913265, -0.000023499997837 ], [ 139.483620930061988, -3.502899973754722, -0.000023499997837 ], [ 139.486309858013556, -3.492809905952356, -0.000023499997837 ], [ 139.4903580338962, -3.488899404583833, -0.000023499997837 ], [ 139.496000655605826, -3.486949961271648, -0.000023499997837 ], [ 139.500000026180373, -3.48899942268514, -0.000023499997837 ], [ 139.505123282213731, -3.497731896409846, -0.000023499997837 ], [ 139.497966876670034, -3.506718686717988, -0.000023499997837 ], [ 139.497119008435561, -3.511139442731064, -0.000023499997837 ], [ 139.498749195119331, -3.516343652137778, -0.000023499997837 ], [ 139.505472760559542, -3.522455240616807, -0.000023499997837 ], [ 139.519837458032271, -3.524982432693093, -0.000023499997837 ], [ 139.518524234705751, -3.529416734294784, -0.000023499997837 ], [ 139.508630810863338, -3.53710502857416, -0.000023499997837 ], [ 139.50621530469266, -3.542481638916456, -0.000023499997837 ], [ 139.511648396056671, -3.551616704946923, -0.000023499997837 ], [ 139.513578797123841, -3.553573189950725, -0.000023499997837 ], [ 139.51752076037485, -3.553559022031209, -0.000023499997837 ], [ 139.517630085560086, -3.555520324703195, -0.000023499997837 ], [ 139.513407415120128, -3.55880120531134, -0.000023499997837 ], [ 139.514231927961191, -3.561046129874967, -0.000023499997837 ], [ 139.507529670158192, -3.563662917809381, -0.000023499997837 ], [ 139.508137438292238, -3.560636103773106, -0.000023499997837 ], [ 139.506714172121406, -3.558777296834762, -0.000023499997837 ], [ 139.504900684718905, -3.562653568207566, -0.000023499997837 ], [ 139.507059913784019, -3.572259092083414, -0.000023499997837 ], [ 139.510560192099206, -3.575688960676928, -0.000023499997837 ], [ 139.513067501963747, -3.574513465823713, -0.000023499997837 ], [ 139.512811769847417, -3.57768359761991, -0.000023499997837 ], [ 139.516254212761737, -3.577672421744808, -0.000023499997837 ], [ 139.518069852241979, -3.586654878220031, -0.000023499997837 ], [ 139.521125714380332, -3.58958589916989, -0.000023499997837 ], [ 139.522356231554909, -3.595900196636705, -0.000023499997837 ], [ 139.517150734318989, -3.600240455232779, -0.000023499997837 ], [ 139.519263759814748, -3.604957017152572, -0.000023499997837 ], [ 139.521600774056537, -3.606163121330951, -0.000023499997837 ], [ 139.518719823760875, -3.607803677197921, -0.000023499997837 ], [ 139.518827900687143, -3.611664651102728, -0.000023499997837 ], [ 139.520070657634847, -3.615711694738877, -0.000023499997837 ], [ 139.522898246656837, -3.617024323613578, -0.000023499997837 ], [ 139.521538153363167, -3.61932165886742, -0.000023499997837 ], [ 139.523348377126013, -3.622194850711765, -0.000023499997837 ], [ 139.521412654770302, -3.624463692745167, -0.000023499997837 ], [ 139.525137965944396, -3.62844731439202, -0.000023499997837 ], [ 139.523641482368589, -3.631113626192871, -0.000023499997837 ], [ 139.527903160002893, -3.63351402465247, -0.000023499997837 ], [ 139.525092147284795, -3.635851153108206, -0.000023499997837 ], [ 139.52473649329454, -3.63866459579441, -0.000023499997837 ], [ 139.521497260290403, -3.639834076881073, -0.000023499997837 ], [ 139.517987340343552, -3.647422552708576, -0.000023499997837 ], [ 139.515021594770815, -3.649429465397475, -0.000023499997837 ], [ 139.517862982990323, -3.657288653348644, -0.000023499997837 ], [ 139.521103232228484, -3.659732549317653, -0.000023499997837 ], [ 139.52348749055534, -3.664711137708764, -0.000023499997837 ], [ 139.52499686321471, -3.664478894085619, -0.000023499997837 ], [ 139.524778428681657, -3.667389301674859, -0.000023499997837 ], [ 139.532645161944743, -3.665595012999404, -0.000023499997837 ], [ 139.536817392109015, -3.669572940139005, -0.000023499997837 ], [ 139.543137551356949, -3.671262500963621, -0.000023499997837 ], [ 139.543796893811646, -3.674087538608944, -0.000023499997837 ], [ 139.549680364757137, -3.677200350315843, -0.000023499997837 ], [ 139.552527602167174, -3.681515578980736, -0.000023499997837 ], [ 139.558470287174032, -3.681823935825946, -0.000023499997837 ], [ 139.560394506301463, -3.679032524731213, -0.000023499997837 ], [ 139.56162554868024, -3.682029081077189, -0.000023499997837 ], [ 139.568867119122274, -3.686342165758276, -0.000023499997837 ], [ 139.573448501247412, -3.694789744151308, -0.000023499997837 ], [ 139.580999323360174, -3.695764834979116, -0.000023499997837 ], [ 139.582706146671399, -3.699866689595979, -0.000023499997837 ], [ 139.58481062860767, -3.699618667367531, -0.000023499997837 ], [ 139.58649522877181, -3.702397177687544, -0.000023499997837 ], [ 139.592611277888182, -3.70513678873175, -0.000023499997837 ], [ 139.592577173797622, -3.712276976800979, -0.000023499997837 ], [ 139.595676337393115, -3.72258198796834, -0.000023499997837 ], [ 139.595134323190564, -3.727187060034737, -0.000023499997837 ], [ 139.601853230142524, -3.726476885200043, -0.000023499997837 ], [ 139.606326520052903, -3.714340160070265, -0.000023499997837 ], [ 139.609333838585826, -3.711000181413169, -0.000023499997837 ], [ 139.618081736582894, -3.709438705631726, -0.000023499997837 ], [ 139.618234096126685, -3.706661682790354, -0.000023499997837 ], [ 139.62156850078577, -3.706925342430566, -0.000023499997837 ], [ 139.621936445810434, -3.709746589433507, -0.000023499997837 ], [ 139.623222326149516, -3.705980809666585, -0.000023499997837 ], [ 139.62068413626389, -3.698253079216158, -0.000023499997837 ], [ 139.625376131403414, -3.69240019241488, -0.000023499997837 ], [ 139.625951801834276, -3.688077438223161, -0.000023499997837 ], [ 139.623593329768369, -3.685610042969074, -0.000023499997837 ], [ 139.62442168900975, -3.680254269019258, -0.000023499997837 ], [ 139.622541471911518, -3.671452849669208, -0.000023499997837 ], [ 139.626019092706997, -3.664193208249912, -0.000023499997837 ], [ 139.631259753434961, -3.665683029648051, -0.000023499997837 ], [ 139.633972098833397, -3.661994441390334, -0.000023499997837 ], [ 139.636751955438513, -3.664531372224985, -0.000023499997837 ], [ 139.662822970603656, -3.664316059238672, -0.000023499997837 ], [ 139.666087497040394, -3.658510796935673, -0.000023499997837 ], [ 139.67476292317042, -3.651381357563537, -0.000023499997837 ], [ 139.694753835121446, -3.643967771095731, -0.000023499997837 ], [ 139.703614203232974, -3.637303784841777, -0.000023499997837 ], [ 139.697437422898815, -3.625773145214453, -0.000023499997837 ], [ 139.69900238265393, -3.623174130581617, -0.000023499997837 ], [ 139.696391057201595, -3.619756654645869, -0.000023499997837 ], [ 139.697218525214794, -3.616884245211679, -0.000023499997837 ], [ 139.695779826677722, -3.612377725351678, -0.000023499997837 ], [ 139.697924037064695, -3.608987971917315, -0.000023499997837 ], [ 139.69402048475763, -3.606189553305171, -0.000023499997837 ], [ 139.692337131953195, -3.601148353213887, -0.000023499997837 ], [ 139.689534347132508, -3.599949441813237, -0.000023499997837 ], [ 139.690721293952606, -3.595396670719708, -0.000023499997837 ], [ 139.695776777975993, -3.597009917773448, -0.000023499997837 ], [ 139.692746342369901, -3.593092632818696, -0.000023499997837 ], [ 139.696490792915824, -3.591736506434586, -0.000023499997837 ], [ 139.692904408111986, -3.589737509578356, -0.000023499997837 ], [ 139.696178625643142, -3.586923124402631, -0.000023499997837 ], [ 139.694464345153506, -3.583726509370877, -0.000023499997837 ], [ 139.697025583763775, -3.579531057812005, -0.000023499997837 ], [ 139.698242721724341, -3.581518141349079, -0.000023499997837 ], [ 139.702538907244843, -3.580519963125766, -0.000023499997837 ], [ 139.700284785314693, -3.575968204668868, -0.000023499997837 ], [ 139.697040871339254, -3.577461642240962, -0.000023499997837 ], [ 139.695877198074299, -3.575071780238432, -0.000023499997837 ], [ 139.698235655750977, -3.573121157915068, -0.000023499997837 ], [ 139.698294864416539, -3.570495140238506, -0.000023499997837 ], [ 139.696708585332999, -3.569858945433964, -0.000023499997837 ], [ 139.697655905995362, -3.566260054657732, -0.000023499997837 ], [ 139.701027295273548, -3.564027320404477, -0.000023499997837 ], [ 139.697749268214238, -3.563875836800378, -0.000023499997837 ], [ 139.696635649415725, -3.561686582070081, -0.000023499997837 ], [ 139.701036784919779, -3.562428508368896, -0.000023499997837 ], [ 139.702825236995182, -3.559175238746207, -0.000023499997837 ], [ 139.699217049027652, -3.558683350955846, -0.000023499997837 ], [ 139.696144372265053, -3.554999244919145, -0.000023499997837 ], [ 139.69318206569983, -3.55650952589383, -0.000023499997837 ], [ 139.691106162419487, -3.551488919378073, -0.000023499997837 ], [ 139.693126109882087, -3.548632662667217, -0.000023499997837 ], [ 139.684132603436979, -3.550418626318503, -0.000023499997837 ], [ 139.682947823083623, -3.546461832347632, -0.000023499997837 ], [ 139.675016556269156, -3.537107501709784, -0.000023499997837 ], [ 139.675171065192558, -3.531792473343899, -0.000023499997837 ], [ 139.679290574400511, -3.528638734390029, -0.000023499997837 ], [ 139.685738182870864, -3.529030299208898, -0.000023499997837 ], [ 139.695241146261992, -3.539755682278894, -0.000023499997837 ], [ 139.702546341040829, -3.542796855790243, -0.000023499997837 ], [ 139.707389478042046, -3.538126152999496, -0.000023499997837 ], [ 139.711138426097591, -3.525055062840806, -0.000023499997837 ], [ 139.718735003018082, -3.521623815586565, -0.000023499997837 ], [ 139.723010774827458, -3.526916517383313, -0.000023499997837 ], [ 139.725747740066254, -3.544076643222468, -0.000023499997837 ], [ 139.729447190335577, -3.545833637012663, -0.000023499997837 ], [ 139.735976003989435, -3.545656910338096, -0.000023499997837 ], [ 139.737130103071877, -3.54835172075525, -0.000023499997837 ], [ 139.744991845097616, -3.544346002765792, -0.000023499997837 ], [ 139.742310573973896, -3.538471113151331, -0.000023499997837 ], [ 139.746755536139176, -3.53583607887191, -0.000023499997837 ], [ 139.747351647260757, -3.53329304433845, -0.000023499997837 ], [ 139.744475885154088, -3.529260805341835, -0.000023499997837 ], [ 139.751420720689794, -3.526326187103791, -0.000023499997837 ], [ 139.752230594366551, -3.515956270965091, -0.000023499997837 ], [ 139.754194403448992, -3.512213631653708, -0.000023499997837 ], [ 139.757813532568548, -3.510104755629925, -0.000023499997837 ], [ 139.767351692726493, -3.511517274002927, -0.000023499997837 ], [ 139.777814007010875, -3.515372057874117, -0.000023499997837 ], [ 139.78273602534739, -3.52155282400355, -0.000023499997837 ], [ 139.781765563330168, -3.52607458827157, -0.000023499997837 ], [ 139.7755469977958, -3.526059216159865, -0.000023499997837 ], [ 139.775486003076594, -3.528988334144231, -0.000023499997837 ], [ 139.773103988558319, -3.531173987989121, -0.000023499997837 ], [ 139.778627568807337, -3.539279418410388, -0.000023499997837 ], [ 139.780161233953891, -3.54518256022692, -0.000023499997837 ], [ 139.777901307799198, -3.548689822677147, -0.000023499997837 ], [ 139.773708029901741, -3.551140606553702, -0.000023499997837 ], [ 139.770217940905354, -3.561845870890181, -0.000023499997837 ], [ 139.780915543017954, -3.570064658157378, -0.000023499997837 ], [ 139.801211719944945, -3.565000341892244, -0.000023499997837 ], [ 139.806455192852923, -3.56696397021102, -0.000023499997837 ], [ 139.806197412081019, -3.573135036252893, -0.000023499997837 ], [ 139.79800773317038, -3.582776211952591, -0.000023499997837 ], [ 139.797633633185683, -3.588627533933504, -0.000023499997837 ], [ 139.799527971438806, -3.591891332818705, -0.000023499997837 ], [ 139.803848218320695, -3.591556951392135, -0.000023499997837 ], [ 139.813007798071453, -3.58260917457369, -0.000023499997837 ], [ 139.821202460125505, -3.577402699774723, -0.000023499997837 ], [ 139.828067437662185, -3.5788350203199, -0.000023499997837 ], [ 139.835317952761329, -3.586670312384967, -0.000023499997837 ], [ 139.83878529970184, -3.58808354661835, -0.000023499997837 ], [ 139.855384387979143, -3.584482832916365, -0.000023499997837 ], [ 139.86363510027968, -3.585745955911079, -0.000023499997837 ], [ 139.867320671311973, -3.588446992334809, -0.000023499997837 ], [ 139.875818145890776, -3.601225801929161, -0.000023499997837 ], [ 139.871767111063377, -3.604031260434283, -0.000023499997837 ], [ 139.868928297602906, -3.602669576239919, -0.000023499997837 ], [ 139.86484856810705, -3.603173038305044, -0.000023499997837 ], [ 139.85549147475183, -3.609503266362594, -0.000023499997837 ], [ 139.859119043109445, -3.613456629419886, -0.000023499997837 ], [ 139.861202937765484, -3.613728489977802, -0.000023499997837 ], [ 139.866698227141569, -3.609676027926298, -0.000023499997837 ], [ 139.871508938187048, -3.610570397405866, -0.000023499997837 ], [ 139.874279906792367, -3.609018254788566, -0.000023499997837 ], [ 139.880060033943437, -3.611177305787976, -0.000023499997837 ], [ 139.881669696299468, -3.608244666058454, -0.000023499997837 ], [ 139.888253103298098, -3.620941061780513, -0.000023499997837 ], [ 139.890291092959615, -3.622128174975273, -0.000023499997837 ], [ 139.895757416072001, -3.62110182279082, -0.000023499997837 ], [ 139.899074911677872, -3.623228592625424, -0.000023499997837 ], [ 139.900786737917656, -3.625349106775786, -0.000023499997837 ], [ 139.900196259250038, -3.629846779105549, -0.000023499997837 ], [ 139.907761291550401, -3.634725784667182, -0.000023499997837 ], [ 139.908459255390426, -3.640935720307198, -0.000023499997837 ], [ 139.912793607239223, -3.646690542334625, -0.000023499997837 ], [ 139.910888021165306, -3.65240164831738, -0.000023499997837 ], [ 139.91378265374658, -3.652134141377473, -0.000023499997837 ], [ 139.92530275242018, -3.644017964957072, -0.000023499997837 ], [ 139.930229297943811, -3.623853632239275, -0.000023499997837 ], [ 139.935998031583949, -3.622411448829268, -0.000023499997837 ], [ 139.940676450557817, -3.615880726814055, -0.000023499997837 ], [ 139.952110097403192, -3.612490039883369, -0.000023499997837 ], [ 139.964504183321424, -3.611605161848672, -0.000023499997837 ], [ 139.967505881990974, -3.612664861793917, -0.000023499997837 ], [ 139.969075672004692, -3.619753897324472, -0.000023499997837 ], [ 139.964299546187135, -3.623297495982627, -0.000023499997837 ], [ 139.958348126964552, -3.631439830983368, -0.000023499997837 ], [ 139.957513880761098, -3.639415735647617, -0.000023499997837 ], [ 139.960698257818422, -3.64176283488689, -0.000023499997837 ], [ 139.970000298275181, -3.641082570604112, -0.000023499997837 ], [ 139.979534904312459, -3.654208871042499, -0.000023499997837 ], [ 139.989427051117559, -3.65747462865113, -0.000023499997837 ], [ 139.989241591126643, -3.66147978996031, -0.000023499997837 ], [ 139.996363960928079, -3.674905635686514, -0.000023499997837 ], [ 139.999017058090772, -3.677157715256328, -0.000023499997837 ], [ 140.000000027879082, -3.683929155206329, -0.000023499997837 ], [ 140.003784188889313, -3.689334974629332, -0.000023499997837 ], [ 139.999265988634534, -3.694722750054837, -0.000023499997837 ], [ 139.999070548866825, -3.697556542600296, -0.000023499997837 ], [ 140.001359915228022, -3.701052116561868, -0.000023499997837 ], [ 140.01006874217876, -3.703764702079297, -0.000023499997837 ], [ 140.019681764601842, -3.70152800901036, -0.000023499997837 ], [ 140.022302139032604, -3.698296225989964, -0.000023499997837 ], [ 140.022325982757934, -3.690010228788992, -0.000023499997837 ], [ 140.025685215900012, -3.687316583893164, -0.000023499997837 ], [ 140.021520672241309, -3.683209727247061, -0.000023499997837 ], [ 140.021167200905666, -3.680039408391963, -0.000023499997837 ], [ 140.027340393844156, -3.675097646339282, -0.000023499997837 ], [ 140.037445244702326, -3.67381327865985, -0.000023499997837 ], [ 140.038946836427385, -3.670410030898154, -0.000023499997837 ], [ 140.043426867655853, -3.674066959422589, -0.000023499997837 ], [ 140.050203732316504, -3.673394798031438, -0.000023499997837 ], [ 140.051608563284617, -3.665777632032018, -0.000023499997837 ], [ 140.05519902561457, -3.658467002650013, -0.000023499997837 ], [ 140.061479745094175, -3.650875102204168, -0.000023499997837 ], [ 140.064730851847344, -3.64910788132363, -0.000023499997837 ], [ 140.07203803322875, -3.6581074671858, -0.000023499997837 ], [ 140.073879288998, -3.658545009844261, -0.000023499997837 ], [ 140.073587467987295, -3.664392516001783, -0.000023499997837 ], [ 140.075528186077008, -3.670661153989045, -0.000023499997837 ], [ 140.082317405623826, -3.675049118921663, -0.000023499997837 ], [ 140.087111815557932, -3.682641949266497, -0.000023499997837 ], [ 140.091336651565257, -3.683753603046284, -0.000023499997837 ], [ 140.097907263909178, -3.678247821279854, -0.000023499997837 ], [ 140.101942848383828, -3.682113769334933, -0.000023499997837 ], [ 140.10704761255738, -3.682606105887032, -0.000023499997837 ], [ 140.107073288201718, -3.688919708177934, -0.000023499997837 ], [ 140.109987153684301, -3.691975549631877, -0.000023499997837 ], [ 140.116947784912441, -3.692236531090998, -0.000023499997837 ], [ 140.119745590186881, -3.690781389349581, -0.000023499997837 ], [ 140.125580136214353, -3.695509166714601, -0.000023499997837 ], [ 140.12181421975049, -3.699728066297155, -0.000023499997837 ], [ 140.114702672390536, -3.700683449381643, -0.000023499997837 ], [ 140.110682514886207, -3.703982918077145, -0.000023499997837 ], [ 140.107069505653271, -3.704295089846482, -0.000023499997837 ], [ 140.100787190776259, -3.707853863664809, -0.000023499997837 ], [ 140.102715088130822, -3.711363345641814, -0.000023499997837 ], [ 140.098477063565724, -3.715015791045857, -0.000023499997837 ], [ 140.094232373225509, -3.725160822713747, -0.000023499997837 ], [ 140.089775831389602, -3.724484563112071, -0.000023499997837 ], [ 140.085905648427001, -3.721327035314403, -0.000023499997837 ], [ 140.083399431238831, -3.721759055236191, -0.000023499997837 ], [ 140.081015977805237, -3.719090288286111, -0.000023499997837 ], [ 140.072090677742608, -3.71995452598054, -0.000023499997837 ], [ 140.070061330565977, -3.722036899882994, -0.000023499997837 ], [ 140.065250510702526, -3.720240748711547, -0.000023499997837 ], [ 140.061509005436278, -3.722205860911686, -0.000023499997837 ], [ 140.05658913108357, -3.719295291444496, -0.000023499997837 ], [ 140.05572283124377, -3.722296919966823, -0.000023499997837 ], [ 140.050599841409621, -3.722014689326386, -0.000023499997837 ], [ 140.05280839738964, -3.725405238660812, -0.000023499997837 ], [ 140.049707889307683, -3.728021011260637, -0.000023499997837 ], [ 140.047370882260452, -3.724978693811636, -0.000023499997837 ], [ 140.042878512333573, -3.724665403285712, -0.000023499997837 ], [ 140.040828864760329, -3.717703286377514, -0.000023499997837 ], [ 140.035658609257439, -3.71670973966269, -0.000023499997837 ], [ 140.028557672998318, -3.710515409958134, -0.000023499997837 ], [ 140.022194345392791, -3.72283492499173, -0.000023499997837 ], [ 140.014074164291287, -3.726832266695681, -0.000023499997837 ], [ 140.009908928154573, -3.734944546353688, -0.000023499997837 ], [ 140.000000008093934, -3.738233716013156, -0.000023499997837 ], [ 139.996829264758844, -3.737329602379191, -0.000023499997837 ], [ 139.993861600032915, -3.741919536157639, -0.000023499997837 ], [ 139.98761935894629, -3.740822729285469, -0.000023499997837 ], [ 139.985221796948395, -3.741844851958319, -0.000023499997837 ], [ 139.970709294098697, -3.731280569842397, -0.000023499997837 ], [ 139.962592852378293, -3.713039762874701, -0.000023499997837 ], [ 139.953311915412655, -3.702358315283959, -0.000023499997837 ], [ 139.94910942036347, -3.701957204161602, -0.000023499997837 ], [ 139.939231883944331, -3.697389295679386, -0.000023499997837 ], [ 139.939990668934342, -3.694517362885961, -0.000023499997837 ], [ 139.937619047880844, -3.692490886345297, -0.000023499997837 ], [ 139.932016519746639, -3.692535641106929, -0.000023499997837 ], [ 139.931373618697648, -3.693743344279881, -0.000023499997837 ], [ 139.92940290462036, -3.692471889965702, -0.000023499997837 ], [ 139.923640122693541, -3.696022199364961, -0.000023499997837 ], [ 139.917668627904959, -3.696954606569818, -0.000023499997837 ], [ 139.910143594751162, -3.691540292150705, -0.000023499997837 ], [ 139.905111586630483, -3.689784602377472, -0.000023499997837 ], [ 139.901914582192262, -3.69064411323518, -0.000023499997837 ], [ 139.899190325273366, -3.687019813913253, -0.000023499997837 ], [ 139.878129372072976, -3.694258690885817, -0.000023499997837 ], [ 139.874074811903142, -3.685136075069749, -0.000023499997837 ], [ 139.864194657557505, -3.686668171798658, -0.000023499997837 ], [ 139.857843119164727, -3.691227507043777, -0.000023499997837 ], [ 139.854523687318419, -3.701570888685524, -0.000023499997837 ], [ 139.848030544374183, -3.70300941275417, -0.000023499997837 ], [ 139.840112960744591, -3.710465449021228, -0.000023499997837 ], [ 139.840350907868128, -3.713035267163775, -0.000023499997837 ], [ 139.845680900053594, -3.720649541842818, -0.000023499997837 ], [ 139.844491169831713, -3.726122302302372, -0.000023499997837 ], [ 139.840446085818257, -3.728501762746134, -0.000023499997837 ], [ 139.83792385710035, -3.735259433176225, -0.000023499997837 ], [ 139.835687164031469, -3.736829876997206, -0.000023499997837 ], [ 139.823456734041088, -3.732404080284027, -0.000023499997837 ], [ 139.819075262213687, -3.736119302863472, -0.000023499997837 ], [ 139.824297604650837, -3.737422951108272, -0.000023499997837 ], [ 139.834253626703571, -3.746743937582607, -0.000023499997837 ], [ 139.83619397337327, -3.746773998321316, -0.000023499997837 ], [ 139.836570179570231, -3.741962723400945, -0.000023499997837 ], [ 139.840428729802056, -3.742012914564327, -0.000023499997837 ], [ 139.8500046785731, -3.754702786604298, -0.000023499997837 ], [ 139.852230318074817, -3.755537638051521, -0.000023499997837 ], [ 139.850650993448653, -3.756775724819818, -0.000023499997837 ], [ 139.842489099092745, -3.782586622774375, -0.000023499997837 ], [ 139.834342118194286, -3.796780892424181, -0.000023499997837 ], [ 139.833146678176718, -3.797342147621976, -0.000023499997837 ], [ 139.829903484558258, -3.793809561162277, -0.000023499997837 ], [ 139.828717326443552, -3.786118485279815, -0.000023499997837 ], [ 139.820869221737212, -3.785231483046459, -0.000023499997837 ], [ 139.800893252021979, -3.774311555034217, -0.000023499997837 ], [ 139.793256087798227, -3.771984508877949, -0.000023499997837 ], [ 139.81737913903612, -3.754395541321117, -0.000023499997837 ], [ 139.814351715259477, -3.751292452184884, -0.000023499997837 ], [ 139.824581777826893, -3.75239759307442, -0.000023499997837 ], [ 139.821881699181176, -3.744918853422291, -0.000023499997837 ], [ 139.815892212555582, -3.737345236193676, -0.000023499997837 ], [ 139.806277026363773, -3.751154231782323, -0.000023499997837 ], [ 139.801232568927958, -3.749298253211748, -0.000023499997837 ], [ 139.790382225958979, -3.757388420339282, -0.000023499997837 ], [ 139.788002764615953, -3.763670197421618, -0.000023499997837 ], [ 139.788417251355099, -3.77235774191621, -0.000023499997837 ], [ 139.778262272286156, -3.776047679157045, -0.000023499997837 ], [ 139.764540986677275, -3.771505888785669, -0.000023499997837 ], [ 139.766876651936059, -3.778274628970905, -0.000023499997837 ], [ 139.764659011903973, -3.78589787708529, -0.000023499997837 ], [ 139.758677382655151, -3.78957053295369, -0.000023499997837 ], [ 139.756953047745014, -3.792425206857786, -0.000023499997837 ], [ 139.752201082214242, -3.792436001420299, -0.000023499997837 ], [ 139.751468733695219, -3.795801848176723, -0.000023499997837 ], [ 139.74723424706292, -3.798317656634481, -0.000023499997837 ], [ 139.750515243683594, -3.803484039656666, -0.000023499997837 ], [ 139.75503868788519, -3.801228084908132, -0.000023499997837 ], [ 139.756164606711309, -3.804604020259262, -0.000023499997837 ], [ 139.754615110798795, -3.808032038947374, -0.000023499997837 ], [ 139.756634522265472, -3.809273444214057, -0.000023499997837 ], [ 139.749606505735755, -3.826507507815165, -0.000023499997837 ], [ 139.744143270895279, -3.828935323006704, -0.000023499997837 ], [ 139.741173704103176, -3.827107897011786, -0.000023499997837 ], [ 139.735782797238357, -3.828158666689092, -0.000023499997837 ], [ 139.733178714925771, -3.829849036004134, -0.000023499997837 ], [ 139.732630487307233, -3.832179004057764, -0.000023499997837 ], [ 139.728838577738202, -3.832316060737583, -0.000023499997837 ], [ 139.727605064921818, -3.837569910922582, -0.000023499997837 ], [ 139.729295434236974, -3.844925301361513, -0.000023499997837 ], [ 139.72614312430585, -3.848123295953314, -0.000023499997837 ], [ 139.72148318819859, -3.861874677374431, -0.000023499997837 ], [ 139.716457765813288, -3.866900098860413, -0.000023499997837 ], [ 139.714432369358406, -3.87692048539202, -0.000023499997837 ], [ 139.711508487226979, -3.88281393431555, -0.000023499997837 ], [ 139.71068614624869, -3.884047447131934, -0.000023499997837 ], [ 139.701457644254901, -3.88345353305408, -0.000023499997837 ], [ 139.69542713775229, -3.886377415185507, -0.000023499997837 ], [ 139.694427572774316, -3.890885051104192, -0.000023499997837 ], [ 139.695498468379697, -3.891572032423312, -0.000023499997837 ], [ 139.692803481695364, -3.893506511915973, -0.000023499997837 ], [ 139.694766460703704, -3.896415580414669, -0.000023499997837 ], [ 139.693372557397652, -3.897935608241653, -0.000023499997837 ], [ 139.691595203855627, -3.896200885262601, -0.000023499997837 ], [ 139.690598481634652, -3.898391719202436, -0.000023499997837 ], [ 139.692973426582398, -3.900808840555499, -0.000023499997837 ], [ 139.691124329624131, -3.901121650843493, -0.000023499997837 ], [ 139.692041014880942, -3.905651423574284, -0.000023499997837 ], [ 139.689167902177019, -3.907033954053702, -0.000023499997837 ], [ 139.68668362305084, -3.903881094636745, -0.000023499997837 ], [ 139.686997651020874, -3.909571653808712, -0.000023499997837 ], [ 139.684466460558724, -3.908986362430653, -0.000023499997837 ], [ 139.684273074842622, -3.910681507145796, -0.000023499997837 ], [ 139.681411086752291, -3.910914866827568, -0.000023499997837 ], [ 139.680847101212862, -3.914858330147752, -0.000023499997837 ], [ 139.678599651352897, -3.912902569997584, -0.000023499997837 ], [ 139.677039787156559, -3.918053948730687, -0.000023499997837 ], [ 139.674551922433352, -3.916957012356193, -0.000023499997837 ], [ 139.674255553551006, -3.919219551940728, -0.000023499997837 ], [ 139.670536284921695, -3.920378091875421, -0.000023499997837 ], [ 139.67085569083747, -3.924741340740241, -0.000023499997837 ], [ 139.672989705610462, -3.92535968490148, -0.000023499997837 ], [ 139.670764263060391, -3.928826273713526, -0.000023499997837 ], [ 139.669781369714542, -3.926838849333365, -0.000023499997837 ], [ 139.666630317035583, -3.928722502741266, -0.000023499997837 ], [ 139.664759181291288, -3.932467000951306, -0.000023499997837 ], [ 139.664353534887823, -3.934854516622579, -0.000023499997837 ], [ 139.665520620180587, -3.934722869364862, -0.000023499997837 ], [ 139.662784913093333, -3.941040157077566, -0.000023499997837 ], [ 139.663596010747369, -3.953079823774772, -0.000023499997837 ], [ 139.661026296926138, -3.964264302655408, -0.000023499997837 ], [ 139.659165864912779, -3.966119077933058, -0.000023499997837 ], [ 139.661426286593951, -3.967317810368627, -0.000023499997837 ], [ 139.65645343857534, -3.972146775852991, -0.000023499997837 ], [ 139.656731766158146, -3.974838760600278, -0.000023499997837 ], [ 139.658215328274878, -3.975062223242958, -0.000023499997837 ], [ 139.657776246876324, -3.9817457202887, -0.000023499997837 ], [ 139.655661982114793, -3.984970724219522, -0.000023499997837 ], [ 139.643441069649725, -3.981201657430518, -0.000023499997837 ], [ 139.639786217659889, -3.984685187671232, -0.000023499997837 ], [ 139.639443575960286, -3.989253752658499, -0.000023499997837 ], [ 139.642241821902644, -3.999704346078659, -0.000023499997837 ], [ 139.638130113414036, -4.008099084804883, -0.000023499997837 ], [ 139.633732869276514, -4.012382114143179, -0.000023499997837 ], [ 139.634082174053106, -4.017290467281214, -0.000023499997837 ], [ 139.627183641012266, -4.015097555008083, -0.000023499997837 ], [ 139.616675940642267, -4.007376680089692, -0.000023499997837 ], [ 139.610599748579602, -4.007924907708286, -0.000023499997837 ], [ 139.606019001375898, -4.00600306458972, -0.000023499997837 ], [ 139.599851438193355, -3.996403367421408, -0.000023499997837 ], [ 139.590346598816495, -4.000380263937984, -0.000023499997837 ], [ 139.586514762046704, -3.998469325099222, -0.000023499997837 ], [ 139.583615826209439, -3.999018383691407, -0.000023499997837 ], [ 139.582912104010461, -4.002142330803849, -0.000023499997837 ], [ 139.576074865162923, -4.000751102980985, -0.000023499997837 ], [ 139.571645715777208, -4.00158006566744, -0.000023499997837 ], [ 139.571839553852442, -4.004956681805368, -0.000023499997837 ], [ 139.574494172667983, -4.007135554761987, -0.000023499997837 ], [ 139.575471709651765, -4.011221726101724, -0.000023499997837 ], [ 139.581407134431743, -4.015291160158881, -0.000023499997837 ], [ 139.579989798390557, -4.022427357036861, -0.000023499997837 ], [ 139.577754538840964, -4.022613454647171, -0.000023499997837 ], [ 139.57553655077129, -4.025536287269802, -0.000023499997837 ], [ 139.579439192065138, -4.037593255124591, -0.000023499997837 ], [ 139.584219735352576, -4.042421785337069, -0.000023499997837 ], [ 139.589955889252906, -4.04498892439932, -0.000023499997837 ], [ 139.590407987438766, -4.047570638773891, -0.000023499997837 ], [ 139.598275250402594, -4.052775975031182, -0.000023499997837 ], [ 139.600363317912866, -4.052718189992447, -0.000023499997837 ], [ 139.60098155235687, -4.05703191499083, -0.000023499997837 ], [ 139.609159031064451, -4.056481713360313, -0.000023499997837 ], [ 139.612214581138119, -4.060282454271828, -0.000023499997837 ], [ 139.618693538176331, -4.062061101938241, -0.000023499997837 ], [ 139.602050220341425, -4.079111988927082, -0.000023499997837 ], [ 139.512463465116866, -4.055238923137722, -0.000023499997837 ], [ 139.46391470659853, -4.10956381491809, -0.000023499997837 ], [ 139.429013965921854, -4.074781076085742, -0.000023499997837 ], [ 139.423430818177735, -4.080214661177649, -0.000023499997837 ], [ 139.425172305857245, -4.086483111206576, -0.000023499997837 ], [ 139.436395521236363, -4.094355976946758, -0.000023499997837 ], [ 139.441303097360105, -4.096031706198232, -0.000023499997837 ], [ 139.442364194851734, -4.098898954423134, -0.000023499997837 ], [ 139.435163165847484, -4.104775402562723, -0.000023499997837 ], [ 139.430975122004384, -4.102158981551725, -0.000023499997837 ], [ 139.427890414111403, -4.104941762752105, -0.000023499997837 ], [ 139.422506827727943, -4.104784027061157, -0.000023499997837 ], [ 139.41957533193613, -4.106630489005795, -0.000023499997837 ], [ 139.417113484599668, -4.104876738170901, -0.000023499997837 ], [ 139.410186166058793, -4.110557790609505, -0.000023499997837 ], [ 139.401017336780683, -4.115028748577856, -0.000023499997837 ], [ 139.399537996081676, -4.112175869720545, -0.000023499997837 ], [ 139.403321338708906, -4.105608556989239, -0.000023499997837 ], [ 139.401393975551628, -4.102824587784426, -0.000023499997837 ], [ 139.389544260059665, -4.099897850305524, -0.000023499997837 ], [ 139.380549896560524, -4.101182759376798, -0.000023499997837 ], [ 139.379873610878462, -4.094362792009179, -0.000023499997837 ], [ 139.386893020896309, -4.090079761771563, -0.000023499997837 ], [ 139.39532821022874, -4.077813640387149, -0.000023499997837 ], [ 139.393710176983177, -4.072578827051188, -0.000023499997837 ], [ 139.387713934650378, -4.068010261164602, -0.000023499997837 ], [ 139.386127713123528, -4.063378072739795, -0.000023499997837 ], [ 139.375474949409409, -4.065863601024319, -0.000023499997837 ], [ 139.368371030998333, -4.070656479412946, -0.000023499997837 ], [ 139.365195317110306, -4.071089191812689, -0.000023499997837 ], [ 139.363186392637999, -4.068468543088727, -0.000023499997837 ], [ 139.352710843030991, -4.073479688736597, -0.000023499997837 ], [ 139.344569444224589, -4.080568314176332, -0.000023499997837 ], [ 139.342519491781218, -4.085648552039004, -0.000023499997837 ], [ 139.336095066034545, -4.08969535465684, -0.000023499997837 ], [ 139.327824777291653, -4.092098737067033, -0.000023499997837 ], [ 139.33001366689723, -4.093032658730181, -0.000023499997837 ] ], [ [ 139.327824777291653, -4.092098737067033, -0.000023499997837 ], [ 139.319078382961038, -4.087938246652698, -0.000023499997837 ], [ 139.313585953429083, -4.084616123135504, -0.000023499997837 ], [ 139.317022405959278, -4.095779137896841, -0.000023499997837 ], [ 139.320813819102568, -4.101718508002705, -0.000023499997837 ], [ 139.321901832403682, -4.096055129040906, -0.000023499997837 ], [ 139.327824777291653, -4.092098737067033, -0.000023499997837 ] ], [ [ 139.265753880836996, -4.137054122149948, -0.000023499997837 ], [ 139.288485382294652, -4.136621814445107, -0.000023499997837 ], [ 139.285636491930632, -4.125573601740257, -0.000023499997837 ], [ 139.285747626551824, -4.122127443726527, -0.000023499997837 ], [ 139.28830148082875, -4.119077276095368, -0.000023499997837 ], [ 139.283863777990973, -4.117674315717068, -0.000023499997837 ], [ 139.277413896933808, -4.121822925187814, -0.000023499997837 ], [ 139.267099843083315, -4.121941470222623, -0.000023499997837 ], [ 139.258355323839169, -4.112780545086025, -0.000023499997837 ], [ 139.254860581750563, -4.11105566069017, -0.000023499997837 ], [ 139.249400931607738, -4.134172956916359, -0.000023499997837 ], [ 139.265753880836996, -4.137054122149948, -0.000023499997837 ] ], [ [ 139.30866994526184, -4.088060290949613, -0.000023499997837 ], [ 139.322695353707672, -4.071626111355897, -0.000023499997837 ], [ 139.314237302709444, -4.073217654171344, -0.000023499997837 ], [ 139.29686034582835, -4.073274343835863, -0.000023499997837 ], [ 139.290106165667112, -4.070843819886306, -0.000023499997837 ], [ 139.287478577774209, -4.071804874994939, -0.000023499997837 ], [ 139.288545454309315, -4.06253368578092, -0.000023499997837 ], [ 139.285580090948542, -4.055763345701791, -0.000023499997837 ], [ 139.280732045447621, -4.051766084037524, -0.000023499997837 ], [ 139.279062603356579, -4.043919777075985, -0.000023499997837 ], [ 139.274088662661711, -4.050680939573681, -0.000023499997837 ], [ 139.267695831897186, -4.065026693726907, -0.000023499997837 ], [ 139.274976777356414, -4.070166743700213, -0.000023499997837 ], [ 139.279354986443536, -4.075877450383985, -0.000023499997837 ], [ 139.28487533542841, -4.079113517774601, -0.000023499997837 ], [ 139.289824614914096, -4.079874944972687, -0.000023499997837 ], [ 139.299723172986091, -4.088250647749135, -0.000023499997837 ], [ 139.304291737973358, -4.089963859844204, -0.000023499997837 ], [ 139.30866994526184, -4.088060290949613, -0.000023499997837 ] ], [ [ 139.351942713185736, -4.041841496887514, -0.000023499997837 ], [ 139.34519080561131, -4.046014218081666, -0.000023499997837 ], [ 139.342835139430235, -4.04440808196739, -0.000023499997837 ], [ 139.329311658806091, -4.051505846317696, -0.000023499997837 ], [ 139.334839359748685, -4.060336124012849, -0.000023499997837 ], [ 139.33576385202025, -4.064748225849883, -0.000023499997837 ], [ 139.339484639604507, -4.063087118675526, -0.000023499997837 ], [ 139.343509059895268, -4.058123056134093, -0.000023499997837 ], [ 139.359946863756818, -4.057298116115135, -0.000023499997837 ], [ 139.362922080989279, -4.05286939930329, -0.000023499997837 ], [ 139.361939238005448, -4.049386456319837, -0.000023499997837 ], [ 139.366829825935838, -4.040823849241178, -0.000023499997837 ], [ 139.371042120897187, -4.037179809800307, -0.000023499997837 ], [ 139.370633806205205, -4.03550990365909, -0.000023499997837 ], [ 139.3672551881765, -4.03545326435659, -0.000023499997837 ], [ 139.361537133132288, -4.040118277136742, -0.000023499997837 ], [ 139.351942713185736, -4.041841496887514, -0.000023499997837 ] ] ] } },
{ "type": "Feature", "properties": { "kabkota": "Pegunungan Bintang" }, "geometry": { "type": "Polygon", "coordinates": [ [ [ 140.590667766304477, -5.250665136986413, -0.000023499997837 ], [ 140.571344325780046, -5.257378701066159, -0.000023499997837 ], [ 140.558683704189662, -5.254338413387018, -0.000023499997837 ], [ 140.554157470291102, -5.256063768128342, -0.000023499997837 ], [ 140.545045042894458, -5.238370234598619, -0.000023499997837 ], [ 140.541039776364642, -5.238134830757758, -0.000023499997837 ], [ 140.539874528386804, -5.236078911312632, -0.000023499997837 ], [ 140.528228593874587, -5.237308620896101, -0.000023499997837 ], [ 140.521996580777682, -5.242040316607302, -0.000023499997837 ], [ 140.519521802988834, -5.23805157242208, -0.000023499997837 ], [ 140.519447553162081, -5.234709172790019, -0.000023499997837 ], [ 140.514469620376758, -5.233186570203998, -0.000023499997837 ], [ 140.516853120575092, -5.227984995810857, -0.000023499997837 ], [ 140.515846464442802, -5.225959735153594, -0.000023499997837 ], [ 140.514462395223404, -5.228135162807462, -0.000023499997837 ], [ 140.509518612394118, -5.22475481178509, -0.000023499997837 ], [ 140.503245977819688, -5.22735357101044, -0.000023499997837 ], [ 140.489869768375229, -5.226181367675906, -0.000023499997837 ], [ 140.485077656208887, -5.222917587676477, -0.000023499997837 ], [ 140.47637566500498, -5.223013296226611, -0.000023499997837 ], [ 140.469052045815374, -5.219637859999182, -0.000023499997837 ], [ 140.458572559875847, -5.223805217636652, -0.000023499997837 ], [ 140.452883677040177, -5.220556907775006, -0.000023499997837 ], [ 140.441853136912755, -5.226721901594431, -0.000023499997837 ], [ 140.434760126378819, -5.227942462374699, -0.000023499997837 ], [ 140.431448128328498, -5.221787483405592, -0.000023499997837 ], [ 140.426514016808483, -5.219955355755019, -0.000023499997837 ], [ 140.423041862092305, -5.215830363380519, -0.000023499997837 ], [ 140.416479451565465, -5.214621989313287, -0.000023499997837 ], [ 140.412846224673558, -5.211949348983239, -0.000023499997837 ], [ 140.400914868726318, -5.214040497570863, -0.000023499997837 ], [ 140.393389133202049, -5.211799323180173, -0.000023499997837 ], [ 140.387897727997824, -5.212738106578286, -0.000023499997837 ], [ 140.387478357040663, -5.196219556187543, -0.000023499997837 ], [ 140.359880757091332, -5.18983747591875, -0.000023499997837 ], [ 140.35295833176167, -5.18651247906763, -0.000023499997837 ], [ 140.351433776747513, -5.184466738149411, -0.000023499997837 ], [ 140.353508747430851, -5.176442741339372, -0.000023499997837 ], [ 140.352081070085433, -5.174658144657599, -0.000023499997837 ], [ 140.340894297034197, -5.176851174741898, -0.000023499997837 ], [ 140.336190359797342, -5.175739647766477, -0.000023499997837 ], [ 140.332716832715732, -5.171742121701527, -0.000023499997837 ], [ 140.328539185035424, -5.172246782562922, -0.000023499997837 ], [ 140.327140154694462, -5.166944368987402, -0.000023499997837 ], [ 140.31599564258488, -5.169714338445942, -0.000023499997837 ], [ 140.310002010084759, -5.164861021119179, -0.000023499997837 ], [ 140.311079093025796, -5.160432183798207, -0.000023499997837 ], [ 140.310106354824484, -5.157572123854379, -0.000023499997837 ], [ 140.30428725914976, -5.155041649252667, -0.000023499997837 ], [ 140.298873535585244, -5.156296732308306, -0.000023499997837 ], [ 140.296364864147222, -5.153990519846559, -0.000023499997837 ], [ 140.295378996743352, -5.147782038410298, -0.000023499997837 ], [ 140.30355128636279, -5.142308758142633, -0.000023499997837 ], [ 140.301715025428166, -5.140417811232965, -0.000023499997837 ], [ 140.295998062160947, -5.139604604668705, -0.000023499997837 ], [ 140.297053523601335, -5.134028344832188, -0.000023499997837 ], [ 140.295033228101033, -5.131096473123705, -0.000023499997837 ], [ 140.289405849000786, -5.129682078764858, -0.000023499997837 ], [ 140.285258742297174, -5.137390702219079, -0.000023499997837 ], [ 140.279335562686128, -5.134586232068898, -0.000023499997837 ], [ 140.273894270404298, -5.138512474271238, -0.000023499997837 ], [ 140.268557079145921, -5.134499412417881, -0.000023499997837 ], [ 140.269545003299299, -5.129731205130952, -0.000023499997837 ], [ 140.27601421978045, -5.125749545804865, -0.000023499997837 ], [ 140.275173251144679, -5.119016059943192, -0.000023499997837 ], [ 140.27879970524225, -5.119051996852136, -0.000023499997837 ], [ 140.282352253054114, -5.122581200961633, -0.000023499997837 ], [ 140.284274937038731, -5.121449373589655, -0.000023499997837 ], [ 140.279024606800249, -5.114855215195973, -0.000023499997837 ], [ 140.273548653747412, -5.099247910962276, -0.000023499997837 ], [ 140.270600855944849, -5.096496958567741, -0.000023499997837 ], [ 140.269801882051297, -5.08807722318528, -0.000023499997837 ], [ 140.262629783337843, -5.081082162311873, -0.000023499997837 ], [ 140.261981030400307, -5.077446384043355, -0.000023499997837 ], [ 140.255971282049131, -5.073766368123358, -0.000023499997837 ], [ 140.255137255280147, -5.064176326975883, -0.000023499997837 ], [ 140.257235291775373, -5.06089294175581, -0.000023499997837 ], [ 140.242751899980249, -5.052637872239984, -0.000023499997837 ], [ 140.237970916025006, -5.047494015436428, -0.000023499997837 ], [ 140.225089190713675, -5.051722267068897, -0.000023499997837 ], [ 140.223085990426171, -5.054518878943043, -0.000023499997837 ], [ 140.21586877902098, -5.056017194437914, -0.000023499997837 ], [ 140.214167464057255, -5.05523197207782, -0.000023499997837 ], [ 140.211681398877545, -5.049518631279739, -0.000023499997837 ], [ 140.206349662007369, -5.049551237999196, -0.000023499997837 ], [ 140.202716207586946, -5.046043803778502, -0.000023499997837 ], [ 140.198075745399365, -5.045522484774779, -0.000023499997837 ], [ 140.197992020315496, -5.043916764147298, -0.000023499997837 ], [ 140.192178637134475, -5.043615576697448, -0.000023499997837 ], [ 140.194334021597911, -5.040384406115379, -0.000023499997837 ], [ 140.186766514363171, -5.039823197682381, -0.000023499997837 ], [ 140.185586735139736, -5.038292996724351, -0.000023499997837 ], [ 140.182668928828093, -5.041649815186759, -0.000023499997837 ], [ 140.175469628320798, -5.042396039345704, -0.000023499997837 ], [ 140.177785698251455, -5.044144790849373, -0.000023499997837 ], [ 140.175361262712158, -5.046063926109241, -0.000023499997837 ], [ 140.172150066972108, -5.042409911388233, -0.000023499997837 ], [ 140.170464876852634, -5.044669181037818, -0.000023499997837 ], [ 140.1688139059371, -5.044838937966574, -0.000023499997837 ], [ 140.168184894017713, -5.042934020988241, -0.000023499997837 ], [ 140.165529507181077, -5.045567426595426, -0.000023499997837 ], [ 140.164354187695722, -5.044114087994728, -0.000023499997837 ], [ 140.160105580808022, -5.044076951390139, -0.000023499997837 ], [ 140.154139918122837, -5.046488918728585, -0.000023499997837 ], [ 140.150985076600023, -5.050207196304996, -0.000023499997837 ], [ 140.143345645185491, -5.04954326910655, -0.000023499997837 ], [ 140.140169648910273, -5.054878461171995, -0.000023499997837 ], [ 140.13255600555533, -5.051040723950223, -0.000023499997837 ], [ 140.131107275980071, -5.054702489927934, -0.000023499997837 ], [ 140.126484430612095, -5.053770862435329, -0.000023499997837 ], [ 140.123678903758446, -5.055167633679332, -0.000023499997837 ], [ 140.117658904934615, -5.051528953298487, -0.000023499997837 ], [ 140.113757082023767, -5.051800684354077, -0.000023499997837 ], [ 140.111800713032494, -5.055102165732308, -0.000023499997837 ], [ 140.110554096194619, -5.050950192797131, -0.000023499997837 ], [ 140.108404613981861, -5.04949330187435, -0.000023499997837 ], [ 140.111296209552506, -5.044913731883184, -0.000023499997837 ], [ 140.109305965797716, -5.040899550373922, -0.000023499997837 ], [ 140.111882011745479, -5.033810909645695, -0.000023499997837 ], [ 140.109901122738734, -5.029330025859963, -0.000023499997837 ], [ 140.103457010832471, -5.035231077652043, -0.000023499997837 ], [ 140.095972975072755, -5.038217262116916, -0.000023499997837 ], [ 140.091297424936329, -5.041991167258516, -0.000023499997837 ], [ 140.079320087552105, -5.043321163840574, -0.000023499997837 ], [ 140.060023419845038, -5.049453753288049, -0.000023499997837 ], [ 140.058105468992267, -5.042907714919068, -0.000023499997837 ], [ 140.049682616559608, -4.964294433341365, -0.000023499997837 ], [ 140.051646627989498, -4.935793440115106, -0.000023499997837 ], [ 140.049243387672277, -4.933728229773919, -0.000023499997837 ], [ 140.048339193099309, -4.930206626734389, -0.000023499997837 ], [ 140.050861420917954, -4.922711325167484, -0.000023499997837 ], [ 140.047553970739273, -4.911742009985744, -0.000023499997837 ], [ 140.047958478601004, -4.908553532019823, -0.000023499997837 ], [ 140.044161309796664, -4.904218620792676, -0.000023499997837 ], [ 140.043352292274562, -4.900102153091836, -0.000023499997837 ], [ 140.040109272225209, -4.898036917569641, -0.000023499997837 ], [ 140.040995146708724, -4.895083999027293, -0.000023499997837 ], [ 140.048609423186349, -4.889135347018623, -0.000023499997837 ], [ 140.050988883630112, -4.885090263005168, -0.000023499997837 ], [ 140.056472079822697, -4.884909716909874, -0.000023499997837 ], [ 140.058967908941895, -4.864523510651452, -0.000023499997837 ], [ 140.054177360696713, -4.850207364877917, -0.000023499997837 ], [ 140.053606291197411, -4.84373523099606, -0.000023499997837 ], [ 140.058938626116742, -4.83499243305431, -0.000023499997837 ], [ 140.062801597415842, -4.835656126429058, -0.000023499997837 ], [ 140.063517155592308, -4.84242255535662, -0.000023499997837 ], [ 140.067679969854794, -4.822251830257699, -0.000023499997837 ], [ 140.04394567934969, -4.804006164253053, -0.000023499997837 ], [ 140.02928819859153, -4.782686192813514, -0.000023499997837 ], [ 140.027003916997273, -4.77107442264645, -0.000023499997837 ], [ 140.031762838784061, -4.767838356155153, -0.000023499997837 ], [ 140.028526772292821, -4.749373739406508, -0.000023499997837 ], [ 140.034427834876738, -4.740046251733077, -0.000023499997837 ], [ 140.029668913089949, -4.730909121758543, -0.000023499997837 ], [ 140.028526772292821, -4.72310448938066, -0.000023499997837 ], [ 140.033095337280088, -4.719678066089841, -0.000023499997837 ], [ 140.032524265982147, -4.716441998699224, -0.000023499997837 ], [ 140.021864280712066, -4.707685582323734, -0.000023499997837 ], [ 140.023387136007614, -4.705210943030522, -0.000023499997837 ], [ 140.028526772292821, -4.70311701733641, -0.000023499997837 ], [ 140.029097841792009, -4.69074381997126, -0.000023499997837 ], [ 140.030620697087556, -4.6871270389816, -0.000023499997837 ], [ 140.037854259066876, -4.679893477901658, -0.000023499997837 ], [ 140.050005322987317, -4.658650401195018, -0.000023499997837 ], [ 140.04633081271686, -4.655089012148153, -0.000023499997837 ], [ 140.041094957066662, -4.654156758727368, -0.000023499997837 ], [ 140.03782319738275, -4.651182432723033, -0.000023499997837 ], [ 140.032053005042258, -4.653204974729761, -0.000023499997837 ], [ 140.024319756351701, -4.650409106594964, -0.000023499997837 ], [ 140.02033415979372, -4.651182432723033, -0.000023499997837 ], [ 140.016722425799344, -4.658668020712526, -0.000023499997837 ], [ 140.009679220619546, -4.667748043737163, -0.000023499997837 ], [ 140.004920298832758, -4.668833077584395, -0.000023499997837 ], [ 140.003587800336732, -4.672392751624159, -0.000023499997837 ], [ 139.996745661083423, -4.671007905390468, -0.000023499997837 ], [ 139.993105084931813, -4.67388705344473, -0.000023499997837 ], [ 139.991927251841275, -4.672578350110712, -0.000023499997837 ], [ 139.989880915571916, -4.674529508429998, -0.000023499997837 ], [ 139.98698987038631, -4.67400602655681, -0.000023499997837 ], [ 139.986061880651391, -4.67600477340153, -0.000023499997837 ], [ 139.982987616585319, -4.677125986974659, -0.000023499997837 ], [ 139.981207780914474, -4.674641830156304, -0.000023499997837 ], [ 139.981835957363614, -4.67178647636473, -0.000023499997837 ], [ 139.984253490606193, -4.671025049166644, -0.000023499997837 ], [ 139.985966702701262, -4.668081655344054, -0.000023499997837 ], [ 139.980482045110307, -4.663358425850618, -0.000023499997837 ], [ 139.984866796765345, -4.65837940398626, -0.000023499997837 ], [ 139.983382011570598, -4.657579904888678, -0.000023499997837 ], [ 139.983439119419927, -4.654110649586755, -0.000023499997837 ], [ 139.986180258412219, -4.65284001815229, -0.000023499997837 ], [ 139.986691924992442, -4.650751302230788, -0.000023499997837 ], [ 140.012185427015879, -4.643323144947146, -0.000023499997837 ], [ 140.022298136150084, -4.643323144947146, -0.000023499997837 ], [ 140.033005710844918, -4.646297470951481, -0.000023499997837 ], [ 140.052636263552813, -4.655815315424434, -0.000023499997837 ], [ 140.066150330973073, -4.674040350981386, -0.000023499997837 ], [ 140.072528677256742, -4.679502281804787, -0.000023499997837 ], [ 140.079595676699228, -4.683594954343619, -0.000023499997837 ], [ 140.088291190086466, -4.685958657765809, -0.000023499997837 ], [ 140.086303257589293, -4.676160895708733, -0.000023499997837 ], [ 140.0913025052065, -4.673661273249138, -0.000023499997837 ], [ 140.095338027627918, -4.666743233913053, -0.000023499997837 ], [ 140.097900390390805, -4.626281737711963, -0.000023499997837 ], [ 140.105200837648567, -4.581318234448929, -0.000023499997837 ], [ 140.091480964874677, -4.571701369222751, -0.000023499997837 ], [ 140.067091488581354, -4.562183523850479, -0.000023499997837 ], [ 140.056383914785897, -4.560993793628654, -0.000023499997837 ], [ 140.036753362078116, -4.562183523850479, -0.000023499997837 ], [ 140.034373900734977, -4.559506630626458, -0.000023499997837 ], [ 140.034373900734977, -4.554450276059356, -0.000023499997837 ], [ 140.063522297915824, -4.538091482136167, -0.000023499997837 ], [ 140.06590175925885, -4.533332560349322, -0.000023499997837 ], [ 140.064558072297245, -4.518579952003108, -0.000023499997837 ], [ 140.021172118398567, -4.504617471818847, -0.000023499997837 ], [ 140.021881730257746, -4.512214842840649, -0.000023499997837 ], [ 140.019204837033612, -4.51786606296838, -0.000023499997837 ], [ 140.016230510129958, -4.519948092430468, -0.000023499997837 ], [ 139.999276850646197, -4.522327552874231, -0.000023499997837 ], [ 139.971615617366865, -4.537199183795224, -0.000023499997837 ], [ 139.958290635104845, -4.541728091378275, -0.000023499997837 ], [ 139.955316309100454, -4.525071863775452, -0.000023499997837 ], [ 139.942229273062594, -4.503061849724531, -0.000023499997837 ], [ 139.940881531957189, -4.478778334252695, -0.000023499997837 ], [ 139.949342456289401, -4.481501231396692, -0.000023499997837 ], [ 139.973400212250112, -4.477117793651189, -0.000023499997837 ], [ 139.975710050778275, -4.475467909116674, -0.000023499997837 ], [ 139.974717483425138, -4.472060426447456, -0.000023499997837 ], [ 139.977560395995511, -4.461886370959178, -0.000023499997837 ], [ 139.976509751323988, -4.454915073771588, -0.000023499997837 ], [ 139.964122728681104, -4.456226650439532, -0.000023499997837 ], [ 139.953700689635184, -4.453442682134039, -0.000023499997837 ], [ 139.953215010764211, -4.449872146082612, -0.000023499997837 ], [ 139.948832100021491, -4.44831107409675, -0.000023499997837 ], [ 139.953769658642841, -4.442357833746996, -0.000023499997837 ], [ 139.964953125786224, -4.43640918083895, -0.000023499997837 ], [ 139.989223628068089, -4.43640918083895, -0.000023499997837 ], [ 140.029955991975498, -4.425001387703844, -0.000023499997837 ], [ 140.024748981180551, -4.436167270403132, -0.000023499997837 ], [ 140.026443244560141, -4.441021108437383, -0.000023499997837 ], [ 140.028585730946816, -4.438997110428261, -0.000023499997837 ], [ 140.032340520998332, -4.43871157477929, -0.000023499997837 ], [ 140.03398234940596, -4.43307225268228, -0.000023499997837 ], [ 140.033268510733251, -4.429560168067269, -0.000023499997837 ], [ 140.036845125302307, -4.422166896385136, -0.000023499997837 ], [ 140.035683948555402, -4.416265833801162, -0.000023499997837 ], [ 140.03787305309902, -4.410060199618442, -0.000023499997837 ], [ 140.039852764893226, -4.408803844022145, -0.000023499997837 ], [ 140.039871800843002, -4.405967527079667, -0.000023499997837 ], [ 140.039529050325427, -4.404238862833211, -0.000023499997837 ], [ 140.034716346382311, -4.403303420416478, -0.000023499997837 ], [ 140.031454043069743, -4.420193460060091, -0.000023499997837 ], [ 140.019637142939814, -4.420950303413747, -0.000023499997837 ], [ 140.01548789674905, -4.418671269363529, -0.000023499997837 ], [ 140.000011882742228, -4.425167198407451, -0.000023499997837 ], [ 139.99598583467855, -4.426052357929905, -0.000023499997837 ], [ 139.993115014346472, -4.42461159365007, -0.000023499997837 ], [ 139.989307876557291, -4.426681725081494, -0.000023499997837 ], [ 139.983335429386671, -4.426538957706668, -0.000023499997837 ], [ 139.978409945962312, -4.42851390938938, -0.000023499997837 ], [ 139.968892100589983, -4.424635388812078, -0.000023499997837 ], [ 139.967787082907648, -4.422410320379925, -0.000023499997837 ], [ 139.973995077810628, -4.423322145700411, -0.000023499997837 ], [ 140.009686992560773, -4.416659655019032, -0.000023499997837 ], [ 140.012304400128073, -4.412138678557142, -0.000023499997837 ], [ 140.000169148987084, -4.4057141349993, -0.000023499997837 ], [ 139.995410227200296, -4.400241373640426, -0.000023499997837 ], [ 139.987795950722557, -4.398337804745836, -0.000023499997837 ], [ 139.977044847042066, -4.403951678726969, -0.000023499997837 ], [ 139.975897689826638, -4.408707177694055, -0.000023499997837 ], [ 139.971614659588909, -4.409563783741589, -0.000023499997837 ], [ 139.969901446594577, -4.412895029082279, -0.000023499997837 ], [ 139.965047347756922, -4.415560024275635, -0.000023499997837 ], [ 139.960194558332319, -4.417491414597066, -0.000023499997837 ], [ 139.954126577979309, -4.413237196839134, -0.000023499997837 ], [ 139.968998208900302, -4.399555296139965, -0.000023499997837 ], [ 139.967808478678421, -4.392416913010095, -0.000023499997837 ], [ 139.963644421552885, -4.382899069436462, -0.000023499997837 ], [ 139.956506039322335, -4.373381224963509, -0.000023499997837 ], [ 139.952341982196799, -4.361483920046851, -0.000023499997837 ], [ 139.95174711663617, -4.35256094113447, -0.000023499997837 ], [ 139.957100903983587, -4.342448232000265, -0.000023499997837 ], [ 139.96067009644787, -4.346465554841416, -0.000023499997837 ], [ 139.97019054985401, -4.349679132885626, -0.000023499997837 ], [ 139.985338608090387, -4.350050892834417, -0.000023499997837 ], [ 139.980657567592743, -4.347655285962617, -0.000023499997837 ], [ 139.965186222866009, -4.319697176583361, -0.000023499997837 ], [ 139.96620042071288, -4.317946970875937, -0.000023499997837 ], [ 139.969314382652669, -4.319813177436117, -0.000023499997837 ], [ 139.973026341592458, -4.319741793748733, -0.000023499997837 ], [ 139.978308744353171, -4.324060515380438, -0.000023499997837 ], [ 139.98052164405874, -4.323882055712261, -0.000023499997837 ], [ 139.986577372048146, -4.3201344035798, -0.000023499997837 ], [ 139.991585111963445, -4.314551969897423, -0.000023499997837 ], [ 139.994410852878673, -4.317670111886116, -0.000023499997837 ], [ 140.011186052694256, -4.324808495015986, -0.000023499997837 ], [ 140.038311908767696, -4.32659308989912, -0.000023499997837 ], [ 140.055444027919634, -4.332660715919246, -0.000023499997837 ], [ 140.045025167077824, -4.351713841820299, -0.000023499997837 ], [ 140.08776243458874, -4.352904561296441, -0.000023499997837 ], [ 140.088575942425905, -4.310334525417943, -0.000023499997837 ], [ 140.09293926683381, -4.285338710013434, -0.000023499997837 ], [ 140.1006573412634, -4.28562202793421, -0.000023499997837 ], [ 140.101486598028146, -4.294470366713995, -0.000023499997837 ], [ 140.10434195181972, -4.299824154061412, -0.000023499997837 ], [ 140.11219417272298, -4.307319455628317, -0.000023499997837 ], [ 140.116858026276986, -4.306701860602345, -0.000023499997837 ], [ 140.119420672326214, -4.250000024681356, -0.000023499997837 ], [ 140.117236039211889, -4.069636160780135, -0.000023499997837 ], [ 140.119270998158072, -4.056648323561262, -0.000023499997837 ], [ 140.1129057828756, -4.052776221445413, -0.000023499997837 ], [ 140.108993091657908, -4.046368089615612, -0.000023499997837 ], [ 140.107784735577184, -4.040804140598539, -0.000023499997837 ], [ 140.105773847884848, -4.040028113806386, -0.000023499997837 ], [ 140.10249669316795, -4.041477599711413, -0.000023499997837 ], [ 140.101341494214694, -4.03970468792096, -0.000023499997837 ], [ 140.104340689171522, -4.033766190157507, -0.000023499997837 ], [ 140.112260300772277, -4.027676344587576, -0.000023499997837 ], [ 140.111948722555553, -4.025334434436559, -0.000023499997837 ], [ 140.106989295119888, -4.020109052290877, -0.000023499997837 ], [ 140.107211155170717, -4.016638819425907, -0.000023499997837 ], [ 140.119339537289875, -4.011776936956039, -0.000023499997837 ], [ 140.120059764746429, -4.010445010428839, -0.000023499997837 ], [ 140.117572895572721, -4.007658568987722, -0.000023499997837 ], [ 140.11918955375495, -4.002998713819522, -0.000023499997837 ], [ 140.124926740077058, -4.001760959800436, -0.000023499997837 ], [ 140.125057193934367, -3.99967435099046, -0.000023499997837 ], [ 140.120726472648698, -3.997924137189159, -0.000023499997837 ], [ 140.119771781142845, -3.995586468240845, -0.000023499997837 ], [ 140.133195827325608, -3.989398696392698, -0.000023499997837 ], [ 140.135027204941593, -3.986335193614252, -0.000023499997837 ], [ 140.134649229778233, -3.982545076394103, -0.000023499997837 ], [ 140.139417296770944, -3.981367133586275, -0.000023499997837 ], [ 140.141400252419771, -3.978720433301305, -0.000023499997837 ], [ 140.141863677566676, -3.974266616411171, -0.000023499997837 ], [ 140.139195603094663, -3.966993204572702, -0.000023499997837 ], [ 140.147403912360687, -3.96612135231851, -0.000023499997837 ], [ 140.144026365424452, -3.961451208906112, -0.000023499997837 ], [ 140.144323925009189, -3.959125025199683, -0.000023499997837 ], [ 140.152439694935993, -3.956533576563288, -0.000023499997837 ], [ 140.150835959112328, -3.951306457826718, -0.000023499997837 ], [ 140.14853665794044, -3.950949668892065, -0.000023499997837 ], [ 140.140203229595386, -3.939206177722895, -0.000023499997837 ], [ 140.129128691935648, -3.928630158554938, -0.000023499997837 ], [ 140.122599323400095, -3.912783429611522, -0.000023499997837 ], [ 140.126364925101257, -3.908810848042151, -0.000023499997837 ], [ 140.124521551428529, -3.906440920412081, -0.000023499997837 ], [ 140.126130499722876, -3.90488859793038, -0.000023499997837 ], [ 140.125305614562535, -3.901964735584045, -0.000023499997837 ], [ 140.128680343023461, -3.898926564909004, -0.000023499997837 ], [ 140.127496799237974, -3.893963877430963, -0.000023499997837 ], [ 140.139499565852361, -3.89462265960799, -0.000023499997837 ], [ 140.145701773618043, -3.890536856990309, -0.000023499997837 ], [ 140.146574601636644, -3.887221291329467, -0.000023499997837 ], [ 140.148194511767315, -3.886759890556448, -0.000023499997837 ], [ 140.14431488502396, -3.883932887892399, -0.000023499997837 ], [ 140.143806643961511, -3.881275520748659, -0.000023499997837 ], [ 140.145562206031059, -3.879127011602236, -0.000023499997837 ], [ 140.143770807776605, -3.873811494005224, -0.000023499997837 ], [ 140.14551732716302, -3.872811990181162, -0.000023499997837 ], [ 140.148768106562898, -3.87401178471606, -0.000023499997837 ], [ 140.15018664140041, -3.870008138764547, -0.000023499997837 ], [ 140.141844807092184, -3.865230834835131, -0.000023499997837 ], [ 140.143189960848076, -3.861060911431878, -0.000023499997837 ], [ 140.132082731033279, -3.85196434088158, -0.000023499997837 ], [ 140.132501078561972, -3.848686590813486, -0.000023499997837 ], [ 140.134481176165423, -3.847832453404976, -0.000023499997837 ], [ 140.139071331177092, -3.850483406583919, -0.000023499997837 ], [ 140.142671168939387, -3.850578077316356, -0.000023499997837 ], [ 140.148068284723649, -3.84214725958833, -0.000023499997837 ], [ 140.153822047349649, -3.84219916755751, -0.000023499997837 ], [ 140.154236237312602, -3.840379089023713, -0.000023499997837 ], [ 140.152064278343801, -3.838706825759346, -0.000023499997837 ], [ 140.154337921857632, -3.837137917980499, -0.000023499997837 ], [ 140.152897164772412, -3.834482269441139, -0.000023499997837 ], [ 140.158739709370138, -3.83299123036096, -0.000023499997837 ], [ 140.158408844292808, -3.830891083156928, -0.000023499997837 ], [ 140.16185433590897, -3.826818952032966, -0.000023499997837 ], [ 140.160085435094857, -3.825713683439687, -0.000023499997837 ], [ 140.162698438682014, -3.807572739889963, -0.000023499997837 ], [ 140.161154677746254, -3.807558434374187, -0.000023499997837 ], [ 140.157998167081814, -3.811632097043571, -0.000023499997837 ], [ 140.15608547906163, -3.809952331634747, -0.000023499997837 ], [ 140.153952606427765, -3.810898830316717, -0.000023499997837 ], [ 140.149900184845706, -3.80970559543681, -0.000023499997837 ], [ 140.14922158700665, -3.807213106399672, -0.000023499997837 ], [ 140.150975922401017, -3.806591470719752, -0.000023499997837 ], [ 140.149278732627522, -3.801941569247958, -0.000023499997837 ], [ 140.15160731482581, -3.801436481208611, -0.000023499997837 ], [ 140.150904378634209, -3.798148047194559, -0.000023499997837 ], [ 140.148801242083664, -3.798151693046123, -0.000023499997837 ], [ 140.148295040683593, -3.787934580716296, -0.000023499997837 ], [ 140.142791902924046, -3.787293678860124, -0.000023499997837 ], [ 140.143244878848122, -3.784787733267251, -0.000023499997837 ], [ 140.139243896688527, -3.782891146709005, -0.000023499997837 ], [ 140.138662652259654, -3.773956289551052, -0.000023499997837 ], [ 140.136168253062465, -3.773984223393143, -0.000023499997837 ], [ 140.134835695211223, -3.771924641009321, -0.000023499997837 ], [ 140.136133630962377, -3.765829057764734, -0.000023499997837 ], [ 140.141546358977394, -3.76695992196278, -0.000023499997837 ], [ 140.140557632628656, -3.770681806719949, -0.000023499997837 ], [ 140.145840108234438, -3.768797741422588, -0.000023499997837 ], [ 140.154080846154216, -3.771959235230497, -0.000023499997837 ], [ 140.160983514277859, -3.771006465575852, -0.000023499997837 ], [ 140.16111219737013, -3.765257225640426, -0.000023499997837 ], [ 140.152103804447052, -3.76377628594679, -0.000023499997837 ], [ 140.147186795334392, -3.759969555550526, -0.000023499997837 ], [ 140.141359818900582, -3.759598446710925, -0.000023499997837 ], [ 140.141094666385811, -3.753327894966333, -0.000023499997837 ], [ 140.127267715832431, -3.750742796442864, -0.000023499997837 ], [ 140.126250549323458, -3.747797105751772, -0.000023499997837 ], [ 140.131510352121154, -3.746085239941806, -0.000023499997837 ], [ 140.134441675243238, -3.740529249025599, -0.000023499997837 ], [ 140.134188398276024, -3.737343946565829, -0.000023499997837 ], [ 140.137200386089035, -3.739031640397855, -0.000023499997837 ], [ 140.141466850814595, -3.736547326198092, -0.000023499997837 ], [ 140.134655434201022, -3.730827996814526, -0.000023499997837 ], [ 140.130960270999822, -3.725218766033151, -0.000023499997837 ], [ 140.131331869969927, -3.722908241322216, -0.000023499997837 ], [ 140.127113072010729, -3.721065926151539, -0.000023499997837 ], [ 140.12244014069995, -3.715690665691625, -0.000023499997837 ], [ 140.132402036225017, -3.715082980295279, -0.000023499997837 ], [ 140.129601887317335, -3.705963594843979, -0.000023499997837 ], [ 140.130837886759082, -3.702031558309727, -0.000023499997837 ], [ 140.136718391740487, -3.70297875126829, -0.000023499997837 ], [ 140.135550342374472, -3.696530158040332, -0.000023499997837 ], [ 140.154301037962568, -3.697194568174723, -0.000023499997837 ], [ 140.157790644922443, -3.699481459601657, -0.000023499997837 ], [ 140.15915661708425, -3.706194601, -0.000023499997837 ], [ 140.161066580158604, -3.707408671373059, -0.000023499997837 ], [ 140.178381266182555, -3.707312459202569, -0.000023499997837 ], [ 140.18585144788608, -3.700793250308209, -0.000023499997837 ], [ 140.19812060268373, -3.697245274649674, -0.000023499997837 ], [ 140.200952591189207, -3.686048510130604, -0.000023499997837 ], [ 140.2054552520583, -3.6776568353946, -0.000023499997837 ], [ 140.213652891767651, -3.679613526343132, -0.000023499997837 ], [ 140.221057287164172, -3.674798138823007, -0.000023499997837 ], [ 140.246463689847474, -3.672427032181758, -0.000023499997837 ], [ 140.252463094196514, -3.673451563238984, -0.000023499997837 ], [ 140.270298720609503, -3.669970320873574, -0.000023499997837 ], [ 140.276585863047217, -3.671879208358746, -0.000023499997837 ], [ 140.278531168578638, -3.673821866286062, -0.000023499997837 ], [ 140.278638285928196, -3.679571022584582, -0.000023499997837 ], [ 140.284326468192035, -3.692645340410081, -0.000023499997837 ], [ 140.279813001968478, -3.705754497072348, -0.000023499997837 ], [ 140.285261951977532, -3.717910536941702, -0.000023499997837 ], [ 140.293546264748329, -3.725577019064133, -0.000023499997837 ], [ 140.301623149788611, -3.729389786609318, -0.000023499997837 ], [ 140.313102396758268, -3.739116089435925, -0.000023499997837 ], [ 140.321206165232411, -3.743575281573953, -0.000023499997837 ], [ 140.322656414661878, -3.748333465017367, -0.000023499997837 ], [ 140.317520213786906, -3.750712425438053, -0.000023499997837 ], [ 140.321056588191027, -3.75432331137165, -0.000023499997837 ], [ 140.327283883444579, -3.75371342443492, -0.000023499997837 ], [ 140.329665918647265, -3.746527744160005, -0.000023499997837 ], [ 140.333296511424919, -3.748078060254215, -0.000023499997837 ], [ 140.339484212226694, -3.745805561577356, -0.000023499997837 ], [ 140.345015194795451, -3.746467235074817, -0.000023499997837 ], [ 140.351298495329388, -3.738978792637113, -0.000023499997837 ], [ 140.364831391855319, -3.745058615262849, -0.000023499997837 ], [ 140.367478594861382, -3.743408758607302, -0.000023499997837 ], [ 140.373527993422272, -3.744696058076556, -0.000023499997837 ], [ 140.384221833670722, -3.736524856636777, -0.000023499997837 ], [ 140.390487192729779, -3.736753808741241, -0.000023499997837 ], [ 140.393007537368021, -3.73957402781906, -0.000023499997837 ], [ 140.395202438042134, -3.739763980823, -0.000023499997837 ], [ 140.399464784772022, -3.733917492698083, -0.000023499997837 ], [ 140.402269176681216, -3.735759636098294, -0.000023499997837 ], [ 140.403556129911522, -3.738919768332607, -0.000023499997837 ], [ 140.405810910145419, -3.739003775803553, -0.000023499997837 ], [ 140.404923555377877, -3.734314800587526, -0.000023499997837 ], [ 140.406953566254174, -3.732714210592292, -0.000023499997837 ], [ 140.41084284362239, -3.736755322300212, -0.000023499997837 ], [ 140.413312471893164, -3.735647592262524, -0.000023499997837 ], [ 140.423700878992463, -3.740941366950494, -0.000023499997837 ], [ 140.422283905377981, -3.743226042447873, -0.000023499997837 ], [ 140.424082963158298, -3.746252434702058, -0.000023499997837 ], [ 140.425363414290246, -3.74461615601075, -0.000023499997837 ], [ 140.42613912811828, -3.745476410607807, -0.000023499997837 ], [ 140.425939410275646, -3.742513650784304, -0.000023499997837 ], [ 140.432386733660906, -3.743813606412743, -0.000023499997837 ], [ 140.434438733860588, -3.742270660262704, -0.000023499997837 ], [ 140.43617458458948, -3.744327691269916, -0.000023499997837 ], [ 140.439559775763087, -3.743663309014437, -0.000023499997837 ], [ 140.444407411173188, -3.746657808610905, -0.000023499997837 ], [ 140.44539447737327, -3.745209186954355, -0.000023499997837 ], [ 140.448765089637277, -3.745911294870325, -0.000023499997837 ], [ 140.452433953963919, -3.753121645347619, -0.000023499997837 ], [ 140.453489587174772, -3.761929895947901, -0.000023499997837 ], [ 140.458626287173502, -3.766459600330222, -0.000023499997837 ], [ 140.462623813238451, -3.766534530943773, -0.000023499997837 ], [ 140.465492769275897, -3.762890046338498, -0.000023499997837 ], [ 140.474449776735923, -3.760703212583167, -0.000023499997837 ], [ 140.488632282354047, -3.762478390665137, -0.000023499997837 ], [ 140.495183734641728, -3.757671299390893, -0.000023499997837 ], [ 140.506290057040587, -3.760771843445752, -0.000023499997837 ], [ 140.518741955876635, -3.768705768656275, -0.000023499997837 ], [ 140.529130103071907, -3.779886762663921, -0.000023499997837 ], [ 140.529371132172059, -3.774487064926063, -0.000023499997837 ], [ 140.532218860612033, -3.766797343422638, -0.000023499997837 ], [ 140.537742421075905, -3.762963915752039, -0.000023499997837 ], [ 140.53845910970017, -3.756317631753234, -0.000023499997837 ], [ 140.54112530368991, -3.756748898043156, -0.000023499997837 ], [ 140.541752810144089, -3.754936098622011, -0.000023499997837 ], [ 140.544524621414212, -3.754232764030803, -0.000023499997837 ], [ 140.544132801187857, -3.751178464014856, -0.000023499997837 ], [ 140.549432897210522, -3.752273432672723, -0.000023499997837 ], [ 140.55702741108621, -3.750038094882143, -0.000023499997837 ], [ 140.566224674229375, -3.756411740409419, -0.000023499997837 ], [ 140.576625675434684, -3.756360801010089, -0.000023499997837 ], [ 140.579871272041601, -3.757967870620689, -0.000023499997837 ], [ 140.584678428067036, -3.754605219155508, -0.000023499997837 ], [ 140.589002684126626, -3.755346910731305, -0.000023499997837 ], [ 140.596198659840297, -3.757875696406245, -0.000023499997837 ], [ 140.599942140917165, -3.761267785379971, -0.000023499997837 ], [ 140.603318914436386, -3.760738382370391, -0.000023499997837 ], [ 140.609996641431962, -3.763929893749548, -0.000023499997837 ], [ 140.616839919227004, -3.769215004368903, -0.000023499997837 ], [ 140.621832046012173, -3.768736637885468, -0.000023499997837 ], [ 140.625060424199319, -3.770104297175521, -0.000023499997837 ], [ 140.626489230193897, -3.771746109395394, -0.000023499997837 ], [ 140.626110006771455, -3.783806563022438, -0.000023499997837 ], [ 140.629951354771265, -3.7848368758211, -0.000023499997837 ], [ 140.64289689687439, -3.793673759936041, -0.000023499997837 ], [ 140.650113012005932, -3.800752332753916, -0.000023499997837 ], [ 140.652096793232431, -3.805436191726812, -0.000023499997837 ], [ 140.657596872397789, -3.803117752981848, -0.000023499997837 ], [ 140.658754670391772, -3.794895974569499, -0.000023499997837 ], [ 140.661828279751376, -3.794404922249328, -0.000023499997837 ], [ 140.667016956967018, -3.790305287159242, -0.000023499997837 ], [ 140.679516938955658, -3.792969320977306, -0.000023499997837 ], [ 140.685736941606592, -3.792050003404881, -0.000023499997837 ], [ 140.687881757237392, -3.793351863797454, -0.000023499997837 ], [ 140.688031178695951, -3.796041638011161, -0.000023499997837 ], [ 140.695120558666872, -3.806779482986713, -0.000023499997837 ], [ 140.692257640677667, -3.810931580028353, -0.000023499997837 ], [ 140.69228198802341, -3.816244063312809, -0.000023499997837 ], [ 140.701147279023758, -3.838740628577114, -0.000023499997837 ], [ 140.702188666973484, -3.886197396992202, -0.000023499997837 ], [ 140.726441451711707, -3.886071226605793, -0.000023499997837 ], [ 140.745286782958715, -3.879646683047952, -0.000023499997837 ], [ 140.755280519880102, -3.874221511113774, -0.000023499997837 ], [ 140.766987467997296, -3.87365044071521, -0.000023499997837 ], [ 140.783429542739327, -3.853639174408329, -0.000023499997837 ], [ 140.786171111607587, -3.852442853055152, -0.000023499997837 ], [ 140.790508284629709, -3.853652986196323, -0.000023499997837 ], [ 140.790313291824987, -3.856709709885138, -0.000023499997837 ], [ 140.791612981254161, -3.854627255943058, -0.000023499997837 ], [ 140.793839653177542, -3.855139265164894, -0.000023499997837 ], [ 140.793131738339071, -3.85715568098982, -0.000023499997837 ], [ 140.795663550232689, -3.856469169116792, -0.000023499997837 ], [ 140.798194066203223, -3.860264623813293, -0.000023499997837 ], [ 140.799508279683437, -3.858633690692216, -0.000023499997837 ], [ 140.80154910670592, -3.861663746784416, -0.000023499997837 ], [ 140.802175021360199, -3.859881845370808, -0.000023499997837 ], [ 140.808444785298661, -3.860535882724776, -0.000023499997837 ], [ 140.810557746043173, -3.863933753439937, -0.000023499997837 ], [ 140.813828140556325, -3.864291688110882, -0.000023499997837 ], [ 140.813433313896439, -3.866049395063499, -0.000023499997837 ], [ 140.814983542756408, -3.867188855880954, -0.000023499997837 ], [ 140.816897320754833, -3.86584390177461, -0.000023499997837 ], [ 140.818152984772496, -3.868231060415042, -0.000023499997837 ], [ 140.818581287796292, -3.865846839859728, -0.000023499997837 ], [ 140.824107457193463, -3.866491830033908, -0.000023499997837 ], [ 140.825301326095428, -3.868494898121014, -0.000023499997837 ], [ 140.824132050953494, -3.8707917342511, -0.000023499997837 ], [ 140.826605177586885, -3.873010351846233, -0.000023499997837 ], [ 140.823946335554979, -3.873614467833363, -0.000023499997837 ], [ 140.824020038593972, -3.8773308316525, -0.000023499997837 ], [ 140.821744812273323, -3.877347470909001, -0.000023499997837 ], [ 140.82324308460079, -3.879727897224654, -0.000023499997837 ], [ 140.821626403935511, -3.882556009652092, -0.000023499997837 ], [ 140.825551789083875, -3.885109118391028, -0.000023499997837 ], [ 140.822893644925784, -3.887402341944494, -0.000023499997837 ], [ 140.828732716341847, -3.887483037212348, -0.000023499997837 ], [ 140.82394756312965, -3.894423236742909, -0.000023499997837 ], [ 140.829183621127299, -3.891524671426396, -0.000023499997837 ], [ 140.830620051574215, -3.89238100587869, -0.000023499997837 ], [ 140.824426549245914, -3.898980273320888, -0.000023499997837 ], [ 140.826202106841833, -3.901996205560408, -0.000023499997837 ], [ 140.830182451359065, -3.904130845362204, -0.000023499997837 ], [ 140.830805557430608, -3.899068390693628, -0.000023499997837 ], [ 140.833768792995443, -3.899854691340863, -0.000023499997837 ], [ 140.834590896552754, -3.90440094864482, -0.000023499997837 ], [ 140.839717973805477, -3.90315490917169, -0.000023499997837 ], [ 140.839483923444391, -3.904940728931422, -0.000023499997837 ], [ 140.835834062691902, -3.906653730585163, -0.000023499997837 ], [ 140.838490372232968, -3.911093593594444, -0.000023499997837 ], [ 140.836075776176244, -3.916515045932556, -0.000023499997837 ], [ 140.839391138590258, -3.918293869866147, -0.000023499997837 ], [ 140.843616187736984, -3.924862701552399, -0.000023499997837 ], [ 140.838521173113691, -3.927259616038384, -0.000023499997837 ], [ 140.834468529399146, -3.932524850741231, -0.000023499997837 ], [ 140.829094205133515, -3.935381024714445, -0.000023499997837 ], [ 140.81111038843369, -3.94003592641684, -0.000023499997837 ], [ 140.796426279649154, -3.951521947979472, -0.000023499997837 ], [ 140.784603576194172, -3.956306241439847, -0.000023499997837 ], [ 140.781859258098393, -3.960066708012107, -0.000023499997837 ], [ 140.7803939711049, -3.958233677442195, -0.000023499997837 ], [ 140.77688426609609, -3.960363293631076, -0.000023499997837 ], [ 140.777871742387106, -3.957139124271123, -0.000023499997837 ], [ 140.775789713824338, -3.955247453407196, -0.000023499997837 ], [ 140.773291280268381, -3.956520465347126, -0.000023499997837 ], [ 140.773898042061091, -3.958602493010574, -0.000023499997837 ], [ 140.770316953364727, -3.958661979566671, -0.000023499997837 ], [ 140.771897371566524, -3.954602569353028, -0.000023499997837 ], [ 140.776325091929493, -3.953248705663214, -0.000023499997837 ], [ 140.772089652015893, -3.951773439792362, -0.000023499997837 ], [ 140.770911818925356, -3.949001367718893, -0.000023499997837 ], [ 140.773374561087167, -3.948299427076847, -0.000023499997837 ], [ 140.770281261071432, -3.945741506065588, -0.000023499997837 ], [ 140.770602489013754, -3.94388552659575, -0.000023499997837 ], [ 140.777311874843235, -3.939458836855806, -0.000023499997837 ], [ 140.779322518819299, -3.940125086103819, -0.000023499997837 ], [ 140.778406427114987, -3.936139488646461, -0.000023499997837 ], [ 140.775277434805844, -3.933986077295572, -0.000023499997837 ], [ 140.773005050342817, -3.935413752842351, -0.000023499997837 ], [ 140.772279315438141, -3.93289152502382, -0.000023499997837 ], [ 140.768603046993121, -3.93233235085728, -0.000023499997837 ], [ 140.770494718756368, -3.929476997965025, -0.000023499997837 ], [ 140.76941206361596, -3.92503930322124, -0.000023499997837 ], [ 140.763320644232408, -3.926014882380855, -0.000023499997837 ], [ 140.765117137146262, -3.928453830279977, -0.000023499997837 ], [ 140.760643750109011, -3.927192714572072, -0.000023499997837 ], [ 140.759318391330794, -3.932625025324626, -0.000023499997837 ], [ 140.755121020618617, -3.936494028376671, -0.000023499997837 ], [ 140.751194910616732, -3.93109741081679, -0.000023499997837 ], [ 140.752893845974313, -3.92875602137326, -0.000023499997837 ], [ 140.747820835063521, -3.928722708685996, -0.000023499997837 ], [ 140.743480697875953, -3.925143998696512, -0.000023499997837 ], [ 140.739254774588289, -3.924668107147397, -0.000023499997837 ], [ 140.742357592129224, -3.922916824052152, -0.000023499997837 ], [ 140.740777629883723, -3.918005615566642, -0.000023499997837 ], [ 140.738188776690777, -3.918386330065061, -0.000023499997837 ], [ 140.735733173347285, -3.916692153919712, -0.000023499997837 ], [ 140.733353712004259, -3.91811983126513, -0.000023499997837 ], [ 140.730174751563595, -3.912371052681863, -0.000023499997837 ], [ 140.728709004117263, -3.914008121877259, -0.000023499997837 ], [ 140.714698737556773, -3.917072868418074, -0.000023499997837 ], [ 140.710358601268467, -3.914522086225247, -0.000023499997837 ], [ 140.713521164370263, -3.912140182323526, -0.000023499997837 ], [ 140.706907643573004, -3.908703747779668, -0.000023499997837 ], [ 140.704299518807829, -3.913233126607452, -0.000023499997837 ], [ 140.704208382411025, -3.919846831765824, -0.000023499997837 ], [ 140.701102994607595, -3.925263095915113, -0.000023499997837 ], [ 140.703889902796845, -3.935667616167507, -0.000023499997837 ], [ 140.700467015640356, -3.942774948405088, -0.000023499997837 ], [ 140.677212588989846, -3.939399756793307, -0.000023499997837 ], [ 140.673206470802029, -3.944951391393545, -0.000023499997837 ], [ 140.66729515684608, -3.946672445576837, -0.000023499997837 ], [ 140.660616952310534, -3.958733569198785, -0.000023499997837 ], [ 140.655658783925787, -3.96064641010372, -0.000023499997837 ], [ 140.644410151007719, -3.958726754136364, -0.000023499997837 ], [ 140.640020563698158, -3.968490787120061, -0.000023499997837 ], [ 140.635443052255141, -3.971744084621776, -0.000023499997837 ], [ 140.634129597802712, -3.977059804566295, -0.000023499997837 ], [ 140.629920490038671, -3.978577762153975, -0.000023499997837 ], [ 140.626009616350757, -3.975694325232894, -0.000023499997837 ], [ 140.62260938041868, -3.970238908199008, -0.000023499997837 ], [ 140.625776497687298, -3.968630947360282, -0.000023499997837 ], [ 140.625640945573195, -3.963504987964768, -0.000023499997837 ], [ 140.622666010727926, -3.960171096818613, -0.000023499997837 ], [ 140.618680979843361, -3.959721293702671, -0.000023499997837 ], [ 140.617958210902771, -3.954081611876859, -0.000023499997837 ], [ 140.615294189675183, -3.954658124972468, -0.000023499997837 ], [ 140.60968497777958, -3.950879180929405, -0.000023499997837 ], [ 140.610004375601534, -3.947811966648885, -0.000023499997837 ], [ 140.607243182626803, -3.94521682629545, -0.000023499997837 ], [ 140.596507413286531, -3.943405996389572, -0.000023499997837 ], [ 140.594779062004136, -3.941316641949413, -0.000023499997837 ], [ 140.595445698859976, -3.939760505442905, -0.000023499997837 ], [ 140.592714678139941, -3.938442080437596, -0.000023499997837 ], [ 140.590499118239791, -3.940151865216365, -0.000023499997837 ], [ 140.590824224958055, -3.937453041124911, -0.000023499997837 ], [ 140.589362499280014, -3.936405259894798, -0.000023499997837 ], [ 140.586384300794862, -3.937465620841692, -0.000023499997837 ], [ 140.585642110994741, -3.935455691826689, -0.000023499997837 ], [ 140.587269070011644, -3.934305118986003, -0.000023499997837 ], [ 140.58458605600174, -3.932297278196756, -0.000023499997837 ], [ 140.584729749678218, -3.930739941994659, -0.000023499997837 ], [ 140.59401802241382, -3.930528195719603, -0.000023499997837 ], [ 140.596180307375334, -3.92878953370996, -0.000023499997837 ], [ 140.592662369073082, -3.929588360114678, -0.000023499997837 ], [ 140.594785838395751, -3.927292747062552, -0.000023499997837 ], [ 140.592106282279133, -3.925904376385802, -0.000023499997837 ], [ 140.589476484752026, -3.92706766294225, -0.000023499997837 ], [ 140.585071249238808, -3.921105530096099, -0.000023499997837 ], [ 140.582902967597988, -3.927410259675696, -0.000023499997837 ], [ 140.577881683892656, -3.924787099145249, -0.000023499997837 ], [ 140.580396914985727, -3.929174544269756, -0.000023499997837 ], [ 140.573481377563553, -3.929693926133723, -0.000023499997837 ], [ 140.56687849304808, -3.944701090283047, -0.000023499997837 ], [ 140.568386119224101, -3.9545006626754, -0.000023499997837 ], [ 140.564315527739495, -3.960531169178068, -0.000023499997837 ], [ 140.564315527739495, -3.963395659182254, -0.000023499997837 ], [ 140.569893746299385, -3.971386078904345, -0.000023499997837 ], [ 140.569742983052265, -3.97515514569335, -0.000023499997837 ], [ 140.566426205105358, -3.97621048392665, -0.000023499997837 ], [ 140.552254515633422, -3.963697183877912, -0.000023499997837 ], [ 140.54516867089751, -3.967013962724138, -0.000023499997837 ], [ 140.542002656197724, -3.966561674781417, -0.000023499997837 ], [ 140.531147744672694, -3.952389986208857, -0.000023499997837 ], [ 140.526624865245367, -3.951937698266136, -0.000023499997837 ], [ 140.514563853139407, -3.956309814446342, -0.000023499997837 ], [ 140.515070402577066, -3.954062708127424, -0.000023499997837 ], [ 140.512381613120965, -3.955871098172622, -0.000023499997837 ], [ 140.512476791071094, -3.950969409010952, -0.000023499997837 ], [ 140.509716616129026, -3.952539852831876, -0.000023499997837 ], [ 140.511191881999821, -3.947447805971422, -0.000023499997837 ], [ 140.509121750568397, -3.950065214438041, -0.000023499997837 ], [ 140.50650434390036, -3.948708920780007, -0.000023499997837 ], [ 140.506432960213033, -3.951135970648465, -0.000023499997837 ], [ 140.504695952955899, -3.950826640736807, -0.000023499997837 ], [ 140.50476733664334, -3.946281870911548, -0.000023499997837 ], [ 140.506123630301317, -3.945877362150497, -0.000023499997837 ], [ 140.504624570167834, -3.943521695969423, -0.000023499997837 ], [ 140.503720373796227, -3.948352002342972, -0.000023499997837 ], [ 140.50131711908989, -3.947471601133429, -0.000023499997837 ], [ 140.501626449001492, -3.944568658816479, -0.000023499997837 ], [ 140.498081051699273, -3.939191077206374, -0.000023499997837 ], [ 140.499056630858945, -3.934765278694613, -0.000023499997837 ], [ 140.497295830238386, -3.934146618871296, -0.000023499997837 ], [ 140.496248867391387, -3.935526706792018, -0.000023499997837 ], [ 140.496463017554333, -3.929459080771892, -0.000023499997837 ], [ 140.494354548923411, -3.926119640808736, -0.000023499997837 ], [ 140.500379278181185, -3.922573894569553, -0.000023499997837 ], [ 140.501649897025231, -3.925895552237876, -0.000023499997837 ], [ 140.507410332620793, -3.92790761984071, -0.000023499997837 ], [ 140.498999037375711, -3.918333468814467, -0.000023499997837 ], [ 140.499773062277086, -3.912794266442177, -0.000023499997837 ], [ 140.49511130144549, -3.91400701301319, -0.000023499997837 ], [ 140.493672523768055, -3.911740591055377, -0.000023499997837 ], [ 140.493782575605451, -3.910181512866473, -0.000023499997837 ], [ 140.497275350876862, -3.907988660847991, -0.000023499997837 ], [ 140.497503671657228, -3.904849259785465, -0.000023499997837 ], [ 140.500701608692339, -3.906465831632772, -0.000023499997837 ], [ 140.501899618972288, -3.91109358460119, -0.000023499997837 ], [ 140.50521140028593, -3.904182897222881, -0.000023499997837 ], [ 140.507977467586102, -3.90781749737954, -0.000023499997837 ], [ 140.517801324371703, -3.90567151982475, -0.000023499997837 ], [ 140.518625544033739, -3.907403361375998, -0.000023499997837 ], [ 140.511512798776721, -3.912477490143999, -0.000023499997837 ], [ 140.516712783168487, -3.914841318571973, -0.000023499997837 ], [ 140.518856893730685, -3.909489064568618, -0.000023499997837 ], [ 140.525271920662703, -3.90926063676892, -0.000023499997837 ], [ 140.519618320928885, -3.904653999882157, -0.000023499997837 ], [ 140.521902604321781, -3.90141793339086, -0.000023499997837 ], [ 140.517600539033765, -3.900370969644484, -0.000023499997837 ], [ 140.516344183437354, -3.896906475353489, -0.000023499997837 ], [ 140.517200788585569, -3.894831584709834, -0.000023499997837 ], [ 140.51056463005375, -3.891032334874296, -0.000023499997837 ], [ 140.512048208358237, -3.888605487353288, -0.000023499997837 ], [ 140.509655822858008, -3.885306078912379, -0.000023499997837 ], [ 140.513017869079476, -3.881032820708072, -0.000023499997837 ], [ 140.517416768868884, -3.884554768187968, -0.000023499997837 ], [ 140.518297311271908, -3.873180159137007, -0.000023499997837 ], [ 140.522433014572016, -3.871632737061134, -0.000023499997837 ], [ 140.52207757012377, -3.868433762208326, -0.000023499997837 ], [ 140.518741638415918, -3.867019516237633, -0.000023499997837 ], [ 140.524382024411011, -3.865869929053929, -0.000023499997837 ], [ 140.525729657597708, -3.861717609879747, -0.000023499997837 ], [ 140.522879770784812, -3.861051828279187, -0.000023499997837 ], [ 140.522751719016696, -3.858975219031095, -0.000023499997837 ], [ 140.526302315299631, -3.857022832237874, -0.000023499997837 ], [ 140.527453121964072, -3.851389344042957, -0.000023499997837 ], [ 140.532443762169919, -3.851924821972887, -0.000023499997837 ], [ 140.531872690872092, -3.842573540036824, -0.000023499997837 ], [ 140.542554091698094, -3.828851188731335, -0.000023499997837 ], [ 140.533226604923925, -3.819409487158055, -0.000023499997837 ], [ 140.534559103419951, -3.815278742719727, -0.000023499997837 ], [ 140.52854382513749, -3.816059205867589, -0.000023499997837 ], [ 140.524146581899345, -3.812499532727202, -0.000023499997837 ], [ 140.520215711785681, -3.811814248428789, -0.000023499997837 ], [ 140.515789914173297, -3.807531218191116, -0.000023499997837 ], [ 140.510079208388788, -3.80988688437219, -0.000023499997837 ], [ 140.502739341147731, -3.787136614063456, -0.000023499997837 ], [ 140.501549610026586, -3.801063689737418, -0.000023499997837 ], [ 140.496552742015524, -3.805584665299989, -0.000023499997837 ], [ 140.489890251334145, -3.80677439642119, -0.000023499997837 ], [ 140.479182676639311, -3.802491366183574, -0.000023499997837 ], [ 140.474899647300958, -3.802491366183574, -0.000023499997837 ], [ 140.470140724614794, -3.803205203956963, -0.000023499997837 ], [ 140.466095640601452, -3.808440019091563, -0.000023499997837 ], [ 140.46133671881455, -3.810105640862616, -0.000023499997837 ], [ 140.456101904579327, -3.808440019091563, -0.000023499997837 ], [ 140.448725576124502, -3.80153958218591, -0.000023499997837 ], [ 140.43397291831559, -3.781790054567296, -0.000023499997837 ], [ 140.426834535185662, -3.787024869701952, -0.000023499997837 ], [ 140.412774131421088, -3.782068721194491, -0.000023499997837 ], [ 140.409825436994424, -3.784364400796392, -0.000023499997837 ], [ 140.405132888771846, -3.784752190261315, -0.000023499997837 ], [ 140.404475844085027, -3.790403157679521, -0.000023499997837 ], [ 140.411326864143575, -3.793866024197598, -0.000023499997837 ], [ 140.417545462053454, -3.80106386600454, -0.000023499997837 ], [ 140.411670690250276, -3.8083910042414, -0.000023499997837 ], [ 140.401040434768333, -3.811399063815713, -0.000023499997837 ], [ 140.400215028900561, -3.813880197113349, -0.000023499997837 ], [ 140.405820265792727, -3.815565256831064, -0.000023499997837 ], [ 140.409922514312598, -3.821459024114631, -0.000023499997837 ], [ 140.411597294779426, -3.821668079618121, -0.000023499997837 ], [ 140.414442131898909, -3.817077265403441, -0.000023499997837 ], [ 140.422171267090334, -3.820118398445288, -0.000023499997837 ], [ 140.419695331874095, -3.823671677405969, -0.000023499997837 ], [ 140.419768573560873, -3.835030452093633, -0.000023499997837 ], [ 140.414500592328523, -3.842659469358978, -0.000023499997837 ], [ 140.419659911176041, -3.847105518804597, -0.000023499997837 ], [ 140.420542895238441, -3.850062754092789, -0.000023499997837 ], [ 140.429661601701582, -3.850585397797829, -0.000023499997837 ], [ 140.431993218212483, -3.855183812183157, -0.000023499997837 ], [ 140.422819197148328, -3.865668917986113, -0.000023499997837 ], [ 140.421592430146575, -3.872889770746269, -0.000023499997837 ], [ 140.417071399725387, -3.876277896407771, -0.000023499997837 ], [ 140.415339770414107, -3.881482797393119, -0.000023499997837 ], [ 140.412346421050529, -3.883882650863598, -0.000023499997837 ], [ 140.416659779125553, -3.892533967068857, -0.000023499997837 ], [ 140.417071007620962, -3.899004466882616, -0.000023499997837 ], [ 140.412923135594269, -3.899800832742187, -0.000023499997837 ], [ 140.406647403754732, -3.893700219589391, -0.000023499997837 ], [ 140.404553754152516, -3.894171719749011, -0.000023499997837 ], [ 140.403705811274222, -3.901330250390686, -0.000023499997837 ], [ 140.412862489812142, -3.911415399800831, -0.000023499997837 ], [ 140.410747716933656, -3.913629455135208, -0.000023499997837 ], [ 140.404990570158702, -3.912167858959492, -0.000023499997837 ], [ 140.405060283805142, -3.914533388904715, -0.000023499997837 ], [ 140.410069971651978, -3.918423000820781, -0.000023499997837 ], [ 140.414222262047815, -3.917911531192146, -0.000023499997837 ], [ 140.417513421007584, -3.9150711277303, -0.000023499997837 ], [ 140.420181872295643, -3.909578018310867, -0.000023499997837 ], [ 140.423396293004544, -3.907923834117582, -0.000023499997837 ], [ 140.428910298171786, -3.908446664881637, -0.000023499997837 ], [ 140.43543752002563, -3.911595392813069, -0.000023499997837 ], [ 140.439568765386298, -3.919890778036915, -0.000023499997837 ], [ 140.434717862739262, -3.924021178934197, -0.000023499997837 ], [ 140.428843340048161, -3.924237186197161, -0.000023499997837 ], [ 140.427284992108753, -3.93115028735582, -0.000023499997837 ], [ 140.44665605533271, -3.948001907062292, -0.000023499997837 ], [ 140.441941525880793, -3.952727419035114, -0.000023499997837 ], [ 140.437284435228548, -3.953671504836052, -0.000023499997837 ], [ 140.437833317553668, -3.959155601249961, -0.000023499997837 ], [ 140.440541171737777, -3.961685207106598, -0.000023499997837 ], [ 140.445750164638412, -3.962826034893567, -0.000023499997837 ], [ 140.464227922280884, -3.961579026850586, -0.000023499997837 ], [ 140.470716908558529, -3.965169679836833, -0.000023499997837 ], [ 140.471987528301838, -3.975744162962712, -0.000023499997837 ], [ 140.475604777838271, -3.976896324006077, -0.000023499997837 ], [ 140.47870608721621, -3.980381171753606, -0.000023499997837 ], [ 140.474251397983721, -3.986239314192972, -0.000023499997837 ], [ 140.476429718756549, -3.992967440095242, -0.000023499997837 ], [ 140.47409301298228, -3.993805065051674, -0.000023499997837 ], [ 140.471605760697344, -3.992449426999428, -0.000023499997837 ], [ 140.469519797600697, -3.987317996128581, -0.000023499997837 ], [ 140.467659038234046, -3.986439530260043, -0.000023499997837 ], [ 140.464466633828124, -3.988859460195897, -0.000023499997837 ], [ 140.464646015301469, -3.991475185131662, -0.000023499997837 ], [ 140.473876463428155, -3.997898743931842, -0.000023499997837 ], [ 140.478144753777428, -3.996948924053527, -0.000023499997837 ], [ 140.48079318255941, -4.001055116100702, -0.000023499997837 ], [ 140.483949624875322, -4.000942776387944, -0.000023499997837 ], [ 140.482625381256412, -4.006572636717749, -0.000023499997837 ], [ 140.496019667074052, -4.018414116218423, -0.000023499997837 ], [ 140.495755271788425, -4.021094734434428, -0.000023499997837 ], [ 140.49258292766001, -4.021298567574775, -0.000023499997837 ], [ 140.492844474792719, -4.023242475559755, -0.000023499997837 ], [ 140.498089130309154, -4.028586197694835, -0.000023499997837 ], [ 140.499481910361965, -4.035565714685958, -0.000023499997837 ], [ 140.505027779408579, -4.041224516098509, -0.000023499997837 ], [ 140.509149106146424, -4.051509156722148, -0.000023499997837 ], [ 140.515542144654319, -4.056651574610441, -0.000023499997837 ], [ 140.518940426359677, -4.063672265262767, -0.000023499997837 ], [ 140.522176866968948, -4.064982456974747, -0.000023499997837 ], [ 140.523332565945225, -4.062142542744084, -0.000023499997837 ], [ 140.531268269115344, -4.062429886030372, -0.000023499997837 ], [ 140.532575627063579, -4.064506059107316, -0.000023499997837 ], [ 140.532618567892655, -4.072230266013946, -0.000023499997837 ], [ 140.538527579584184, -4.07208330779838, -0.000023499997837 ], [ 140.540138646681271, -4.069101219745448, -0.000023499997837 ], [ 140.546420994833056, -4.069788395318142, -0.000023499997837 ], [ 140.549297963829986, -4.072182640616347, -0.000023499997837 ], [ 140.551322829684864, -4.079793496972286, -0.000023499997837 ], [ 140.556547656049588, -4.080465356191212, -0.000023499997837 ], [ 140.558580665265595, -4.082226880765916, -0.000023499997837 ], [ 140.559774877708492, -4.088555563788191, -0.000023499997837 ], [ 140.552261851403387, -4.096763351447464, -0.000023499997837 ], [ 140.568940707747515, -4.097266242443084, -0.000023499997837 ], [ 140.569395142371945, -4.103276194041086, -0.000023499997837 ], [ 140.572733512141895, -4.106063475448991, -0.000023499997837 ], [ 140.567367585745501, -4.112474278265267, -0.000023499997837 ], [ 140.567633309329835, -4.11601051057653, -0.000023499997837 ], [ 140.574169832871576, -4.115683724824009, -0.000023499997837 ], [ 140.578247743938277, -4.112583812992511, -0.000023499997837 ], [ 140.585392526643886, -4.113752356086309, -0.000023499997837 ], [ 140.588598559376123, -4.115993636597011, -0.000023499997837 ], [ 140.588944744404444, -4.105880478701067, -0.000023499997837 ], [ 140.594499684013272, -4.097657273963989, -0.000023499997837 ], [ 140.595142138099277, -4.093302860038932, -0.000023499997837 ], [ 140.599710703086544, -4.088520143090079, -0.000023499997837 ], [ 140.598794194996117, -4.082353054749603, -0.000023499997837 ], [ 140.600567309134021, -4.074885831815664, -0.000023499997837 ], [ 140.604707571097606, -4.067604681310968, -0.000023499997837 ], [ 140.610308951696879, -4.06187139444927, -0.000023499997837 ], [ 140.614626845052953, -4.059461408317304, -0.000023499997837 ], [ 140.625837184838247, -4.059752460407651, -0.000023499997837 ], [ 140.627764548894902, -4.060609065555866, -0.000023499997837 ], [ 140.62912084075424, -4.064749328418714, -0.000023499997837 ], [ 140.640113951097987, -4.06467794383201, -0.000023499997837 ], [ 140.643288281828859, -4.058587737633957, -0.000023499997837 ], [ 140.640113951097987, -4.048259663352724, -0.000023499997837 ], [ 140.640827788871434, -4.0461895319213, -0.000023499997837 ], [ 140.650321839081698, -4.041335432184383, -0.000023499997837 ], [ 140.663846825170936, -4.037458123893259, -0.000023499997837 ], [ 140.666702178063133, -4.037458123893259, -0.000023499997837 ], [ 140.672616278118767, -4.042361432733912, -0.000023499997837 ], [ 140.675210139636306, -4.041531580617914, -0.000023499997837 ], [ 140.677069709199827, -4.038191822294721, -0.000023499997837 ], [ 140.67906879778684, -4.042669881309905, -0.000023499997837 ], [ 140.684385938660171, -4.045734365248734, -0.000023499997837 ], [ 140.69197716731253, -4.056482233168481, -0.000023499997837 ], [ 140.693992411320778, -4.065737184223622, -0.000023499997837 ], [ 140.697907224039227, -4.068567508983278, -0.000023499997837 ], [ 140.696371060576098, -4.079142348240737, -0.000023499997837 ], [ 140.705745273425691, -4.087364156330693, -0.000023499997837 ], [ 140.705995830842994, -4.092045177043246, -0.000023499997837 ], [ 140.70918699328513, -4.094417111060807, -0.000023499997837 ], [ 140.708032572245429, -4.098658332715843, -0.000023499997837 ], [ 140.710896368872341, -4.097765500177616, -0.000023499997837 ], [ 140.713755239912416, -4.100428286636088, -0.000023499997837 ], [ 140.718585533695432, -4.099210958019228, -0.000023499997837 ], [ 140.718177466317115, -4.087535853097108, -0.000023499997837 ], [ 140.72071082774255, -4.082042471183058, -0.000023499997837 ], [ 140.71693144303174, -4.07675624540434, -0.000023499997837 ], [ 140.70765025155788, -4.072318004772058, -0.000023499997837 ], [ 140.706691239709016, -4.064789638730815, -0.000023499997837 ], [ 140.702787876259549, -4.061109954660651, -0.000023499997837 ], [ 140.702280345661507, -4.054995458673432, -0.000023499997837 ], [ 140.697738299882644, -4.049128218692317, -0.000023499997837 ], [ 140.694069664883159, -4.047345762396958, -0.000023499997837 ], [ 140.691763000961828, -4.038560622574607, -0.000023499997837 ], [ 140.686829992010644, -4.031047009012184, -0.000023499997837 ], [ 140.688529352747537, -4.028241144013521, -0.000023499997837 ], [ 140.686252961804826, -4.028356791432714, -0.000023499997837 ], [ 140.687755803587493, -4.025713817038991, -0.000023499997837 ], [ 140.684368741824073, -4.019327026121289, -0.000023499997837 ], [ 140.682327845553687, -4.010766518060336, -0.000023499997837 ], [ 140.679769553122469, -4.008506850011088, -0.000023499997837 ], [ 140.68034845211946, -4.006306459875191, -0.000023499997837 ], [ 140.675489095845137, -4.002584077792903, -0.000023499997837 ], [ 140.674263465586478, -3.99822354308202, -0.000023499997837 ], [ 140.671494641864342, -3.997991700556497, -0.000023499997837 ], [ 140.664694700599966, -3.991044721936305, -0.000023499997837 ], [ 140.660841116424422, -3.985370759752698, -0.000023499997837 ], [ 140.661959017794516, -3.978306266720779, -0.000023499997837 ], [ 140.657418310206936, -3.974884018082946, -0.000023499997837 ], [ 140.656971351646575, -3.972174780741511, -0.000023499997837 ], [ 140.659396553408328, -3.971897599794374, -0.000023499997837 ], [ 140.659338535445158, -3.974377191654014, -0.000023499997837 ], [ 140.663036136708456, -3.972082971651787, -0.000023499997837 ], [ 140.668419186196502, -3.973337178767736, -0.000023499997837 ], [ 140.672654442648422, -3.971152696739523, -0.000023499997837 ], [ 140.67605290781546, -3.979517692187699, -0.000023499997837 ], [ 140.68590387556344, -3.984514560198761, -0.000023499997837 ], [ 140.69209047469576, -3.984038667750269, -0.000023499997837 ], [ 140.694422346614033, -3.990130088033084, -0.000023499997837 ], [ 140.697277700405607, -3.991986068402298, -0.000023499997837 ], [ 140.705502702887543, -4.006988568667452, -0.000023499997837 ], [ 140.70674002343344, -4.01212820495266, -0.000023499997837 ], [ 140.70941267725334, -4.014212702154452, -0.000023499997837 ], [ 140.71300972531867, -4.014231128363861, -0.000023499997837 ], [ 140.713408196031537, -4.016840880002576, -0.000023499997837 ], [ 140.71840842570839, -4.020468112913022, -0.000023499997837 ], [ 140.722368457238531, -4.016166381273422, -0.000023499997837 ], [ 140.72725487860987, -4.016538497353736, -0.000023499997837 ], [ 140.731207613040965, -4.014277122391263, -0.000023499997837 ], [ 140.735290939825063, -4.014378520052617, -0.000023499997837 ], [ 140.742678502610829, -4.009353440308985, -0.000023499997837 ], [ 140.750970448827161, -4.006338187057622, -0.000023499997837 ], [ 140.753081126193138, -4.003624459401237, -0.000023499997837 ], [ 140.761976121800672, -4.007242762943122, -0.000023499997837 ], [ 140.769830552338135, -4.007217904782408, -0.000023499997837 ], [ 140.775607498587306, -4.005384794172869, -0.000023499997837 ], [ 140.77642965970108, -4.00143852316927, -0.000023499997837 ], [ 140.778690233367684, -4.000141879743921, -0.000023499997837 ], [ 140.785326991747297, -4.003417977757408, -0.000023499997837 ], [ 140.787149798824203, -4.007721079963801, -0.000023499997837 ], [ 140.792976956921052, -4.010581886344937, -0.000023499997837 ], [ 140.796759386736426, -4.009178382776099, -0.000023499997837 ], [ 140.796609885238126, -4.0079536518395, -0.000023499997837 ], [ 140.79875700223397, -4.008343505248547, -0.000023499997837 ], [ 140.800174231255824, -4.003000793951458, -0.000023499997837 ], [ 140.803363801898058, -4.004039546887554, -0.000023499997837 ], [ 140.809313366718584, -4.011073465667835, -0.000023499997837 ], [ 140.811992366154868, -4.010809802430401, -0.000023499997837 ], [ 140.810551600975714, -4.011971451321358, -0.000023499997837 ], [ 140.812271890735246, -4.013010194364938, -0.000023499997837 ], [ 140.812795994039902, -4.010901079121481, -0.000023499997837 ], [ 140.811512892605947, -4.008411972434544, -0.000023499997837 ], [ 140.81490707969806, -4.004623509067642, -0.000023499997837 ], [ 140.809844470346093, -4.000151227297238, -0.000023499997837 ], [ 140.8101411971586, -3.995264249245679, -0.000023499997837 ], [ 140.813541487949351, -3.995556045974695, -0.000023499997837 ], [ 140.820988013885767, -4.002151172038907, -0.000023499997837 ], [ 140.822727353084929, -4.000716042910994, -0.000023499997837 ], [ 140.821779893027724, -3.998239790234095, -0.000023499997837 ], [ 140.827515822097553, -3.999609297630911, -0.000023499997837 ], [ 140.831852388976586, -3.99673609859201, -0.000023499997837 ], [ 140.836061858268181, -3.985809199934579, -0.000023499997837 ], [ 140.839572156829604, -3.983485656637697, -0.000023499997837 ], [ 140.840440651015342, -3.980335511374676, -0.000023499997837 ], [ 140.844406558715832, -3.979028523047873, -0.000023499997837 ], [ 140.851019626254811, -3.97348838268266, -0.000023499997837 ], [ 140.869490800859808, -3.968346426146582, -0.000023499997837 ], [ 140.877078717309018, -3.969735932667106, -0.000023499997837 ], [ 140.881441672095548, -3.964886505807556, -0.000023499997837 ], [ 140.888492893831994, -3.963622511369749, -0.000023499997837 ], [ 140.889786486756975, -3.961057239300089, -0.000023499997837 ], [ 140.892975274988999, -3.96169122896697, -0.000023499997837 ], [ 140.894418792992951, -3.967626809329715, -0.000023499997837 ], [ 140.905347911177273, -3.968666742176367, -0.000023499997837 ], [ 140.911162488657965, -3.967451851621604, -0.000023499997837 ], [ 140.914685583672849, -3.969684819698614, -0.000023499997837 ], [ 140.922217606357549, -3.967957866862037, -0.000023499997837 ], [ 140.927064938696049, -3.969553912582967, -0.000023499997837 ], [ 140.957843715015542, -3.968902833998527, -0.000023499997837 ], [ 140.974390094027626, -3.966874254842935, -0.000023499997837 ], [ 140.976559346936369, -3.967482095821993, -0.000023499997837 ], [ 140.976391274437788, -3.973445242204093, -0.000023499997837 ], [ 140.973422283211903, -3.978059311987636, -0.000023499997837 ], [ 140.974696735865678, -3.981255541210203, -0.000023499997837 ], [ 140.97361389726359, -3.982392128693732, -0.000023499997837 ], [ 140.975590685361908, -3.984107332787119, -0.000023499997837 ], [ 140.976715669792384, -3.982752432178927, -0.000023499997837 ], [ 140.977723837685062, -3.986890565447197, -0.000023499997837 ], [ 140.981314648052603, -3.988561810678959, -0.000023499997837 ], [ 140.980782854645099, -3.990459125688062, -0.000023499997837 ], [ 140.987726807046556, -3.994542920119613, -0.000023499997837 ], [ 140.988358598770333, -3.998419259840944, -0.000023499997837 ], [ 140.984403971266374, -4.000848965407386, -0.000023499997837 ], [ 140.9856400642376, -4.003761285854637, -0.000023499997837 ], [ 140.983491869853992, -4.008050444972014, -0.000023499997837 ], [ 140.986199795084531, -4.009946010799695, -0.000023499997837 ], [ 140.987555624692391, -4.007215196024447, -0.000023499997837 ], [ 140.990596627332593, -4.008088589716579, -0.000023499997837 ], [ 140.992947153888053, -4.005986329105781, -0.000023499997837 ], [ 140.996309257666212, -4.009615306700994, -0.000023499997837 ], [ 140.995715171817778, -4.017079757025101, -0.000023499997837 ], [ 141.001238790737716, -4.01955230899182, -0.000023499997837 ], [ 141.002474721831049, -4.14811750012251, -0.000023499997837 ], [ 141.000631663820286, -5.344435573442922, -0.000023499997837 ], [ 140.813198069235568, -5.296622159085302, -0.000023499997837 ], [ 140.720277546971261, -5.281409507043065, -0.000023499997837 ], [ 140.726403607340671, -5.277965716944209, -0.000023499997837 ], [ 140.7290507572867, -5.280821069836463, -0.000023499997837 ], [ 140.736575803030973, -5.279244677000179, -0.000023499997837 ], [ 140.738330654636115, -5.273385254825598, -0.000023499997837 ], [ 140.735326586252995, -5.26606841202755, -0.000023499997837 ], [ 140.740710115979141, -5.263688950684468, -0.000023499997837 ], [ 140.741780873988205, -5.260476679355236, -0.000023499997837 ], [ 140.736278370250602, -5.246646062265938, -0.000023499997837 ], [ 140.736928869671715, -5.242513914885194, -0.000023499997837 ], [ 140.726337560230263, -5.241391632917498, -0.000023499997837 ], [ 140.725330341122458, -5.232293815007495, -0.000023499997837 ], [ 140.714606094795499, -5.235075353344826, -0.000023499997837 ], [ 140.712379150377501, -5.237237575353788, -0.000023499997837 ], [ 140.709629458832524, -5.236373337659359, -0.000023499997837 ], [ 140.692154699779621, -5.241724223793824, -0.000023499997837 ], [ 140.687010711675043, -5.241493804895129, -0.000023499997837 ], [ 140.670430332893602, -5.25281431612774, -0.000023499997837 ], [ 140.662655808918544, -5.255069419218273, -0.000023499997837 ], [ 140.655958414649149, -5.260522499813476, -0.000023499997837 ], [ 140.636338259003537, -5.264729720799949, -0.000023499997837 ], [ 140.626519430327562, -5.264299384409014, -0.000023499997837 ], [ 140.615245373575249, -5.256819242713846, -0.000023499997837 ], [ 140.602317808919793, -5.251657040639884, -0.000023499997837 ], [ 140.590667766304477, -5.250665136986413, -0.000023499997837 ] ], [ [ 139.975759850736608, -4.47554005093258, -0.000023499997837 ], [ 139.975026727901195, -4.483461009717757, -0.000023499997837 ], [ 139.976208212239271, -4.48672915502641, -0.000023499997837 ], [ 139.970051291633922, -4.488165755445209, -0.000023499997837 ], [ 139.984378022427904, -4.4923249517351, -0.000023499997837 ], [ 139.996394910197068, -4.485548811028764, -0.000023499997837 ], [ 139.997492254863687, -4.478902389433699, -0.000023499997837 ], [ 140.001953743870217, -4.472358871864401, -0.000023499997837 ], [ 140.001656311989223, -4.469681977741061, -0.000023499997837 ], [ 139.992138468415646, -4.468789680299437, -0.000023499997837 ], [ 139.975759850736608, -4.47554005093258, -0.000023499997837 ] ], [ [ 140.061142836572685, -4.441723310782095, -0.000023499997837 ], [ 140.053112156001248, -4.455702644261578, -0.000023499997837 ], [ 140.053409588781506, -4.45808210470534, -0.000023499997837 ], [ 140.068876085263241, -4.46075899882868, -0.000023499997837 ], [ 140.073337575169035, -4.466410218956412, -0.000023499997837 ], [ 140.077799064175565, -4.46670765173667, -0.000023499997837 ], [ 140.086722043087889, -4.463733324833015, -0.000023499997837 ], [ 140.092472842447819, -4.456720493356045, -0.000023499997837 ], [ 140.089000151735718, -4.430697314929091, -0.000023499997837 ], [ 140.076311901173312, -4.428636275643555, -0.000023499997837 ], [ 140.071909897823616, -4.42643527396865, -0.000023499997837 ], [ 140.065306893698221, -4.439641283118647, -0.000023499997837 ], [ 140.061142836572685, -4.441723310782095, -0.000023499997837 ] ] ] } },
{ "type": "Feature", "properties": { "kabkota": "Tolikara" }, "geometry": { "type": "MultiPolygon", "coordinates": [ [ [ [ 138.418919075255189, -3.771572315409969, -0.000023499997837 ], [ 138.421099749553832, -3.777569170181039, -0.000023499997837 ], [ 138.419302058743028, -3.782962242613337, -0.000023499997837 ], [ 138.372011485042094, -3.759978543375041, -0.000023499997837 ], [ 138.376774362946549, -3.766373331064358, -0.000023499997837 ], [ 138.382113867261182, -3.776417015432855, -0.000023499997837 ], [ 138.379669498248859, -3.773537340375924, -0.000023499997837 ], [ 138.367402198752529, -3.772275305560868, -0.000023499997837 ], [ 138.3622053377062, -3.761666101409389, -0.000023499997837 ], [ 138.352271331057182, -3.761097298201719, -0.000023499997837 ], [ 138.347372397418326, -3.758425204659432, -0.000023499997837 ], [ 138.344861362561915, -3.759220220636621, -0.000023499997837 ], [ 138.34387715260857, -3.76169486802371, -0.000023499997837 ], [ 138.339029750122904, -3.755541389123778, -0.000023499997837 ], [ 138.339969814155666, -3.753108532332874, -0.000023499997837 ], [ 138.336638567915656, -3.746969521725987, -0.000023499997837 ], [ 138.339493920807854, -3.738974533447902, -0.000023499997837 ], [ 138.337733120187409, -3.730218117072411, -0.000023499997837 ], [ 138.342967934422745, -3.72712481705662, -0.000023499997837 ], [ 138.342539631398949, -3.724935713412378, -0.000023499997837 ], [ 138.336400621691382, -3.720795451448851, -0.000023499997837 ], [ 138.330538693106291, -3.721392136337954, -0.000023499997837 ], [ 138.326411078308638, -3.719702321005286, -0.000023499997837 ], [ 138.320849730131044, -3.713376370123342, -0.000023499997837 ], [ 138.321067293221063, -3.707397903790195, -0.000023499997837 ], [ 138.318306699194864, -3.70914454818228, -0.000023499997837 ], [ 138.315745602677453, -3.707184885873744, -0.000023499997837 ], [ 138.30986460936424, -3.70701904369389, -0.000023499997837 ], [ 138.304633479651443, -3.703752135852312, -0.000023499997837 ], [ 138.293549000885719, -3.704818137347104, -0.000023499997837 ], [ 138.287274075738083, -3.700747151959433, -0.000023499997837 ], [ 138.28511038333761, -3.705200953561132, -0.000023499997837 ], [ 138.282657780132467, -3.704193159786428, -0.000023499997837 ], [ 138.282658045432527, -3.701517120918368, -0.000023499997837 ], [ 138.277659883297019, -3.696227311341318, -0.000023499997837 ], [ 138.286695522080777, -3.691039143141893, -0.000023499997837 ], [ 138.288612685127418, -3.685959620240226, -0.000023499997837 ], [ 138.285654312196812, -3.680448785183216, -0.000023499997837 ], [ 138.282091926701128, -3.677884927747186, -0.000023499997837 ], [ 138.280328541429071, -3.67313495961065, -0.000023499997837 ], [ 138.282670510036041, -3.664150381634784, -0.000023499997837 ], [ 138.280616876667636, -3.650617159554201, -0.000023499997837 ], [ 138.276877455130489, -3.64568886035255, -0.000023499997837 ], [ 138.272947648914965, -3.63538503179376, -0.000023499997837 ], [ 138.267079705663946, -3.627630440392466, -0.000023499997837 ], [ 138.257891505888324, -3.626622646617818, -0.000023499997837 ], [ 138.254800771638315, -3.619644472314519, -0.000023499997837 ], [ 138.257211824366209, -3.615405798438815, -0.000023499997837 ], [ 138.261453035229465, -3.595776163039432, -0.000023499997837 ], [ 138.260831341992912, -3.588160882918373, -0.000023499997837 ], [ 138.25739477434945, -3.583244193065013, -0.000023499997837 ], [ 138.257500143416905, -3.570996007759504, -0.000023499997837 ], [ 138.255372197269139, -3.557710200865017, -0.000023499997837 ], [ 138.26173849803331, -3.550368818266293, -0.000023499997837 ], [ 138.263357389232169, -3.545732831105227, -0.000023499997837 ], [ 138.262732953962768, -3.537221363075389, -0.000023499997837 ], [ 138.265803541600235, -3.534052484034873, -0.000023499997837 ], [ 138.266245552090595, -3.531173987989121, -0.000023499997837 ], [ 138.271956980929986, -3.526914130582611, -0.000023499997837 ], [ 138.27195009392176, -3.524945737655628, -0.000023499997837 ], [ 138.26650093526996, -3.517999761779549, -0.000023499997837 ], [ 138.266434317989479, -3.498833841108819, -0.000023499997837 ], [ 138.271391299269112, -3.493703553276305, -0.000023499997837 ], [ 138.271007087307339, -3.490304555710622, -0.000023499997837 ], [ 138.266915884260698, -3.486222139040422, -0.000023499997837 ], [ 138.259906571830925, -3.484783373953519, -0.000023499997837 ], [ 138.261196730244933, -3.481251577997853, -0.000023499997837 ], [ 138.255565309591475, -3.473466597605352, -0.000023499997837 ], [ 138.250418634312609, -3.473734742164595, -0.000023499997837 ], [ 138.244420848743289, -3.476977310754251, -0.000023499997837 ], [ 138.23079758114352, -3.471033214711042, -0.000023499997837 ], [ 138.230658240185676, -3.451772662878057, -0.000023499997837 ], [ 138.23208894285051, -3.442530204305456, -0.000023499997837 ], [ 138.22923420329596, -3.440827838933558, -0.000023499997837 ], [ 138.225966849390602, -3.443343666277144, -0.000023499997837 ], [ 138.215455842213373, -3.440058563351954, -0.000023499997837 ], [ 138.212615275074995, -3.441189093002208, -0.000023499997837 ], [ 138.208315914048285, -3.439231100734673, -0.000023499997837 ], [ 138.205618643085927, -3.433008454976175, -0.000023499997837 ], [ 138.203261294273375, -3.433921375670877, -0.000023499997837 ], [ 138.201452200059066, -3.437949356377658, -0.000023499997837 ], [ 138.194894478597348, -3.438256725767246, -0.000023499997837 ], [ 138.186933011649216, -3.443640947072026, -0.000023499997837 ], [ 138.179683174638853, -3.445626101563278, -0.000023499997837 ], [ 138.176539109692271, -3.440649947636928, -0.000023499997837 ], [ 138.170649903770141, -3.440741098422905, -0.000023499997837 ], [ 138.169585325002799, -3.436426964232965, -0.000023499997837 ], [ 138.166178106734264, -3.434523996984808, -0.000023499997837 ], [ 138.164625306712651, -3.434715244113193, -0.000023499997837 ], [ 138.163186461585951, -3.438373494641041, -0.000023499997837 ], [ 138.154033178888199, -3.435101793412969, -0.000023499997837 ], [ 138.150785535424234, -3.436923185856301, -0.000023499997837 ], [ 138.148409885408, -3.43280561738527, -0.000023499997837 ], [ 138.148425056970837, -3.429874171955419, -0.000023499997837 ], [ 138.150878484854275, -3.428528809556894, -0.000023499997837 ], [ 138.149947010246365, -3.426092041614368, -0.000023499997837 ], [ 138.144851902992968, -3.427332617706099, -0.000023499997837 ], [ 138.143939974250429, -3.423647739151818, -0.000023499997837 ], [ 138.137806555628117, -3.419508290175429, -0.000023499997837 ], [ 138.135847523744246, -3.416141428084416, -0.000023499997837 ], [ 138.131291186838894, -3.412830911217554, -0.000023499997837 ], [ 138.12450585056456, -3.410844586708265, -0.000023499997837 ], [ 138.124426370280844, -3.40503769123643, -0.000023499997837 ], [ 138.11746614284823, -3.403818715061618, -0.000023499997837 ], [ 138.115086114932296, -3.401847787845099, -0.000023499997837 ], [ 138.115419695062997, -3.399376968871991, -0.000023499997837 ], [ 138.113070110996887, -3.396217331264779, -0.000023499997837 ], [ 138.114608859111627, -3.395685152947408, -0.000023499997837 ], [ 138.114565143067011, -3.391125074862259, -0.000023499997837 ], [ 138.11034985785966, -3.377898578256747, -0.000023499997837 ], [ 138.111393626314907, -3.371773640241258, -0.000023499997837 ], [ 138.116082418069254, -3.367017266233802, -0.000023499997837 ], [ 138.118405911903324, -3.346559360625918, -0.000023499997837 ], [ 138.113705646598419, -3.334529045079307, -0.000023499997837 ], [ 138.119458900208087, -3.335159012078691, -0.000023499997837 ], [ 138.12466418430472, -3.332543717918213, -0.000023499997837 ], [ 138.125728502268657, -3.32949292615757, -0.000023499997837 ], [ 138.13264912715556, -3.328936696371386, -0.000023499997837 ], [ 138.133653933382334, -3.32699162196576, -0.000023499997837 ], [ 138.127428034776017, -3.325560618028078, -0.000023499997837 ], [ 138.125613695715515, -3.318886230215298, -0.000023499997837 ], [ 138.130394587939918, -3.309230991816776, -0.000023499997837 ], [ 138.134013689180506, -3.305462103992852, -0.000023499997837 ], [ 138.1353580839085, -3.297707044044785, -0.000023499997837 ], [ 138.132407553066173, -3.295006355658757, -0.000023499997837 ], [ 138.129278257685542, -3.295857974965543, -0.000023499997837 ], [ 138.125842679296284, -3.294573511957935, -0.000023499997837 ], [ 138.124861868780272, -3.297849549716886, -0.000023499997837 ], [ 138.121480579765034, -3.29848274438308, -0.000023499997837 ], [ 138.119530456565371, -3.301024259961594, -0.000023499997837 ], [ 138.115672943251752, -3.301365523899733, -0.000023499997837 ], [ 138.112591240893153, -3.304542192867871, -0.000023499997837 ], [ 138.107211205033195, -3.306638579107073, -0.000023499997837 ], [ 138.103434637898317, -3.306485055840596, -0.000023499997837 ], [ 138.109207127107311, -3.292839719777191, -0.000023499997837 ], [ 138.108531955685294, -3.289688132900949, -0.000023499997837 ], [ 138.110110124682592, -3.286930439188382, -0.000023499997837 ], [ 138.10674610714716, -3.282147497409028, -0.000023499997837 ], [ 138.107811470123352, -3.279291924182928, -0.000023499997837 ], [ 138.105612126798292, -3.275628560109908, -0.000023499997837 ], [ 138.105860480876572, -3.272097906293311, -0.000023499997837 ], [ 138.100135248343122, -3.269637243364059, -0.000023499997837 ], [ 138.099544403651407, -3.263400453967733, -0.000023499997837 ], [ 138.095684909131364, -3.262410280609913, -0.000023499997837 ], [ 138.096606822147237, -3.259450659420338, -0.000023499997837 ], [ 138.094306958899097, -3.259092713058237, -0.000023499997837 ], [ 138.089660287792071, -3.253253130827261, -0.000023499997837 ], [ 138.080191427592354, -3.247410296647843, -0.000023499997837 ], [ 138.078665120698815, -3.243097428703322, -0.000023499997837 ], [ 138.082117289781195, -3.23503762988264, -0.000023499997837 ], [ 138.08585753869454, -3.235115211697632, -0.000023499997837 ], [ 138.084805490181338, -3.230771789286621, -0.000023499997837 ], [ 138.086613637409528, -3.225059635593652, -0.000023499997837 ], [ 138.083209555976282, -3.223125952001055, -0.000023499997837 ], [ 138.077120782398197, -3.226346851426001, -0.000023499997837 ], [ 138.07522750444582, -3.225730444404462, -0.000023499997837 ], [ 138.070201260080125, -3.220612674235497, -0.000023499997837 ], [ 138.06958626679284, -3.213715241964792, -0.000023499997837 ], [ 138.0640456938537, -3.212234070246097, -0.000023499997837 ], [ 138.061906135659683, -3.209791052914738, -0.000023499997837 ], [ 138.063148489711125, -3.207074752297956, -0.000023499997837 ], [ 138.069445849346494, -3.203500073969167, -0.000023499997837 ], [ 138.071906437632038, -3.198042384348526, -0.000023499997837 ], [ 138.068519100675985, -3.191539839891675, -0.000023499997837 ], [ 138.072916924876267, -3.182285236874122, -0.000023499997837 ], [ 138.069028566615088, -3.174074685598214, -0.000023499997837 ], [ 138.070852044586218, -3.166468231423721, -0.000023499997837 ], [ 138.077258310322804, -3.157242970586594, -0.000023499997837 ], [ 138.075552977188181, -3.152648118415868, -0.000023499997837 ], [ 138.07275618994629, -3.150195822778926, -0.000023499997837 ], [ 138.077859992744493, -3.14120998035628, -0.000023499997837 ], [ 138.074407701354403, -3.134389700024599, -0.000023499997837 ], [ 138.074658690446313, -3.131349083193584, -0.000023499997837 ], [ 138.084596219739865, -3.128088552444694, -0.000023499997837 ], [ 138.099379332190438, -3.1266140150247, -0.000023499997837 ], [ 138.106570839172946, -3.12136172516341, -0.000023499997837 ], [ 138.11696511075138, -3.117140781421881, -0.000023499997837 ], [ 138.130892136962643, -3.116758661283143, -0.000023499997837 ], [ 138.155663248660062, -3.112384502742543, -0.000023499997837 ], [ 138.169833771711296, -3.106956212858904, -0.000023499997837 ], [ 138.189418483276427, -3.117696762995195, -0.000023499997837 ], [ 138.23079204131966, -3.146554275359449, -0.000023499997837 ], [ 138.23069867820152, -3.14976234505616, -0.000023499997837 ], [ 138.235578578588616, -3.151638768814109, -0.000023499997837 ], [ 138.235131811583869, -3.154486840795016, -0.000023499997837 ], [ 138.231431623870435, -3.158645454324187, -0.000023499997837 ], [ 138.231842767829562, -3.1682533542089, -0.000023499997837 ], [ 138.223389394205242, -3.172423294699229, -0.000023499997837 ], [ 138.216012348091454, -3.173321412553094, -0.000023499997837 ], [ 138.213994283809257, -3.182532473994456, -0.000023499997837 ], [ 138.193588949870218, -3.193407277623692, -0.000023499997837 ], [ 138.185001537690823, -3.206551636448808, -0.000023499997837 ], [ 138.179820412981712, -3.207763169834379, -0.000023499997837 ], [ 138.169619357147667, -3.205687853811355, -0.000023499997837 ], [ 138.166624390803008, -3.203474095253227, -0.000023499997837 ], [ 138.163967875317212, -3.197986064305383, -0.000023499997837 ], [ 138.159330862929096, -3.19849326934883, -0.000023499997837 ], [ 138.15904954060386, -3.210456731992565, -0.000023499997837 ], [ 138.155745959308661, -3.213590826155666, -0.000023499997837 ], [ 138.149006862576698, -3.227712769628567, -0.000023499997837 ], [ 138.140550833254451, -3.239278927980081, -0.000023499997837 ], [ 138.139070042848289, -3.251509809430104, -0.000023499997837 ], [ 138.140021827745272, -3.25545971369479, -0.000023499997837 ], [ 138.134334916223452, -3.258802857066144, -0.000023499997837 ], [ 138.130648585264112, -3.268005284116498, -0.000023499997837 ], [ 138.132574114703743, -3.274328840103863, -0.000023499997837 ], [ 138.134802527714555, -3.274440704974495, -0.000023499997837 ], [ 138.144367960712884, -3.284648592958149, -0.000023499997837 ], [ 138.147308200612997, -3.293472491762031, -0.000023499997837 ], [ 138.153011314320793, -3.290481280986285, -0.000023499997837 ], [ 138.158336885438985, -3.28506931109979, -0.000023499997837 ], [ 138.157964329590186, -3.271227534323202, -0.000023499997837 ], [ 138.159627559164619, -3.267664849353253, -0.000023499997837 ], [ 138.153744908400881, -3.263419596037465, -0.000023499997837 ], [ 138.15292558734609, -3.264631445984378, -0.000023499997837 ], [ 138.150865136217135, -3.261077291084064, -0.000023499997837 ], [ 138.153014424176376, -3.259716555674459, -0.000023499997837 ], [ 138.154574116602248, -3.261160025115032, -0.000023499997837 ], [ 138.158297571575758, -3.261019220960236, -0.000023499997837 ], [ 138.163882034128619, -3.258305615611619, -0.000023499997837 ], [ 138.166914737824982, -3.264089170079103, -0.000023499997837 ], [ 138.170587346029265, -3.258360581275781, -0.000023499997837 ], [ 138.174295276905582, -3.260141686789382, -0.000023499997837 ], [ 138.177173042701838, -3.255175625954337, -0.000023499997837 ], [ 138.175288203088144, -3.245516667959805, -0.000023499997837 ], [ 138.177425718022505, -3.242272220686402, -0.000023499997837 ], [ 138.181073667715623, -3.241779491130558, -0.000023499997837 ], [ 138.185099093448457, -3.244091792901884, -0.000023499997837 ], [ 138.190589339426538, -3.242919963685324, -0.000023499997837 ], [ 138.19726711498538, -3.235449567943135, -0.000023499997837 ], [ 138.201034226648289, -3.227003218923358, -0.000023499997837 ], [ 138.203509392044907, -3.226333413755981, -0.000023499997837 ], [ 138.199898613130586, -3.223419718245339, -0.000023499997837 ], [ 138.201298174071553, -3.220651120252967, -0.000023499997837 ], [ 138.207326684978625, -3.220755581005221, -0.000023499997837 ], [ 138.209800207313833, -3.223106996090962, -0.000023499997837 ], [ 138.212625871786599, -3.221303449794334, -0.000023499997837 ], [ 138.222644117032473, -3.209196511110065, -0.000023499997837 ], [ 138.226885841408489, -3.199030078275428, -0.000023499997837 ], [ 138.236206385416381, -3.192991776449276, -0.000023499997837 ], [ 138.239645062869386, -3.188839110136769, -0.000023499997837 ], [ 138.258739566577788, -3.186698022195912, -0.000023499997837 ], [ 138.261353680827824, -3.189377252757936, -0.000023499997837 ], [ 138.262880348349427, -3.185425789068859, -0.000023499997837 ], [ 138.264406226266374, -3.18588504226085, -0.000023499997837 ], [ 138.270210945378835, -3.181541457072512, -0.000023499997837 ], [ 138.27348925212732, -3.181683102992736, -0.000023499997837 ], [ 138.275420674824318, -3.178591681660748, -0.000023499997837 ], [ 138.275952043751886, -3.180596461157734, -0.000023499997837 ], [ 138.277272925705006, -3.178567585225835, -0.000023499997837 ], [ 138.282135883764113, -3.179911592346059, -0.000023499997837 ], [ 138.288236083228753, -3.176046372741837, -0.000023499997837 ], [ 138.290591553357558, -3.176328208579889, -0.000023499997837 ], [ 138.291136610865919, -3.174266388682838, -0.000023499997837 ], [ 138.30151247422134, -3.184090008946725, -0.000023499997837 ], [ 138.318009915725042, -3.207845492875151, -0.000023499997837 ], [ 138.340960641320635, -3.223553683055968, -0.000023499997837 ], [ 138.343049476851888, -3.228909423730897, -0.000023499997837 ], [ 138.350287377160839, -3.230375860057848, -0.000023499997837 ], [ 138.350404118155552, -3.237676504267199, -0.000023499997837 ], [ 138.352085288305489, -3.239240556606376, -0.000023499997837 ], [ 138.361841106881684, -3.241173333682354, -0.000023499997837 ], [ 138.363572879185085, -3.234155846415149, -0.000023499997837 ], [ 138.364996309032449, -3.233906909576149, -0.000023499997837 ], [ 138.36772196079994, -3.236590204174547, -0.000023499997837 ], [ 138.371637626974916, -3.236077427830992, -0.000023499997837 ], [ 138.374944219200415, -3.242370977938208, -0.000023499997837 ], [ 138.379696927571217, -3.244256464164437, -0.000023499997837 ], [ 138.383739819037487, -3.243318675416504, -0.000023499997837 ], [ 138.385765359383868, -3.245602645845395, -0.000023499997837 ], [ 138.3927649726254, -3.243190442884611, -0.000023499997837 ], [ 138.396888437051757, -3.23728374155138, -0.000023499997837 ], [ 138.399328536982466, -3.240163066772084, -0.000023499997837 ], [ 138.404937819924498, -3.240747684557959, -0.000023499997837 ], [ 138.405387067259426, -3.245859863641726, -0.000023499997837 ], [ 138.406854307580261, -3.246301511705326, -0.000023499997837 ], [ 138.407946291388271, -3.239618834841281, -0.000023499997837 ], [ 138.413955533421245, -3.24095955314084, -0.000023499997837 ], [ 138.416705659338731, -3.238533819879819, -0.000023499997837 ], [ 138.41583064686688, -3.235022337810619, -0.000023499997837 ], [ 138.419948622730772, -3.236282494841191, -0.000023499997837 ], [ 138.427489482153987, -3.230289398336993, -0.000023499997837 ], [ 138.434943622650167, -3.229761019655314, -0.000023499997837 ], [ 138.437495744832859, -3.234030379298531, -0.000023499997837 ], [ 138.44102830880945, -3.234910045761978, -0.000023499997837 ], [ 138.443907062960648, -3.240931310831286, -0.000023499997837 ], [ 138.434768566915864, -3.250000006894766, -0.000023499997837 ], [ 138.435046601319641, -3.259525065729179, -0.000023499997837 ], [ 138.438146658841333, -3.261121598882653, -0.000023499997837 ], [ 138.439269768185341, -3.260004494311943, -0.000023499997837 ], [ 138.446817183666212, -3.265166743150644, -0.000023499997837 ], [ 138.450808121297769, -3.265315409178754, -0.000023499997837 ], [ 138.453965840651108, -3.269171912553702, -0.000023499997837 ], [ 138.45836000461054, -3.26947033728618, -0.000023499997837 ], [ 138.462126960690739, -3.272097611315644, -0.000023499997837 ], [ 138.461033208815593, -3.279099101442341, -0.000023499997837 ], [ 138.464060342111111, -3.280388520613712, -0.000023499997837 ], [ 138.468677401241166, -3.286599553426583, -0.000023499997837 ], [ 138.471690595944324, -3.287107319647021, -0.000023499997837 ], [ 138.473864331973459, -3.295637471092391, -0.000023499997837 ], [ 138.476000029377929, -3.295615363058516, -0.000023499997837 ], [ 138.475402687084397, -3.302309230186779, -0.000023499997837 ], [ 138.47365056672038, -3.303234201796954, -0.000023499997837 ], [ 138.47226770079385, -3.299644532668992, -0.000023499997837 ], [ 138.464724476153719, -3.298139503735058, -0.000023499997837 ], [ 138.470699274152253, -3.312043216820939, -0.000023499997837 ], [ 138.473335670904589, -3.313997076703686, -0.000023499997837 ], [ 138.476803560136204, -3.312913302806635, -0.000023499997837 ], [ 138.479954621808361, -3.307328460739825, -0.000023499997837 ], [ 138.486271077648212, -3.309374814995692, -0.000023499997837 ], [ 138.489348737554224, -3.307801614752691, -0.000023499997837 ], [ 138.490934754935097, -3.303601708851716, -0.000023499997837 ], [ 138.499321072409657, -3.299284277747176, -0.000023499997837 ], [ 138.50922940791088, -3.314712291339106, -0.000023499997837 ], [ 138.518577472972083, -3.321478437879534, -0.000023499997837 ], [ 138.526477846275611, -3.324025287337122, -0.000023499997837 ], [ 138.542501667018428, -3.323947599402118, -0.000023499997837 ], [ 138.553925915948298, -3.318718065985934, -0.000023499997837 ], [ 138.568428545141273, -3.316813694896041, -0.000023499997837 ], [ 138.573894027387496, -3.320203203714811, -0.000023499997837 ], [ 138.586531206350173, -3.322339242861744, -0.000023499997837 ], [ 138.588135658933538, -3.325265106199652, -0.000023499997837 ], [ 138.595799711987183, -3.329603139872972, -0.000023499997837 ], [ 138.596028113706552, -3.332385628793702, -0.000023499997837 ], [ 138.600344054634434, -3.332169946186013, -0.000023499997837 ], [ 138.606874844098797, -3.324007481659919, -0.000023499997837 ], [ 138.610393857090912, -3.323838092553899, -0.000023499997837 ], [ 138.614343758657583, -3.321206271552171, -0.000023499997837 ], [ 138.626769142781768, -3.30881767959221, -0.000023499997837 ], [ 138.631087307733083, -3.301006173695896, -0.000023499997837 ], [ 138.63240500698555, -3.292043310750159, -0.000023499997837 ], [ 138.636743304160177, -3.281891533267583, -0.000023499997837 ], [ 138.640412551598047, -3.280447472972469, -0.000023499997837 ], [ 138.64009767556729, -3.275788689796173, -0.000023499997837 ], [ 138.637135559658418, -3.274914920187371, -0.000023499997837 ], [ 138.637041989696172, -3.27200423920425, -0.000023499997837 ], [ 138.64526954805126, -3.271802004159099, -0.000023499997837 ], [ 138.649097472770222, -3.269807783602289, -0.000023499997837 ], [ 138.657127269308148, -3.255872879329843, -0.000023499997837 ], [ 138.674550868627762, -3.23684811175093, -0.000023499997837 ], [ 138.680152278005266, -3.23777736503331, -0.000023499997837 ], [ 138.692916847734409, -3.248804217940233, -0.000023499997837 ], [ 138.697550153117163, -3.249603804272112, -0.000023499997837 ], [ 138.702635645718487, -3.247773958201549, -0.000023499997837 ], [ 138.702217363840305, -3.237418999587135, -0.000023499997837 ], [ 138.699139158945059, -3.230831241668398, -0.000023499997837 ], [ 138.680011437877624, -3.203842124814173, -0.000023499997837 ], [ 138.677801585974521, -3.199542808753563, -0.000023499997837 ], [ 138.679292217661782, -3.194673833330683, -0.000023499997837 ], [ 138.689402230628502, -3.195192234034323, -0.000023499997837 ], [ 138.703065333698305, -3.200771177447848, -0.000023499997837 ], [ 138.716433219917235, -3.215088313374906, -0.000023499997837 ], [ 138.719064968073894, -3.214598717956449, -0.000023499997837 ], [ 138.723680504651611, -3.209241043739155, -0.000023499997837 ], [ 138.728254408913926, -3.199226288762191, -0.000023499997837 ], [ 138.745666099410982, -3.177601748421921, -0.000023499997837 ], [ 138.749370576890669, -3.175214859578034, -0.000023499997837 ], [ 138.754962233120636, -3.174483798888161, -0.000023499997837 ], [ 138.764244858113784, -3.177642331228583, -0.000023499997837 ], [ 138.770100558893773, -3.18296054319444, -0.000023499997837 ], [ 138.774017948169785, -3.196265700801405, -0.000023499997837 ], [ 138.779267090404005, -3.201975706013968, -0.000023499997837 ], [ 138.782802844275921, -3.201653040955023, -0.000023499997837 ], [ 138.784863603872282, -3.199097274719406, -0.000023499997837 ], [ 138.784789194865539, -3.195463219551868, -0.000023499997837 ], [ 138.775355859685192, -3.185779942989939, -0.000023499997837 ], [ 138.775203673710621, -3.180081044404631, -0.000023499997837 ], [ 138.778085210364225, -3.178105164621627, -0.000023499997837 ], [ 138.807753731349635, -3.171679698359355, -0.000023499997837 ], [ 138.814007898345949, -3.168719748017907, -0.000023499997837 ], [ 138.823741845409927, -3.168998590912167, -0.000023499997837 ], [ 138.828648097731616, -3.17260738232477, -0.000023499997837 ], [ 138.828377560076433, -3.176926625563283, -0.000023499997837 ], [ 138.824591884607798, -3.178818207394329, -0.000023499997837 ], [ 138.806911583702686, -3.181175721682166, -0.000023499997837 ], [ 138.801622612293841, -3.18978781485572, -0.000023499997837 ], [ 138.800380137733214, -3.1941623816885, -0.000023499997837 ], [ 138.800855215395927, -3.204102251917334, -0.000023499997837 ], [ 138.806167991859411, -3.223800416555946, -0.000023499997837 ], [ 138.817590597727985, -3.226220202600246, -0.000023499997837 ], [ 138.827458977250103, -3.225002564616602, -0.000023499997837 ], [ 138.829790019993538, -3.222532096379098, -0.000023499997837 ], [ 138.831531382667208, -3.215515587574259, -0.000023499997837 ], [ 138.833179848970872, -3.213536917194915, -0.000023499997837 ], [ 138.835810702302183, -3.213542522669229, -0.000023499997837 ], [ 138.844518825983073, -3.228121416170382, -0.000023499997837 ], [ 138.851164945406026, -3.234495140838021, -0.000023499997837 ], [ 138.86094860159676, -3.234598508914019, -0.000023499997837 ], [ 138.870863469773326, -3.226846816027717, -0.000023499997837 ], [ 138.877608207952449, -3.225456894020397, -0.000023499997837 ], [ 138.881467644915915, -3.227777598157559, -0.000023499997837 ], [ 138.885483547727631, -3.241193203303624, -0.000023499997837 ], [ 138.890399913825036, -3.249297738000166, -0.000023499997837 ], [ 138.89583339639421, -3.254531648416787, -0.000023499997837 ], [ 138.90068083934932, -3.256276287320759, -0.000023499997837 ], [ 138.908258114120713, -3.255800954250617, -0.000023499997837 ], [ 138.902326584304433, -3.281171798639548, -0.000023499997837 ], [ 138.879552840791007, -3.322162628602371, -0.000023499997837 ], [ 138.844633101936211, -3.375299453906621, -0.000023499997837 ], [ 138.807439804103751, -3.425399780375528, -0.000023499997837 ], [ 138.766150867768374, -3.469756236760873, -0.000023499997837 ], [ 138.760297125711872, -3.449853515926975, -0.000023499997837 ], [ 138.717589963006503, -3.430356767051137, -0.000023499997837 ], [ 138.706448963648768, -3.430356767051137, -0.000023499997837 ], [ 138.690665880625943, -3.421072600619993, -0.000023499997837 ], [ 138.675811216314628, -3.416430517854053, -0.000023499997837 ], [ 138.649815550847052, -3.396933769877535, -0.000023499997837 ], [ 138.634960885636474, -3.396005352964607, -0.000023499997837 ], [ 138.611750470907623, -3.387649604345711, -0.000023499997837 ], [ 138.591372571686861, -3.386783291915322, -0.000023499997837 ], [ 138.600082181047924, -3.392027322402953, -0.000023499997837 ], [ 138.600482139239375, -3.393788043883092, -0.000023499997837 ], [ 138.606696222552728, -3.396485146672148, -0.000023499997837 ], [ 138.607312223979989, -3.398837660729384, -0.000023499997837 ], [ 138.61553555462217, -3.402035724568975, -0.000023499997837 ], [ 138.621408290360364, -3.410941521034317, -0.000023499997837 ], [ 138.628770268333255, -3.427722338015428, -0.000023499997837 ], [ 138.633981130924553, -3.432574646302839, -0.000023499997837 ], [ 138.635263469733445, -3.439516028441915, -0.000023499997837 ], [ 138.637936627173644, -3.441061079904841, -0.000023499997837 ], [ 138.638224887768388, -3.444032112591856, -0.000023499997837 ], [ 138.641421981239546, -3.447977145229004, -0.000023499997837 ], [ 138.652624041866147, -3.452348393563454, -0.000023499997837 ], [ 138.660486944017293, -3.451586044560258, -0.000023499997837 ], [ 138.662469968014648, -3.454869556584697, -0.000023499997837 ], [ 138.669258243273362, -3.457974387707793, -0.000023499997837 ], [ 138.669872284178609, -3.460035554697072, -0.000023499997837 ], [ 138.673142018589374, -3.461727771219614, -0.000023499997837 ], [ 138.674678820571216, -3.467333270713823, -0.000023499997837 ], [ 138.680173707950303, -3.470272381964833, -0.000023499997837 ], [ 138.681598295225172, -3.472736284252051, -0.000023499997837 ], [ 138.686898053102709, -3.474525975593224, -0.000023499997837 ], [ 138.690328698710573, -3.483470900661473, -0.000023499997837 ], [ 138.70231561027731, -3.485431134938892, -0.000023499997837 ], [ 138.703516656668398, -3.490743418573857, -0.000023499997837 ], [ 138.706021777583032, -3.494515171637829, -0.000023499997837 ], [ 138.709020326826703, -3.49598748773235, -0.000023499997837 ], [ 138.71007435474769, -3.500044148718416, -0.000023499997837 ], [ 138.714717496915, -3.505178449325911, -0.000023499997837 ], [ 138.71118468832276, -3.518821610828638, -0.000023499997837 ], [ 138.713736645030167, -3.52533454785106, -0.000023499997837 ], [ 138.713806058303021, -3.533204069012527, -0.000023499997837 ], [ 138.706714984009409, -3.543799071969545, -0.000023499997837 ], [ 138.70885654409426, -3.547125008612227, -0.000023499997837 ], [ 138.709166973876791, -3.55274556275748, -0.000023499997837 ], [ 138.717779398900234, -3.554138934564151, -0.000023499997837 ], [ 138.721601899807865, -3.55764791022284, -0.000023499997837 ], [ 138.722619401764064, -3.565544045920944, -0.000023499997837 ], [ 138.725075326165438, -3.569484510002098, -0.000023499997837 ], [ 138.723018591934533, -3.581795027318606, -0.000023499997837 ], [ 138.727354168659986, -3.597517575175914, -0.000023499997837 ], [ 138.72910667393387, -3.599384115384566, -0.000023499997837 ], [ 138.731795183700797, -3.598432157817797, -0.000023499997837 ], [ 138.733795015127953, -3.599636291581533, -0.000023499997837 ], [ 138.738263135735224, -3.597255473161511, -0.000023499997837 ], [ 138.74220562239168, -3.601153810300048, -0.000023499997837 ], [ 138.750937397343023, -3.599116328755542, -0.000023499997837 ], [ 138.754254386630691, -3.600544309172506, -0.000023499997837 ], [ 138.758736214704641, -3.605780209788804, -0.000023499997837 ], [ 138.758474797074314, -3.611366540233576, -0.000023499997837 ], [ 138.762101313225116, -3.613297659859086, -0.000023499997837 ], [ 138.763713141148628, -3.616189876861256, -0.000023499997837 ], [ 138.753542266562363, -3.614142799550507, -0.000023499997837 ], [ 138.747373911976524, -3.616480090783512, -0.000023499997837 ], [ 138.744881210699418, -3.619530602854979, -0.000023499997837 ], [ 138.744285856806869, -3.627883788406052, -0.000023499997837 ], [ 138.740301735136995, -3.63546553820396, -0.000023499997837 ], [ 138.743020856027783, -3.642390806290621, -0.000023499997837 ], [ 138.741533148935787, -3.646683569890797, -0.000023499997837 ], [ 138.743522418724751, -3.649766174269473, -0.000023499997837 ], [ 138.742427543596364, -3.655165280253414, -0.000023499997837 ], [ 138.72273984886499, -3.672475279910202, -0.000023499997837 ], [ 138.72079215563349, -3.689450098643078, -0.000023499997837 ], [ 138.717788009009496, -3.691572134446403, -0.000023499997837 ], [ 138.711500503245702, -3.708659256919134, -0.000023499997837 ], [ 138.703701293779773, -3.71897785864121, -0.000023499997837 ], [ 138.698590886360421, -3.723508359822915, -0.000023499997837 ], [ 138.690741311262514, -3.723854787668245, -0.000023499997837 ], [ 138.687156662150301, -3.720074760841499, -0.000023499997837 ], [ 138.68339048937969, -3.720434736973459, -0.000023499997837 ], [ 138.681702057204234, -3.717715708712944, -0.000023499997837 ], [ 138.666114963434893, -3.716089128310557, -0.000023499997837 ], [ 138.65487867910781, -3.711593944404967, -0.000023499997837 ], [ 138.646661838872774, -3.711660452867534, -0.000023499997837 ], [ 138.642547571812997, -3.720084335923332, -0.000023499997837 ], [ 138.64230962468946, -3.731148829954464, -0.000023499997837 ], [ 138.639354168260297, -3.740583558184596, -0.000023499997837 ], [ 138.621844226829694, -3.741365619427768, -0.000023499997837 ], [ 138.612826766042531, -3.744371438790836, -0.000023499997837 ], [ 138.612222596995366, -3.742668168700959, -0.000023499997837 ], [ 138.609424673010267, -3.750000006794835, -0.000023499997837 ], [ 138.613940597080955, -3.754243512727896, -0.000023499997837 ], [ 138.620809874276347, -3.768845046661511, -0.000023499997837 ], [ 138.617277341776003, -3.772601386244958, -0.000023499997837 ], [ 138.605671526919537, -3.774589805275241, -0.000023499997837 ], [ 138.595254607714082, -3.779627343327206, -0.000023499997837 ], [ 138.582887076977045, -3.774007141716197, -0.000023499997837 ], [ 138.575844140694585, -3.774765800800992, -0.000023499997837 ], [ 138.584500012865419, -3.78085317413462, -0.000023499997837 ], [ 138.596373105334578, -3.782423546909115, -0.000023499997837 ], [ 138.601315263088964, -3.786985538751537, -0.000023499997837 ], [ 138.614621072704381, -3.794588858788757, -0.000023499997837 ], [ 138.620974807241623, -3.803325241866389, -0.000023499997837 ], [ 138.618110510591691, -3.804246590107994, -0.000023499997837 ], [ 138.613619652425086, -3.801703546581336, -0.000023499997837 ], [ 138.609963244608139, -3.803773420806692, -0.000023499997837 ], [ 138.597709575236763, -3.803319165147286, -0.000023499997837 ], [ 138.597308208706977, -3.804451847774487, -0.000023499997837 ], [ 138.592746453386212, -3.802365087878457, -0.000023499997837 ], [ 138.589771074275745, -3.806736956745112, -0.000023499997837 ], [ 138.59392699523471, -3.813891169741623, -0.000023499997837 ], [ 138.595051610043811, -3.817749031092887, -0.000023499997837 ], [ 138.593861878922667, -3.818760301646535, -0.000023499997837 ], [ 138.587187171850587, -3.81605489271908, -0.000023499997837 ], [ 138.574718795635931, -3.817768104814149, -0.000023499997837 ], [ 138.569103267801665, -3.820433100906826, -0.000023499997837 ], [ 138.540454558231318, -3.819100603310176, -0.000023499997837 ], [ 138.538550989336727, -3.817768104814149, -0.000023499997837 ], [ 138.5292098670418, -3.818721308841305, -0.000023499997837 ], [ 138.527661696729979, -3.816277792386188, -0.000023499997837 ], [ 138.518777653965572, -3.811436767892474, -0.000023499997837 ], [ 138.510389847213787, -3.81357864274014, -0.000023499997837 ], [ 138.49928221540199, -3.797897139941028, -0.000023499997837 ], [ 138.484450803961522, -3.78532837780233, -0.000023499997837 ], [ 138.481951517848302, -3.802136326430286, -0.000023499997837 ], [ 138.480884451556221, -3.800270052420956, -0.000023499997837 ], [ 138.477886332188518, -3.80034143700766, -0.000023499997837 ], [ 138.473746070225047, -3.797843002552497, -0.000023499997837 ], [ 138.470913517844679, -3.793791970423058, -0.000023499997837 ], [ 138.464518717564829, -3.793791970423058, -0.000023499997837 ], [ 138.45723161804483, -3.796022715375955, -0.000023499997837 ], [ 138.447416341690882, -3.790817644418723, -0.000023499997837 ], [ 138.434924171213538, -3.789776629687651, -0.000023499997837 ], [ 138.422878149906751, -3.785463856171987, -0.000023499997837 ], [ 138.421472324288402, -3.782792802245979, -0.000023499997837 ], [ 138.432100186674347, -3.779536127790038, -0.000023499997837 ], [ 138.436938173258113, -3.775754252856416, -0.000023499997837 ], [ 138.427535191995617, -3.774339860296266, -0.000023499997837 ], [ 138.420367065587698, -3.768212747720099, -0.000023499997837 ], [ 138.418919075255189, -3.771572315409969, -0.000023499997837 ] ], [ [ 138.58940601877282, -3.808656356405663, -0.000023499997837 ], [ 138.582172457692877, -3.805658235239321, -0.000023499997837 ], [ 138.574605772438531, -3.805325110165654, -0.000023499997837 ], [ 138.568572594050011, -3.801068237609059, -0.000023499997837 ], [ 138.574923361723791, -3.800333471712293, -0.000023499997837 ], [ 138.57920508344796, -3.803516000662853, -0.000023499997837 ], [ 138.585849061585009, -3.803102879993844, -0.000023499997837 ], [ 138.586832632120377, -3.801053581357621, -0.000023499997837 ], [ 138.586748033794834, -3.799299192004071, -0.000023499997837 ], [ 138.582828025692947, -3.79763752994802, -0.000023499997837 ], [ 138.580576331932207, -3.794901788686559, -0.000023499997837 ], [ 138.581525840645099, -3.793597413789541, -0.000023499997837 ], [ 138.578315584696497, -3.791433624262311, -0.000023499997837 ], [ 138.577162752758909, -3.787122647592071, -0.000023499997837 ], [ 138.579346780629521, -3.784002697966116, -0.000023499997837 ], [ 138.577515734863368, -3.78404400202902, -0.000023499997837 ], [ 138.575774654576662, -3.779668986434501, -0.000023499997837 ], [ 138.570527024102944, -3.776560037315846, -0.000023499997837 ], [ 138.562525567900707, -3.795787032745295, -0.000023499997837 ], [ 138.562758010274024, -3.797596762780358, -0.000023499997837 ], [ 138.565256523869493, -3.798902868872233, -0.000023499997837 ], [ 138.558919174980019, -3.807619704285855, -0.000023499997837 ], [ 138.561536581647943, -3.814103735299113, -0.000023499997837 ], [ 138.56839803204366, -3.81784621543045, -0.000023499997837 ], [ 138.574204808804893, -3.816104697174012, -0.000023499997837 ], [ 138.583354549972569, -3.816003331888226, -0.000023499997837 ], [ 138.58975267324729, -3.810424329119428, -0.000023499997837 ], [ 138.58940601877282, -3.808656356405663, -0.000023499997837 ] ], [ [ 138.513197757270746, -3.780348534856955, -0.000023499997837 ], [ 138.508629192283479, -3.78182380072775, -0.000023499997837 ], [ 138.506714379165373, -3.784861022618031, -0.000023499997837 ], [ 138.508307943656746, -3.787499628105309, -0.000023499997837 ], [ 138.508806300270635, -3.796060822349034, -0.000023499997837 ], [ 138.512105954226513, -3.803308318424115, -0.000023499997837 ], [ 138.519733440845698, -3.79929130584901, -0.000023499997837 ], [ 138.520813253229107, -3.784828886244043, -0.000023499997837 ], [ 138.52016761464381, -3.781400339653885, -0.000023499997837 ], [ 138.513197757270746, -3.780348534856955, -0.000023499997837 ] ] ], [ [ [ 138.545547636614174, -3.8313230104485, -0.000023499997837 ], [ 138.580137684007013, -3.836628473625126, -0.000023499997837 ], [ 138.587168983062156, -3.844469375661106, -0.000023499997837 ], [ 138.58748096327588, -3.84861776569727, -0.000023499997837 ], [ 138.574159623268088, -3.840872671136822, -0.000023499997837 ], [ 138.573548650849602, -3.843750534959156, -0.000023499997837 ], [ 138.5773939513698, -3.849396868170857, -0.000023499997837 ], [ 138.569769503559769, -3.850385689847656, -0.000023499997837 ], [ 138.565296130911747, -3.84670235093273, -0.000023499997837 ], [ 138.563853748751512, -3.840290608324892, -0.000023499997837 ], [ 138.557054463992358, -3.838402089584747, -0.000023499997837 ], [ 138.55706575408135, -3.834100624144469, -0.000023499997837 ], [ 138.534565391879369, -3.832782504009288, -0.000023499997837 ], [ 138.532870874891046, -3.831448009018345, -0.000023499997837 ], [ 138.545547636614174, -3.8313230104485, -0.000023499997837 ] ] ] ] } },
{ "type": "Feature", "properties": { "kabkota": "Nduga" }, "geometry": { "type": "MultiPolygon", "coordinates": [ [ [ [ 138.536400425239549, -4.721559782358042, -0.000023499997837 ], [ 138.545536495812712, -4.734231322617404, -0.000023499997837 ], [ 138.545151455575251, -4.736336012297102, -0.000023499997837 ], [ 138.549746627904597, -4.737876937670478, -0.000023499997837 ], [ 138.551951913949779, -4.743278697553819, -0.000023499997837 ], [ 138.569655104399658, -4.749453398655362, -0.000023499997837 ], [ 138.569369568750631, -4.761196039065908, -0.000023499997837 ], [ 138.567549280674825, -4.764765230630815, -0.000023499997837 ], [ 138.572046461974651, -4.765835987740616, -0.000023499997837 ], [ 138.571332624201318, -4.772296225390448, -0.000023499997837 ], [ 138.57525873510258, -4.775579881306442, -0.000023499997837 ], [ 138.571332624201318, -4.778042622568933, -0.000023499997837 ], [ 138.57308152769042, -4.78189734978281, -0.000023499997837 ], [ 138.568227427054126, -4.784253016863204, -0.000023499997837 ], [ 138.576433645396492, -4.787738568779901, -0.000023499997837 ], [ 138.576148109747578, -4.789618343411746, -0.000023499997837 ], [ 138.571460570748854, -4.791759857631291, -0.000023499997837 ], [ 138.57115153491543, -4.793451828638922, -0.000023499997837 ], [ 138.419263890616094, -4.810921591957879, -0.000023499997837 ], [ 138.400548693067776, -4.811869654560837, -0.000023499997837 ], [ 138.398145800788143, -4.806555989567244, -0.000023499997837 ], [ 138.391554693794092, -4.80588974121855, -0.000023499997837 ], [ 138.390150811610738, -4.8003693913343, -0.000023499997837 ], [ 138.382774483155913, -4.799346222749932, -0.000023499997837 ], [ 138.380371226650823, -4.802058808267361, -0.000023499997837 ], [ 138.370258518415994, -4.797204707631124, -0.000023499997837 ], [ 138.364880935906513, -4.797656805816871, -0.000023499997837 ], [ 138.360526521981456, -4.795777031184969, -0.000023499997837 ], [ 138.361311745240869, -4.793778284340306, -0.000023499997837 ], [ 138.367831467648216, -4.791565384634737, -0.000023499997837 ], [ 138.369830215392199, -4.786520928098298, -0.000023499997837 ], [ 138.365486078919503, -4.785606102639463, -0.000023499997837 ], [ 138.363945553744429, -4.783524544422164, -0.000023499997837 ], [ 138.36838138419364, -4.78097136823402, -0.000023499997837 ], [ 138.369627753717964, -4.777263779100053, -0.000023499997837 ], [ 138.374179854816475, -4.774859700614627, -0.000023499997837 ], [ 138.370492378120844, -4.773147673826031, -0.000023499997837 ], [ 138.373428197853059, -4.768114950744348, -0.000023499997837 ], [ 138.368823982840581, -4.766232400804597, -0.000023499997837 ], [ 138.368670748256477, -4.763920599955668, -0.000023499997837 ], [ 138.363181731651707, -4.756300023727078, -0.000023499997837 ], [ 138.355982235092142, -4.756416045264245, -0.000023499997837 ], [ 138.360276330588249, -4.75103115756184, -0.000023499997837 ], [ 138.357554961392452, -4.745365084231196, -0.000023499997837 ], [ 138.346656875214649, -4.744708877712469, -0.000023499997837 ], [ 138.347094693965005, -4.742314492120045, -0.000023499997837 ], [ 138.35650216104591, -4.732642151314167, -0.000023499997837 ], [ 138.356441349788497, -4.727232543946684, -0.000023499997837 ], [ 138.351335081948491, -4.721762674807565, -0.000023499997837 ], [ 138.346466825084008, -4.712591527077279, -0.000023499997837 ], [ 138.343167860908125, -4.711544771074273, -0.000023499997837 ], [ 138.339191178430156, -4.706267409912982, -0.000023499997837 ], [ 138.335787243586537, -4.690647227387615, -0.000023499997837 ], [ 138.330949438665698, -4.686464940104827, -0.000023499997837 ], [ 138.333430190650802, -4.682247419183, -0.000023499997837 ], [ 138.325739435826335, -4.667533952929546, -0.000023499997837 ], [ 138.315341611925874, -4.665166990364241, -0.000023499997837 ], [ 138.301473494905963, -4.665094971755479, -0.000023499997837 ], [ 138.295779792603412, -4.667759578441746, -0.000023499997837 ], [ 138.28123379360477, -4.680646353446434, -0.000023499997837 ], [ 138.268256481151752, -4.678135344670352, -0.000023499997837 ], [ 138.250478037231687, -4.669654706299582, -0.000023499997837 ], [ 138.243490252772972, -4.670033731871172, -0.000023499997837 ], [ 138.240875776096232, -4.673444949424834, -0.000023499997837 ], [ 138.237103617438038, -4.685001209837935, -0.000023499997837 ], [ 138.228590609768844, -4.689869626781785, -0.000023499997837 ], [ 138.225742681679435, -4.689383911937966, -0.000023499997837 ], [ 138.221941501898868, -4.69241849162006, -0.000023499997837 ], [ 138.218112324424283, -4.697523834057677, -0.000023499997837 ], [ 138.218658195819103, -4.69897379930137, -0.000023499997837 ], [ 138.211488116083729, -4.705076471002315, -0.000023499997837 ], [ 138.212844489781446, -4.7072406787143, -0.000023499997837 ], [ 138.211198201635739, -4.709455297024306, -0.000023499997837 ], [ 138.209235146185165, -4.709098377687951, -0.000023499997837 ], [ 138.206665328941881, -4.702959368879704, -0.000023499997837 ], [ 138.202190122576212, -4.702885566015993, -0.000023499997837 ], [ 138.200766781761672, -4.70382106239208, -0.000023499997837 ], [ 138.199138905436257, -4.71199447616408, -0.000023499997837 ], [ 138.197359746055554, -4.7136766346689, -0.000023499997837 ], [ 138.192663644611571, -4.713479837824195, -0.000023499997837 ], [ 138.189127108329444, -4.711420554914639, -0.000023499997837 ], [ 138.183294772835552, -4.703368230359501, -0.000023499997837 ], [ 138.176920877296766, -4.697934423135052, -0.000023499997837 ], [ 138.170025197804648, -4.684390529699158, -0.000023499997837 ], [ 138.162401404701086, -4.680671432840313, -0.000023499997837 ], [ 138.157104725202998, -4.680428728303127, -0.000023499997837 ], [ 138.153817909069289, -4.676006428154096, -0.000023499997837 ], [ 138.154078050561679, -4.671279699398553, -0.000023499997837 ], [ 138.15090146972716, -4.661940316392418, -0.000023499997837 ], [ 138.147653506104461, -4.65400481377111, -0.000023499997837 ], [ 138.143217107283704, -4.649249940732147, -0.000023499997837 ], [ 138.141443767416035, -4.642765708270758, -0.000023499997837 ], [ 138.142234283185644, -4.6296224753969, -0.000023499997837 ], [ 138.135893020446588, -4.623249089773651, -0.000023499997837 ], [ 138.134859143634685, -4.613897807837532, -0.000023499997837 ], [ 138.12605989704673, -4.609035142058133, -0.000023499997837 ], [ 138.124572734044477, -4.60553733507993, -0.000023499997837 ], [ 138.126861774851136, -4.599813778882719, -0.000023499997837 ], [ 138.131858642862198, -4.59668716707904, -0.000023499997837 ], [ 138.132907655264148, -4.588929172643134, -0.000023499997837 ], [ 138.115622801551126, -4.581592793872289, -0.000023499997837 ], [ 138.108775798764214, -4.574722817004329, -0.000023499997837 ], [ 138.100215856376735, -4.573800892297299, -0.000023499997837 ], [ 138.088935178815518, -4.566793939688523, -0.000023499997837 ], [ 138.083462418356021, -4.565366264141744, -0.000023499997837 ], [ 138.077149441993242, -4.564065907415625, -0.000023499997837 ], [ 138.070068083075626, -4.565338486781684, -0.000023499997837 ], [ 138.066826379633767, -4.575811030854368, -0.000023499997837 ], [ 138.063696809060502, -4.576194160032401, -0.000023499997837 ], [ 138.059953060885164, -4.579465379223848, -0.000023499997837 ], [ 138.061551202925784, -4.584069050146525, -0.000023499997837 ], [ 138.059334047628226, -4.584555276704634, -0.000023499997837 ], [ 138.059634684693037, -4.587321193818013, -0.000023499997837 ], [ 138.051122543970337, -4.59032630001866, -0.000023499997837 ], [ 138.053434341221987, -4.593669554906, -0.000023499997837 ], [ 138.050980225357193, -4.595315128989967, -0.000023499997837 ], [ 138.048619472610653, -4.593377365173239, -0.000023499997837 ], [ 138.045211330738425, -4.595430113608813, -0.000023499997837 ], [ 138.04478266258991, -4.591961320558426, -0.000023499997837 ], [ 138.038874341577639, -4.593675842965752, -0.000023499997837 ], [ 138.038006473320138, -4.600028402988357, -0.000023499997837 ], [ 138.035935962374879, -4.599953101854112, -0.000023499997837 ], [ 138.033113117276571, -4.602919379825494, -0.000023499997837 ], [ 138.032148862380154, -4.605787837638559, -0.000023499997837 ], [ 138.033666351421061, -4.60837218612744, -0.000023499997837 ], [ 138.032006065327664, -4.608176341664773, -0.000023499997837 ], [ 138.02961171301024, -4.612211123944178, -0.000023499997837 ], [ 138.024114598010328, -4.610610184112659, -0.000023499997837 ], [ 138.023359788023868, -4.605717729189791, -0.000023499997837 ], [ 138.021072607914562, -4.605024758385866, -0.000023499997837 ], [ 138.021211364313103, -4.603614110602678, -0.000023499997837 ], [ 138.015352911607692, -4.60424514329867, -0.000023499997837 ], [ 138.010284687788157, -4.600745812868922, -0.000023499997837 ], [ 138.003759082915394, -4.595614876625234, -0.000023499997837 ], [ 138.003145807333226, -4.591824518386773, -0.000023499997837 ], [ 138.002172605981059, -4.59309920126708, -0.000023499997837 ], [ 137.995911727344378, -4.591913613322561, -0.000023499997837 ], [ 137.997301744679817, -4.588269483949489, -0.000023499997837 ], [ 137.995314480379079, -4.58824184058841, -0.000023499997837 ], [ 137.994487123881754, -4.586033500445637, -0.000023499997837 ], [ 137.993246025283952, -4.588355614719774, -0.000023499997837 ], [ 137.991839617804203, -4.586269113828507, -0.000023499997837 ], [ 137.990636440919047, -4.587446392037293, -0.000023499997837 ], [ 137.988686218793987, -4.585946148395976, -0.000023499997837 ], [ 137.989630579787445, -4.589856910567903, -0.000023499997837 ], [ 137.985026175017993, -4.588866343307075, -0.000023499997837 ], [ 137.983405086775406, -4.586701640068611, -0.000023499997837 ], [ 137.979367250398354, -4.591307142010976, -0.000023499997837 ], [ 137.974307090799698, -4.59093623102217, -0.000023499997837 ], [ 137.972664899965253, -4.593384394274324, -0.000023499997837 ], [ 137.976585292977006, -4.596832223228489, -0.000023499997837 ], [ 137.974663600944496, -4.600074186574432, -0.000023499997837 ], [ 137.969827272710518, -4.600585282984355, -0.000023499997837 ], [ 137.964540315782983, -4.598177796068398, -0.000023499997837 ], [ 137.954125236590471, -4.600620925815008, -0.000023499997837 ], [ 137.950922335297605, -4.598672773029989, -0.000023499997837 ], [ 137.946247697073659, -4.598554263968083, -0.000023499997837 ], [ 137.940526881110713, -4.603116138898656, -0.000023499997837 ], [ 137.934144181209035, -4.602014288628482, -0.000023499997837 ], [ 137.928305364301195, -4.593912020223513, -0.000023499997837 ], [ 137.914346571337205, -4.590342313347037, -0.000023499997837 ], [ 137.907120746225473, -4.583079400194094, -0.000023499997837 ], [ 137.891486899401002, -4.575025071949483, -0.000023499997837 ], [ 137.876018865078663, -4.571881523213676, -0.000023499997837 ], [ 137.85400841665512, -4.551857972167625, -0.000023499997837 ], [ 137.840335143152402, -4.544565084610895, -0.000023499997837 ], [ 137.829537655138779, -4.541315668583195, -0.000023499997837 ], [ 137.82699157370223, -4.535855591262475, -0.000023499997837 ], [ 137.832737001411601, -4.522726240323664, -0.000023499997837 ], [ 137.833753891828678, -4.499999983712257, -0.000023499997837 ], [ 137.835265664778717, -4.497403682334038, -0.000023499997837 ], [ 137.840274130446801, -4.498867414399626, -0.000023499997837 ], [ 137.839958425241207, -4.4956977529489, -0.000023499997837 ], [ 137.841592380983684, -4.493232740898236, -0.000023499997837 ], [ 137.840019086311827, -4.489220413791031, -0.000023499997837 ], [ 137.834573294721849, -4.485688386709626, -0.000023499997837 ], [ 137.843236071887304, -4.475774950253708, -0.000023499997837 ], [ 137.844589130683858, -4.459818849360374, -0.000023499997837 ], [ 137.855745247645132, -4.451633631986454, -0.000023499997837 ], [ 137.855951135736404, -4.444211294215791, -0.000023499997837 ], [ 137.863619208759587, -4.432276718695562, -0.000023499997837 ], [ 137.864885366966178, -4.423921852311594, -0.000023499997837 ], [ 137.932538483064604, -4.425140861761292, -0.000023499997837 ], [ 137.93595380422471, -4.389546750082388, -0.000023499997837 ], [ 137.970723692644356, -4.222052977862575, -0.000023499997837 ], [ 137.968772150314521, -4.219892630940137, -0.000023499997837 ], [ 137.954954702897339, -4.220379020275516, -0.000023499997837 ], [ 137.901879607957653, -4.215199412722654, -0.000023499997837 ], [ 137.902718796835074, -4.23053930984122, -0.000023499997837 ], [ 137.900866332815099, -4.235651194846696, -0.000023499997837 ], [ 137.89628248924555, -4.23954229514078, -0.000023499997837 ], [ 137.8946589377598, -4.246686292738161, -0.000023499997837 ], [ 137.895954055935022, -4.255521835064599, -0.000023499997837 ], [ 137.898442957576549, -4.259149156108606, -0.000023499997837 ], [ 137.897197922646114, -4.262553385929948, -0.000023499997837 ], [ 137.893662747038206, -4.267050508773934, -0.000023499997837 ], [ 137.883411018004153, -4.267574801835565, -0.000023499997837 ], [ 137.883231040280293, -4.273267785579776, -0.000023499997837 ], [ 137.880574060744379, -4.275841594913629, -0.000023499997837 ], [ 137.875988493174532, -4.276649455008283, -0.000023499997837 ], [ 137.869494467096047, -4.272991878971993, -0.000023499997837 ], [ 137.864969906835768, -4.277764626036628, -0.000023499997837 ], [ 137.862612137140445, -4.270769480626996, -0.000023499997837 ], [ 137.863797109049415, -4.265915379990759, -0.000023499997837 ], [ 137.862812012364543, -4.263259902322602, -0.000023499997837 ], [ 137.866287928045494, -4.252619903585639, -0.000023499997837 ], [ 137.866297445570694, -4.24407287995939, -0.000023499997837 ], [ 137.86282343285518, -4.238133744576601, -0.000023499997837 ], [ 137.865831072446099, -4.233707947863479, -0.000023499997837 ], [ 137.86581203559706, -4.23101439829577, -0.000023499997837 ], [ 137.862148651738949, -4.227961842964646, -0.000023499997837 ], [ 137.859474138121072, -4.219814567987896, -0.000023499997837 ], [ 137.856057232355397, -4.217025839570795, -0.000023499997837 ], [ 137.855600375856739, -4.209573368216297, -0.000023499997837 ], [ 137.850533313061987, -4.205498938425194, -0.000023499997837 ], [ 137.844951097914873, -4.20682747001166, -0.000023499997837 ], [ 137.841584161180208, -4.205387896434218, -0.000023499997837 ], [ 137.835695278114713, -4.208140060215555, -0.000023499997837 ], [ 137.83712839635848, -4.211410734417825, -0.000023499997837 ], [ 137.832687179869481, -4.211672214101327, -0.000023499997837 ], [ 137.824628506100794, -4.237765036027554, -0.000023499997837 ], [ 137.822670841186437, -4.233674683739594, -0.000023499997837 ], [ 137.817226635101179, -4.23169497284465, -0.000023499997837 ], [ 137.805215115385295, -4.222348450120819, -0.000023499997837 ], [ 137.800265836798985, -4.222710127770142, -0.000023499997837 ], [ 137.789624886579304, -4.22002609572769, -0.000023499997837 ], [ 137.782905288947973, -4.22063523802575, -0.000023499997837 ], [ 137.772587946276758, -4.217913134083801, -0.000023499997837 ], [ 137.769770664384737, -4.219131418679979, -0.000023499997837 ], [ 137.765792205745811, -4.215590780589991, -0.000023499997837 ], [ 137.755279747062787, -4.215362351890974, -0.000023499997837 ], [ 137.749152635385826, -4.212031107449604, -0.000023499997837 ], [ 137.743560900914872, -4.216790029236392, -0.000023499997837 ], [ 137.735414967726683, -4.21879622696423, -0.000023499997837 ], [ 137.730389546240644, -4.216340622721532, -0.000023499997837 ], [ 137.725265800076727, -4.216392072935776, -0.000023499997837 ], [ 137.730589882816957, -4.212091672292786, -0.000023499997837 ], [ 137.729622189812289, -4.202650397897514, -0.000023499997837 ], [ 137.727111470617956, -4.199154420140303, -0.000023499997837 ], [ 137.718828159691839, -4.19707465427183, -0.000023499997837 ], [ 137.713233786609976, -4.191529936357426, -0.000023499997837 ], [ 137.710342219817676, -4.191995340012909, -0.000023499997837 ], [ 137.720187618963564, -4.18259733469921, -0.000023499997837 ], [ 137.722985864905809, -4.171390074192516, -0.000023499997837 ], [ 137.729781606336132, -4.160820507660276, -0.000023499997837 ], [ 137.729305713887697, -4.157831904918453, -0.000023499997837 ], [ 137.73063821238361, -4.156746871071221, -0.000023499997837 ], [ 137.73632869331459, -4.157440483991081, -0.000023499997837 ], [ 137.7381132890971, -4.155596400753268, -0.000023499997837 ], [ 137.736739150191738, -4.143901349767418, -0.000023499997837 ], [ 137.734968831146716, -4.141693211072777, -0.000023499997837 ], [ 137.732741654703659, -4.131375868401562, -0.000023499997837 ], [ 137.73586436524829, -4.120675338096305, -0.000023499997837 ], [ 137.762928810216522, -4.127650960123674, -0.000023499997837 ], [ 137.77214922100984, -4.127948392903988, -0.000023499997837 ], [ 137.783897810435633, -4.133004746571771, -0.000023499997837 ], [ 137.802636064802641, -4.134938058744353, -0.000023499997837 ], [ 137.821076888187918, -4.142076441874224, -0.000023499997837 ], [ 137.824646079752824, -4.142076441874224, -0.000023499997837 ], [ 137.840832452056134, -4.150078613037522, -0.000023499997837 ], [ 137.842186955163925, -4.160854915721757, -0.000023499997837 ], [ 137.84525170080542, -4.165842267106882, -0.000023499997837 ], [ 137.840188208319205, -4.173570755685773, -0.000023499997837 ], [ 137.843138739161532, -4.178481964171283, -0.000023499997837 ], [ 137.838969923723084, -4.186020095950596, -0.000023499997837 ], [ 137.842608690438738, -4.193759703747276, -0.000023499997837 ], [ 137.846026012590528, -4.192730711153331, -0.000023499997837 ], [ 137.847231258815555, -4.189349226085881, -0.000023499997837 ], [ 137.86481281955605, -4.184823569552066, -0.000023499997837 ], [ 137.871078896274071, -4.178667721837826, -0.000023499997837 ], [ 137.879685697836749, -4.177077479442062, -0.000023499997837 ], [ 137.891541365042031, -4.178005074374653, -0.000023499997837 ], [ 137.893596916664478, -4.181577731926723, -0.000023499997837 ], [ 137.90504921095237, -4.187724414649949, -0.000023499997837 ], [ 137.916953732029128, -4.188278609270355, -0.000023499997837 ], [ 137.924749453924278, -4.190530803953379, -0.000023499997837 ], [ 137.926089482443672, -4.187008483254829, -0.000023499997837 ], [ 137.9249699434082, -4.162457052550906, -0.000023499997837 ], [ 137.928049180725225, -4.16072439621388, -0.000023499997837 ], [ 137.936175448438235, -4.164021673261573, -0.000023499997837 ], [ 137.954009525319407, -4.165675924903951, -0.000023499997837 ], [ 137.955244325964941, -4.159704650449214, -0.000023499997837 ], [ 137.954081024120001, -4.154201360704178, -0.000023499997837 ], [ 137.948096717589465, -4.1510935950933, -0.000023499997837 ], [ 137.949401517865795, -4.1470888798479, -0.000023499997837 ], [ 137.95610309218398, -4.143788830190317, -0.000023499997837 ], [ 137.958725901079561, -4.13844825298446, -0.000023499997837 ], [ 137.962166861911214, -4.136735262122613, -0.000023499997837 ], [ 137.965645060970814, -4.137869634575907, -0.000023499997837 ], [ 137.969719320790091, -4.13262060655569, -0.000023499997837 ], [ 137.971048239085007, -4.128119276683208, -0.000023499997837 ], [ 137.976436731270155, -4.126722154703657, -0.000023499997837 ], [ 137.979890892350909, -4.121431113055394, -0.000023499997837 ], [ 137.984608742999171, -4.122033736167964, -0.000023499997837 ], [ 137.986925153772859, -4.120131812133366, -0.000023499997837 ], [ 137.987996881251092, -4.121523773803062, -0.000023499997837 ], [ 137.99438061986973, -4.122494103619943, -0.000023499997837 ], [ 138.006107392642093, -4.120188580938191, -0.000023499997837 ], [ 138.007820604737162, -4.11483479359083, -0.000023499997837 ], [ 138.013533644262338, -4.113490629988519, -0.000023499997837 ], [ 138.015646227291654, -4.106716953424609, -0.000023499997837 ], [ 138.020696627447478, -4.101162611864993, -0.000023499997837 ], [ 138.026417720401582, -4.091031216617296, -0.000023499997837 ], [ 138.031779322857574, -4.096517179124476, -0.000023499997837 ], [ 138.036144260649166, -4.096770565808924, -0.000023499997837 ], [ 138.037977622169592, -4.098821497613983, -0.000023499997837 ], [ 138.044791606347644, -4.090633336759026, -0.000023499997837 ], [ 138.048332244437574, -4.098057254638547, -0.000023499997837 ], [ 138.066081848898307, -4.106082847745199, -0.000023499997837 ], [ 138.072456165319863, -4.100620290094241, -0.000023499997837 ], [ 138.074078489230942, -4.097125145109317, -0.000023499997837 ], [ 138.074595212699023, -4.085031295158103, -0.000023499997837 ], [ 138.07632527898852, -4.079537498656578, -0.000023499997837 ], [ 138.080437920973395, -4.080547479582492, -0.000023499997837 ], [ 138.084743397389957, -4.077286783358318, -0.000023499997837 ], [ 138.086730294767335, -4.081450189374721, -0.000023499997837 ], [ 138.085024191813091, -4.087940761157142, -0.000023499997837 ], [ 138.085786549809541, -4.094110057333239, -0.000023499997837 ], [ 138.088093758720106, -4.09871513839289, -0.000023499997837 ], [ 138.091338694325373, -4.097911068940618, -0.000023499997837 ], [ 138.095943299643636, -4.093150443837885, -0.000023499997837 ], [ 138.102317509945237, -4.09703620485692, -0.000023499997837 ], [ 138.109496259145089, -4.095424570287662, -0.000023499997837 ], [ 138.129417838762265, -4.080712063610804, -0.000023499997837 ], [ 138.140464813100721, -4.081397820952645, -0.000023499997837 ], [ 138.150824774643752, -4.075397001070712, -0.000023499997837 ], [ 138.155394766855125, -4.074667769601831, -0.000023499997837 ], [ 138.156047911182213, -4.072027128948775, -0.000023499997837 ], [ 138.161733003375502, -4.074228270917899, -0.000023499997837 ], [ 138.172464392118059, -4.069769669634525, -0.000023499997837 ], [ 138.173363529803169, -4.065979288913013, -0.000023499997837 ], [ 138.178915505246437, -4.060599818726587, -0.000023499997837 ], [ 138.176299646311691, -4.054852853176612, -0.000023499997837 ], [ 138.175806378961283, -4.04624441484782, -0.000023499997837 ], [ 138.169460891207223, -4.036824913039254, -0.000023499997837 ], [ 138.208100788120987, -4.023302867733094, -0.000023499997837 ], [ 138.214745411971194, -4.028171113805797, -0.000023499997837 ], [ 138.227516340806574, -4.022308248127104, -0.000023499997837 ], [ 138.23416860259897, -4.025605389377176, -0.000023499997837 ], [ 138.233760115237146, -4.027825255231278, -0.000023499997837 ], [ 138.2382437392572, -4.031805240019764, -0.000023499997837 ], [ 138.242629467575966, -4.032012191109686, -0.000023499997837 ], [ 138.244849495308017, -4.035995771387718, -0.000023499997837 ], [ 138.246824380440898, -4.035110136123819, -0.000023499997837 ], [ 138.251611577812128, -4.037590406072354, -0.000023499997837 ], [ 138.255111685256111, -4.04388266835042, -0.000023499997837 ], [ 138.261481866594977, -4.041749775032031, -0.000023499997837 ], [ 138.268177642983915, -4.036675227179956, -0.000023499997837 ], [ 138.270024511422093, -4.038358421703776, -0.000023499997837 ], [ 138.27414777170236, -4.048781715303846, -0.000023499997837 ], [ 138.277307939010257, -4.066504269956056, -0.000023499997837 ], [ 138.282663444062791, -4.074308154997311, -0.000023499997837 ], [ 138.283104197300872, -4.078226431904284, -0.000023499997837 ], [ 138.288331985133027, -4.07948668696099, -0.000023499997837 ], [ 138.293045598175922, -4.084066202093481, -0.000023499997837 ], [ 138.297924697267035, -4.096804776019553, -0.000023499997837 ], [ 138.299238375650589, -4.097018113195304, -0.000023499997837 ], [ 138.30070395312498, -4.093598433021214, -0.000023499997837 ], [ 138.305330595430746, -4.089505633678016, -0.000023499997837 ], [ 138.318854627339192, -4.080608244075165, -0.000023499997837 ], [ 138.327574068988156, -4.066372421250207, -0.000023499997837 ], [ 138.332022764239241, -4.06263551781484, -0.000023499997837 ], [ 138.341809891813114, -4.059788353249871, -0.000023499997837 ], [ 138.346157380958402, -4.055770239005255, -0.000023499997837 ], [ 138.350164941658818, -4.061774310835744, -0.000023499997837 ], [ 138.353748256177141, -4.063907235630381, -0.000023499997837 ], [ 138.365095417019916, -4.064504454716769, -0.000023499997837 ], [ 138.371067607883901, -4.062968749008519, -0.000023499997837 ], [ 138.39879563381146, -4.068855622089245, -0.000023499997837 ], [ 138.422684393669897, -4.078069858137383, -0.000023499997837 ], [ 138.454166368782921, -4.079776197613398, -0.000023499997837 ], [ 138.474386498138415, -4.089587653647243, -0.000023499997837 ], [ 138.494150359151831, -4.096756302561289, -0.000023499997837 ], [ 138.493065348686969, -4.101041620674209, -0.000023499997837 ], [ 138.495963397792593, -4.105026075093235, -0.000023499997837 ], [ 138.499051757832376, -4.103066223027724, -0.000023499997837 ], [ 138.499175202373749, -4.105327713103406, -0.000023499997837 ], [ 138.500832116908782, -4.102426728610567, -0.000023499997837 ], [ 138.505408164255414, -4.102657604364879, -0.000023499997837 ], [ 138.507016616124019, -4.101181915812731, -0.000023499997837 ], [ 138.508670247234136, -4.10332264222609, -0.000023499997837 ], [ 138.510382551913267, -4.098350333800795, -0.000023499997837 ], [ 138.513424998864707, -4.102362099731067, -0.000023499997837 ], [ 138.520674140699043, -4.103130955329277, -0.000023499997837 ], [ 138.520120142130963, -4.106060305338758, -0.000023499997837 ], [ 138.522069651992865, -4.107385602963177, -0.000023499997837 ], [ 138.52065186718994, -4.109781483228801, -0.000023499997837 ], [ 138.525065364774832, -4.108684850825171, -0.000023499997837 ], [ 138.530069680071733, -4.109813421751937, -0.000023499997837 ], [ 138.53313575311256, -4.106801111981667, -0.000023499997837 ], [ 138.537430595045976, -4.107477995712884, -0.000023499997837 ], [ 138.539166946697264, -4.110349212645986, -0.000023499997837 ], [ 138.543061307033781, -4.107292829800201, -0.000023499997837 ], [ 138.541713654961313, -4.109739446218441, -0.000023499997837 ], [ 138.543833819275392, -4.111960587311216, -0.000023499997837 ], [ 138.543335406004303, -4.114794262944827, -0.000023499997837 ], [ 138.545135025860873, -4.113507751281645, -0.000023499997837 ], [ 138.548689639415443, -4.117926761710635, -0.000023499997837 ], [ 138.550573298219206, -4.117575664585218, -0.000023499997837 ], [ 138.548602779294924, -4.120496256996603, -0.000023499997837 ], [ 138.552382592083063, -4.124317639147705, -0.000023499997837 ], [ 138.555818130902139, -4.12096126944698, -0.000023499997837 ], [ 138.558844846012903, -4.125681962852241, -0.000023499997837 ], [ 138.562610928851313, -4.124971604555867, -0.000023499997837 ], [ 138.567319554254141, -4.129604971092476, -0.000023499997837 ], [ 138.567554732365124, -4.128360140308189, -0.000023499997837 ], [ 138.569956487901663, -4.128514336267585, -0.000023499997837 ], [ 138.570499812416529, -4.130556969128747, -0.000023499997837 ], [ 138.573674948040434, -4.128643094003564, -0.000023499997837 ], [ 138.579330355411685, -4.131903527625639, -0.000023499997837 ], [ 138.58146838206028, -4.131075916620205, -0.000023499997837 ], [ 138.582636041120509, -4.132841348749196, -0.000023499997837 ], [ 138.582961104671313, -4.131622589311007, -0.000023499997837 ], [ 138.585820163669723, -4.13606145677079, -0.000023499997837 ], [ 138.600149045641956, -4.142473298304026, -0.000023499997837 ], [ 138.61639757908506, -4.144693202828989, -0.000023499997837 ], [ 138.620650063849439, -4.148067703761456, -0.000023499997837 ], [ 138.630460527931064, -4.148679532334484, -0.000023499997837 ], [ 138.638483853846878, -4.153796202632577, -0.000023499997837 ], [ 138.649646550248121, -4.153060942108766, -0.000023499997837 ], [ 138.652909742990346, -4.157855289989584, -0.000023499997837 ], [ 138.655045084263293, -4.170619999113626, -0.000023499997837 ], [ 138.652198542029168, -4.176792805343666, -0.000023499997837 ], [ 138.646735916029797, -4.183117796648958, -0.000023499997837 ], [ 138.63820368175459, -4.204058087810438, -0.000023499997837 ], [ 138.632060590923629, -4.211562825064277, -0.000023499997837 ], [ 138.630641039852208, -4.22038685876646, -0.000023499997837 ], [ 138.634955837741813, -4.231227769645784, -0.000023499997837 ], [ 138.638408425008834, -4.234936065646878, -0.000023499997837 ], [ 138.642789580275007, -4.235713804748229, -0.000023499997837 ], [ 138.636667948167315, -4.25109491240022, -0.000023499997837 ], [ 138.636419680423955, -4.253507802443096, -0.000023499997837 ], [ 138.638762649976343, -4.257139252274612, -0.000023499997837 ], [ 138.633882665052965, -4.259027883430008, -0.000023499997837 ], [ 138.628398674759069, -4.266931892692639, -0.000023499997837 ], [ 138.626770391940113, -4.27812856458155, -0.000023499997837 ], [ 138.629038308571126, -4.285719629557207, -0.000023499997837 ], [ 138.624394626810613, -4.29236381993428, -0.000023499997837 ], [ 138.626579488352718, -4.294693217817724, -0.000023499997837 ], [ 138.624171978054392, -4.318415958329751, -0.000023499997837 ], [ 138.619444859892383, -4.319214631849718, -0.000023499997837 ], [ 138.61774315012633, -4.32112103270947, -0.000023499997837 ], [ 138.615330392283795, -4.32753203067864, -0.000023499997837 ], [ 138.617364761274757, -4.332631024801913, -0.000023499997837 ], [ 138.615477403559339, -4.338803673650546, -0.000023499997837 ], [ 138.609877137220224, -4.342759921732977, -0.000023499997837 ], [ 138.605143430624935, -4.354590394431114, -0.000023499997837 ], [ 138.605774823049728, -4.357386791367276, -0.000023499997837 ], [ 138.616521836613515, -4.362322382272055, -0.000023499997837 ], [ 138.618515289149286, -4.380187645843137, -0.000023499997837 ], [ 138.614555266612342, -4.38078974465094, -0.000023499997837 ], [ 138.611380963760553, -4.385373508180805, -0.000023499997837 ], [ 138.609551786785573, -4.385748298844874, -0.000023499997837 ], [ 138.610714502272572, -4.389090151689118, -0.000023499997837 ], [ 138.593598107766525, -4.392011958185265, -0.000023499997837 ], [ 138.590340114904393, -4.393634109426557, -0.000023499997837 ], [ 138.588119395593708, -4.398690911856022, -0.000023499997837 ], [ 138.583323275149041, -4.401892696190941, -0.000023499997837 ], [ 138.583461053085216, -4.409518344595881, -0.000023499997837 ], [ 138.585127434783317, -4.410508092574389, -0.000023499997837 ], [ 138.586697162743917, -4.415910716706151, -0.000023499997837 ], [ 138.593436457326675, -4.423831674592066, -0.000023499997837 ], [ 138.595081345227982, -4.430235174014001, -0.000023499997837 ], [ 138.594528153351689, -4.439633314226, -0.000023499997837 ], [ 138.592881936252411, -4.443198550572617, -0.000023499997837 ], [ 138.604175877015223, -4.442480285436773, -0.000023499997837 ], [ 138.608519444216995, -4.444645530966454, -0.000023499997837 ], [ 138.615229582779079, -4.453295469410364, -0.000023499997837 ], [ 138.621988675936677, -4.457653561562552, -0.000023499997837 ], [ 138.624313281332888, -4.472377100222957, -0.000023499997837 ], [ 138.63084952608483, -4.475138262620703, -0.000023499997837 ], [ 138.654255456124474, -4.477039385359319, -0.000023499997837 ], [ 138.676292860826948, -4.475543144600408, -0.000023499997837 ], [ 138.706252432104179, -4.476117904017997, -0.000023499997837 ], [ 138.715355571302666, -4.477812953405021, -0.000023499997837 ], [ 138.723553835141388, -4.474379254598887, -0.000023499997837 ], [ 138.737285140996505, -4.473091838217726, -0.000023499997837 ], [ 138.752883396251832, -4.478203358997746, -0.000023499997837 ], [ 138.758696036592823, -4.478243308681726, -0.000023499997837 ], [ 138.770090358783136, -4.473617523429937, -0.000023499997837 ], [ 138.764329736128502, -4.466152452573567, -0.000023499997837 ], [ 138.766961200099331, -4.463290389839585, -0.000023499997837 ], [ 138.765709243986521, -4.460932396213082, -0.000023499997837 ], [ 138.769961842065413, -4.44973572882077, -0.000023499997837 ], [ 138.774208719556782, -4.447420391837568, -0.000023499997837 ], [ 138.777035536061248, -4.440849074425216, -0.000023499997837 ], [ 138.771239454037641, -4.434919890040874, -0.000023499997837 ], [ 138.767339175262805, -4.413994758751073, -0.000023499997837 ], [ 138.773570528257324, -4.399296990163919, -0.000023499997837 ], [ 138.775030538029, -4.387062788416927, -0.000023499997837 ], [ 138.773852663569642, -4.385012481640672, -0.000023499997837 ], [ 138.779343664978228, -4.384984101734858, -0.000023499997837 ], [ 138.78386680161168, -4.389570227783736, -0.000023499997837 ], [ 138.794548554072549, -4.389268457573223, -0.000023499997837 ], [ 138.802396150661934, -4.392001723001044, -0.000023499997837 ], [ 138.816524651991131, -4.392737256019529, -0.000023499997837 ], [ 138.822192532059717, -4.401660807799999, -0.000023499997837 ], [ 138.821574567412426, -4.406144394048511, -0.000023499997837 ], [ 138.824954635148401, -4.415683741311568, -0.000023499997837 ], [ 138.821413997058357, -4.421127947396826, -0.000023499997837 ], [ 138.812304785637366, -4.42700109232652, -0.000023499997837 ], [ 138.811467214640288, -4.436747363699851, -0.000023499997837 ], [ 138.817873862588726, -4.44377057155458, -0.000023499997837 ], [ 138.817404395796302, -4.459666257791525, -0.000023499997837 ], [ 138.822280771740338, -4.461544122263376, -0.000023499997837 ], [ 138.827046735218687, -4.468272345292462, -0.000023499997837 ], [ 138.82692620178284, -4.474539607316956, -0.000023499997837 ], [ 138.825581310628991, -4.474744625763833, -0.000023499997837 ], [ 138.824219710071588, -4.479788134414832, -0.000023499997837 ], [ 138.82496113724676, -4.483827546404086, -0.000023499997837 ], [ 138.828873955268932, -4.489983563190833, -0.000023499997837 ], [ 138.828469568815649, -4.495043158914598, -0.000023499997837 ], [ 138.831076762782459, -4.496798637347183, -0.000023499997837 ], [ 138.831854808552634, -4.500000015188505, -0.000023499997837 ], [ 138.826741449558313, -4.504458212676354, -0.000023499997837 ], [ 138.820284092436964, -4.506453406299613, -0.000023499997837 ], [ 138.816398945654896, -4.512732650891053, -0.000023499997837 ], [ 138.815819581708411, -4.525451395665357, -0.000023499997837 ], [ 138.813326189751933, -4.527584490431821, -0.000023499997837 ], [ 138.817708408016642, -4.540961974215691, -0.000023499997837 ], [ 138.81770805188512, -4.554863668323605, -0.000023499997837 ], [ 138.820214660278452, -4.556642974293766, -0.000023499997837 ], [ 138.818991192889257, -4.560388939298036, -0.000023499997837 ], [ 138.821252861930134, -4.566320274860743, -0.000023499997837 ], [ 138.821271495882911, -4.571522478779343, -0.000023499997837 ], [ 138.81680862911503, -4.591126793766477, -0.000023499997837 ], [ 138.807773999370625, -4.59746021441731, -0.000023499997837 ], [ 138.805154573724622, -4.61046660824735, -0.000023499997837 ], [ 138.80895839391485, -4.612820412831752, -0.000023499997837 ], [ 138.828907794958809, -4.612591985032054, -0.000023499997837 ], [ 138.837892640033374, -4.618759548214541, -0.000023499997837 ], [ 138.842004347622606, -4.624013398399597, -0.000023499997837 ], [ 138.842080491421598, -4.62995253198369, -0.000023499997837 ], [ 138.837511926434331, -4.635358667968092, -0.000023499997837 ], [ 138.836750498336869, -4.63969880515566, -0.000023499997837 ], [ 138.841775919822908, -4.650054218827108, -0.000023499997837 ], [ 138.835303785941051, -4.656297924909268, -0.000023499997837 ], [ 138.8324103611493, -4.662465488091755, -0.000023499997837 ], [ 138.83340021704646, -4.669318334673335, -0.000023499997837 ], [ 138.84055763612605, -4.680282892441483, -0.000023499997837 ], [ 138.840405350326705, -4.683557029932956, -0.000023499997837 ], [ 138.838730210131189, -4.685612883727572, -0.000023499997837 ], [ 138.833476359946076, -4.684927599429102, -0.000023499997837 ], [ 138.828983937858538, -4.688125594920223, -0.000023499997837 ], [ 138.826471226665831, -4.692618017007817, -0.000023499997837 ], [ 138.826288353125051, -4.704687301977344, -0.000023499997837 ], [ 138.818737563387913, -4.708339779757011, -0.000023499997837 ], [ 138.819421076021854, -4.712791252114528, -0.000023499997837 ], [ 138.817158754972638, -4.716732665879761, -0.000023499997837 ], [ 138.814136800872689, -4.733900762410201, -0.000023499997837 ], [ 138.816040483081906, -4.737441481439191, -0.000023499997837 ], [ 138.815736850375401, -4.742665735834976, -0.000023499997837 ], [ 138.813061709030762, -4.751432381099448, -0.000023499997837 ], [ 138.80929244079357, -4.754292042643613, -0.000023499997837 ], [ 138.811053967166913, -4.756511724136715, -0.000023499997837 ], [ 138.807506630926355, -4.760348060214767, -0.000023499997837 ], [ 138.808750895137791, -4.763623963075361, -0.000023499997837 ], [ 138.807729723048396, -4.76494946484587, -0.000023499997837 ], [ 138.803089414644887, -4.761959344947741, -0.000023499997837 ], [ 138.802197366315454, -4.763634189266384, -0.000023499997837 ], [ 138.799621505628011, -4.760691544579061, -0.000023499997837 ], [ 138.799592985428035, -4.749265336026383, -0.000023499997837 ], [ 138.808027007440501, -4.744411278557607, -0.000023499997837 ], [ 138.80635051376521, -4.738496290871069, -0.000023499997837 ], [ 138.80817580297105, -4.731990294816228, -0.000023499997837 ], [ 138.807297006151998, -4.726909680137567, -0.000023499997837 ], [ 138.802337566125857, -4.728032316438203, -0.000023499997837 ], [ 138.795247286832932, -4.722552148262992, -0.000023499997837 ], [ 138.793368421415607, -4.725595845271982, -0.000023499997837 ], [ 138.7877284257263, -4.724275142283943, -0.000023499997837 ], [ 138.783960606297001, -4.726175548262916, -0.000023499997837 ], [ 138.78046696407921, -4.724259509368835, -0.000023499997837 ], [ 138.766642839195697, -4.722919926013731, -0.000023499997837 ], [ 138.763576769752149, -4.721024942047393, -0.000023499997837 ], [ 138.760793798794793, -4.711923848806521, -0.000023499997837 ], [ 138.756763897136238, -4.71154317387834, -0.000023499997837 ], [ 138.752779407643629, -4.708829824836528, -0.000023499997837 ], [ 138.747954011568481, -4.709604078165626, -0.000023499997837 ], [ 138.743802303033931, -4.714896345589807, -0.000023499997837 ], [ 138.736478709025278, -4.718854215149861, -0.000023499997837 ], [ 138.628792791853925, -4.716194498976904, -0.000023499997837 ], [ 138.624859791246422, -4.723066045161829, -0.000023499997837 ], [ 138.618505741047215, -4.72336964459339, -0.000023499997837 ], [ 138.611997885194342, -4.718273043566057, -0.000023499997837 ], [ 138.602953228908405, -4.723862014420376, -0.000023499997837 ], [ 138.597278257685502, -4.720971578975139, -0.000023499997837 ], [ 138.597890393826674, -4.71138754080232, -0.000023499997837 ], [ 138.594824624756711, -4.703808158020024, -0.000023499997837 ], [ 138.591547907110339, -4.699600516150838, -0.000023499997837 ], [ 138.586908399103436, -4.698615091213469, -0.000023499997837 ], [ 138.582040717804944, -4.700055325792619, -0.000023499997837 ], [ 138.576108232009346, -4.705892037387571, -0.000023499997837 ], [ 138.572305357006712, -4.70718065526296, -0.000023499997837 ], [ 138.566544972672432, -4.707542641379746, -0.000023499997837 ], [ 138.556409336221918, -4.703617999970675, -0.000023499997837 ], [ 138.537471015974688, -4.716200912941758, -0.000023499997837 ], [ 138.536400425239549, -4.721559782358042, -0.000023499997837 ] ] ], [ [ [ 138.125756065590053, -4.068447907245059, -0.000023499997837 ], [ 138.098786739216735, -4.066267869666433, -0.000023499997837 ], [ 138.091362821337157, -4.063222159974657, -0.000023499997837 ], [ 138.082572228025924, -4.056157131846135, -0.000023499997837 ], [ 138.120738782069225, -4.050077608694664, -0.000023499997837 ], [ 138.134686432433, -4.046125075711643, -0.000023499997837 ], [ 138.133887868630268, -4.05392118341581, -0.000023499997837 ], [ 138.130357542166848, -4.058158209733563, -0.000023499997837 ], [ 138.125756065590053, -4.068447907245059, -0.000023499997837 ] ] ], [ [ [ 138.893911102715265, -4.68371168904315, -0.000023499997837 ], [ 138.897551417164209, -4.682316370204262, -0.000023499997837 ], [ 138.899409011816488, -4.685546494874814, -0.000023499997837 ], [ 138.902222110961702, -4.684225088616927, -0.000023499997837 ], [ 138.904500677364467, -4.688660210400315, -0.000023499997837 ], [ 138.90677314186712, -4.689182557329104, -0.000023499997837 ], [ 138.907806923350904, -4.687183151281374, -0.000023499997837 ], [ 138.908234276690564, -4.69062850620054, -0.000023499997837 ], [ 138.911022539258852, -4.690048284300815, -0.000023499997837 ], [ 138.911487486957981, -4.692026612937809, -0.000023499997837 ], [ 138.913977907554454, -4.691843075697363, -0.000023499997837 ], [ 138.913353044207724, -4.693114071357286, -0.000023499997837 ], [ 138.915678190995777, -4.694077828029265, -0.000023499997837 ], [ 138.918579218656078, -4.691984030938215, -0.000023499997837 ], [ 138.919945251971853, -4.694391502565736, -0.000023499997837 ], [ 138.922483042558383, -4.691708660326356, -0.000023499997837 ], [ 138.925831698773891, -4.691104586607366, -0.000023499997837 ], [ 138.92973784742378, -4.694774922224838, -0.000023499997837 ], [ 138.933831100025259, -4.695257368033083, -0.000023499997837 ], [ 138.937039880186376, -4.699069280322988, -0.000023499997837 ], [ 138.93890082031669, -4.696561872432426, -0.000023499997837 ], [ 138.944152932112161, -4.696740695426683, -0.000023499997837 ], [ 138.969165688945509, -4.70833922487526, -0.000023499997837 ], [ 138.97894527390531, -4.708160765207083, -0.000023499997837 ], [ 138.992902398626825, -4.713300400592971, -0.000023499997837 ], [ 138.997256812551882, -4.712931584125272, -0.000023499997837 ], [ 139.00184917180195, -4.715287251205609, -0.000023499997837 ], [ 139.003728947333116, -4.714335466308682, -0.000023499997837 ], [ 139.010914918988419, -4.719284744894992, -0.000023499997837 ], [ 139.012402081990558, -4.718071220410422, -0.000023499997837 ], [ 139.013853552699402, -4.72321085579631, -0.000023499997837 ], [ 139.021868976272344, -4.729076710821516, -0.000023499997837 ], [ 139.022201812663639, -4.736543779072122, -0.000023499997837 ], [ 139.020655164004665, -4.74180238757009, -0.000023499997837 ], [ 139.018156730448823, -4.743111090904051, -0.000023499997837 ], [ 139.018799183635451, -4.739232569427486, -0.000023499997837 ], [ 139.015729679681044, -4.736924492671164, -0.000023499997837 ], [ 139.010709017407294, -4.736829313821715, -0.000023499997837 ], [ 139.006069354717056, -4.738727804244718, -0.000023499997837 ], [ 139.000948755280888, -4.742953726633118, -0.000023499997837 ], [ 139.002476082005614, -4.747203763442883, -0.000023499997837 ], [ 138.998055329589874, -4.746875079221468, -0.000023499997837 ], [ 139.000586300617329, -4.750992373399242, -0.000023499997837 ], [ 138.997334717223453, -4.752269768634847, -0.000023499997837 ], [ 138.994671449627731, -4.750368447146059, -0.000023499997837 ], [ 138.99421531888197, -4.756912554670635, -0.000023499997837 ], [ 138.990198062590594, -4.756507456853626, -0.000023499997837 ], [ 138.986348382372057, -4.762750842777109, -0.000023499997837 ], [ 138.979446706200633, -4.76110892713524, -0.000023499997837 ], [ 138.980481871741063, -4.759366667837412, -0.000023499997837 ], [ 138.978923180260608, -4.757270203357166, -0.000023499997837 ], [ 138.964133336384407, -4.758145187949992, -0.000023499997837 ], [ 138.959128830431268, -4.756841122419814, -0.000023499997837 ], [ 138.957496101364086, -4.760699648370007, -0.000023499997837 ], [ 138.952859428020247, -4.760168929652309, -0.000023499997837 ], [ 138.948994107691988, -4.764488626149102, -0.000023499997837 ], [ 138.942694173297468, -4.763774163346909, -0.000023499997837 ], [ 138.940570745343734, -4.760746548914028, -0.000023499997837 ], [ 138.941472546820592, -4.759032536422353, -0.000023499997837 ], [ 138.934685312976853, -4.759191094993014, -0.000023499997837 ], [ 138.93544977988347, -4.758409618309202, -0.000023499997837 ], [ 138.932642874369208, -4.75596492284285, -0.000023499997837 ], [ 138.925250698960667, -4.752547134842359, -0.000023499997837 ], [ 138.921412315126304, -4.7472025529554, -0.000023499997837 ], [ 138.910216597418071, -4.739222068943263, -0.000023499997837 ], [ 138.907235575061804, -4.733320497343016, -0.000023499997837 ], [ 138.894530524264383, -4.726425454571029, -0.000023499997837 ], [ 138.885150458626867, -4.725057368103023, -0.000023499997837 ], [ 138.880759527730106, -4.726383465224671, -0.000023499997837 ], [ 138.874944666063584, -4.719285404997379, -0.000023499997837 ], [ 138.866713427682612, -4.716542874753827, -0.000023499997837 ], [ 138.86493892679016, -4.710528814153406, -0.000023499997837 ], [ 138.857158585100706, -4.705457851898302, -0.000023499997837 ], [ 138.857167724011333, -4.702469715005293, -0.000023499997837 ], [ 138.861635115268427, -4.699520986404366, -0.000023499997837 ], [ 138.876654609122966, -4.696261292924305, -0.000023499997837 ], [ 138.885930428946153, -4.686326169317226, -0.000023499997837 ], [ 138.888458385446143, -4.685942275715377, -0.000023499997837 ], [ 138.889901823410469, -4.681066683980248, -0.000023499997837 ], [ 138.891446700404913, -4.682699568630142, -0.000023499997837 ], [ 138.892562325590916, -4.680858779608968, -0.000023499997837 ], [ 138.893911102715265, -4.68371168904315, -0.000023499997837 ] ] ], [ [ [ 138.873612810582813, -4.639800790973652, -0.000023499997837 ], [ 138.87464483838869, -4.622463181230785, -0.000023499997837 ], [ 138.867808848699497, -4.610233348390295, -0.000023499997837 ], [ 138.870783174703774, -4.608984130712997, -0.000023499997837 ], [ 138.874188202223763, -4.604268923172242, -0.000023499997837 ], [ 138.877369280567905, -4.608817373922648, -0.000023499997837 ], [ 138.874546552381503, -4.615494412936755, -0.000023499997837 ], [ 138.878155802448418, -4.622467354984394, -0.000023499997837 ], [ 138.873612810582813, -4.639800790973652, -0.000023499997837 ] ] ], [ [ [ 138.775605374788256, -4.268721961749065, -0.000023499997837 ], [ 138.791785709942587, -4.267389464152416, -0.000023499997837 ], [ 138.799637930845847, -4.269959282295019, -0.000023499997837 ], [ 138.803445068635028, -4.276669362401094, -0.000023499997837 ], [ 138.801370417211047, -4.28943421901397, -0.000023499997837 ], [ 138.796938908903599, -4.289205791214272, -0.000023499997837 ], [ 138.792141915217258, -4.292769271184852, -0.000023499997837 ], [ 138.78437535383955, -4.294459639600632, -0.000023499997837 ], [ 138.776517422241341, -4.299210947727033, -0.000023499997837 ], [ 138.771184337287423, -4.300236188349345, -0.000023499997837 ], [ 138.773087906182013, -4.302675135349148, -0.000023499997837 ], [ 138.778263233861253, -4.303270000010457, -0.000023499997837 ], [ 138.78117807420881, -4.306660731907186, -0.000023499997837 ], [ 138.785088955990545, -4.307012892930629, -0.000023499997837 ], [ 138.793512248191746, -4.32852322027037, -0.000023499997837 ], [ 138.80003197059898, -4.337755529094352, -0.000023499997837 ], [ 138.804457768211478, -4.348605871163954, -0.000023499997837 ], [ 138.802564698901847, -4.351300772412685, -0.000023499997837 ], [ 138.799114481348283, -4.353739720311808, -0.000023499997837 ], [ 138.789715609987525, -4.356059694199473, -0.000023499997837 ], [ 138.786860257095213, -4.360283237881049, -0.000023499997837 ], [ 138.778437044034376, -4.355785561054745, -0.000023499997837 ], [ 138.769414127959749, -4.356071095804396, -0.000023499997837 ], [ 138.765645062070007, -4.35270177856421, -0.000023499997837 ], [ 138.763072188930437, -4.352904445283855, -0.000023499997837 ], [ 138.76427207879351, -4.357169316410761, -0.000023499997837 ], [ 138.759744197336886, -4.355234815334427, -0.000023499997837 ], [ 138.744073066418991, -4.356800499943063, -0.000023499997837 ], [ 138.737101245825897, -4.35430206638722, -0.000023499997837 ], [ 138.733960357284673, -4.35118497210874, -0.000023499997837 ], [ 138.722127941151598, -4.35151676168914, -0.000023499997837 ], [ 138.724917204665303, -4.311855393211772, -0.000023499997837 ], [ 138.740350210394013, -4.317261866441925, -0.000023499997837 ], [ 138.739298614239715, -4.310861115348132, -0.000023499997837 ], [ 138.743398483153555, -4.303671990669784, -0.000023499997837 ], [ 138.743798310943362, -4.288920519066664, -0.000023499997837 ], [ 138.746831895975333, -4.280450070014695, -0.000023499997837 ], [ 138.755522919047507, -4.273368527635398, -0.000023499997837 ], [ 138.755921537249264, -4.269624665246056, -0.000023499997837 ], [ 138.765590742119116, -4.265327241359046, -0.000023499997837 ], [ 138.775605374788256, -4.268721961749065, -0.000023499997837 ] ] ] ] } },
{ "type": "Feature", "properties": { "kabkota": "Jayawijaya" }, "geometry": { "type": "Polygon", "coordinates": [ [ [ 138.800422074918856, -4.214833472286841, -0.000023499997837 ], [ 138.793378953376077, -4.221380246301294, -0.000023499997837 ], [ 138.781693315594111, -4.220294901288639, -0.000023499997837 ], [ 138.777440913567375, -4.224852990972693, -0.000023499997837 ], [ 138.775225511048575, -4.231202854827814, -0.000023499997837 ], [ 138.778878829694349, -4.2386190043635, -0.000023499997837 ], [ 138.777973635075227, -4.244821792191885, -0.000023499997837 ], [ 138.774096255737732, -4.251526349561345, -0.000023499997837 ], [ 138.771329444698154, -4.253024856611773, -0.000023499997837 ], [ 138.770066862196018, -4.257128447819582, -0.000023499997837 ], [ 138.76232806738642, -4.258788643081346, -0.000023499997837 ], [ 138.753328173056843, -4.26717084256029, -0.000023499997837 ], [ 138.756329648694418, -4.271561954220772, -0.000023499997837 ], [ 138.748045203723223, -4.278997832184189, -0.000023499997837 ], [ 138.744649816935521, -4.285433316894, -0.000023499997837 ], [ 138.743398483153555, -4.303671990669784, -0.000023499997837 ], [ 138.739298614239715, -4.310861115348132, -0.000023499997837 ], [ 138.740350210394013, -4.317261866441925, -0.000023499997837 ], [ 138.724917204665303, -4.311855393211772, -0.000023499997837 ], [ 138.722127941151598, -4.35151676168914, -0.000023499997837 ], [ 138.733960357284673, -4.35118497210874, -0.000023499997837 ], [ 138.736101872403538, -4.353730995089279, -0.000023499997837 ], [ 138.743454406595674, -4.356729116255678, -0.000023499997837 ], [ 138.759744197336886, -4.355234815334427, -0.000023499997837 ], [ 138.76427207879351, -4.357169316410761, -0.000023499997837 ], [ 138.76127770959863, -4.367487376740996, -0.000023499997837 ], [ 138.774943421601733, -4.386143552682768, -0.000023499997837 ], [ 138.773570528257324, -4.399296990163919, -0.000023499997837 ], [ 138.767339175262805, -4.413994758751073, -0.000023499997837 ], [ 138.771239454037641, -4.434919890040874, -0.000023499997837 ], [ 138.777035536061248, -4.440849074425216, -0.000023499997837 ], [ 138.774208719556782, -4.447420391837568, -0.000023499997837 ], [ 138.769961842065413, -4.44973572882077, -0.000023499997837 ], [ 138.765709243986521, -4.460932396213082, -0.000023499997837 ], [ 138.766961200099331, -4.463290389839585, -0.000023499997837 ], [ 138.764329736128502, -4.466152452573567, -0.000023499997837 ], [ 138.770090358783136, -4.473617523429937, -0.000023499997837 ], [ 138.757158623072087, -4.478431218425953, -0.000023499997837 ], [ 138.737285140996505, -4.473091838217726, -0.000023499997837 ], [ 138.723553835141388, -4.474379254598887, -0.000023499997837 ], [ 138.715355571302666, -4.477812953405021, -0.000023499997837 ], [ 138.706252432104179, -4.476117904017997, -0.000023499997837 ], [ 138.676292860826948, -4.475543144600408, -0.000023499997837 ], [ 138.654255456124474, -4.477039385359319, -0.000023499997837 ], [ 138.633742012883658, -4.475677361221187, -0.000023499997837 ], [ 138.625641404627231, -4.473310963430151, -0.000023499997837 ], [ 138.624313281332888, -4.472377100222957, -0.000023499997837 ], [ 138.621988675936677, -4.457653561562552, -0.000023499997837 ], [ 138.615229582779079, -4.453295469410364, -0.000023499997837 ], [ 138.610864023555905, -4.44679070093008, -0.000023499997837 ], [ 138.604175877015223, -4.442480285436773, -0.000023499997837 ], [ 138.592881936252411, -4.443198550572617, -0.000023499997837 ], [ 138.594528153351689, -4.439633314226, -0.000023499997837 ], [ 138.595081345227982, -4.430235174014001, -0.000023499997837 ], [ 138.593436457326675, -4.423831674592066, -0.000023499997837 ], [ 138.586697162743917, -4.415910716706151, -0.000023499997837 ], [ 138.585127434783317, -4.410508092574389, -0.000023499997837 ], [ 138.583461053085216, -4.409518344595881, -0.000023499997837 ], [ 138.583323275149041, -4.401892696190941, -0.000023499997837 ], [ 138.588119395593708, -4.398690911856022, -0.000023499997837 ], [ 138.590340114904393, -4.393634109426557, -0.000023499997837 ], [ 138.593598107766525, -4.392011958185265, -0.000023499997837 ], [ 138.610714502272572, -4.389090151689118, -0.000023499997837 ], [ 138.609551786785573, -4.385748298844874, -0.000023499997837 ], [ 138.611380963760553, -4.385373508180805, -0.000023499997837 ], [ 138.614555266612342, -4.38078974465094, -0.000023499997837 ], [ 138.618515289149286, -4.380187645843137, -0.000023499997837 ], [ 138.616521836613515, -4.362322382272055, -0.000023499997837 ], [ 138.605774823049728, -4.357386791367276, -0.000023499997837 ], [ 138.605143430624935, -4.354590394431114, -0.000023499997837 ], [ 138.609877137220224, -4.342759921732977, -0.000023499997837 ], [ 138.615477403559339, -4.338803673650546, -0.000023499997837 ], [ 138.617364761274757, -4.332631024801913, -0.000023499997837 ], [ 138.615330392283795, -4.32753203067864, -0.000023499997837 ], [ 138.61774315012633, -4.32112103270947, -0.000023499997837 ], [ 138.619444859892383, -4.319214631849718, -0.000023499997837 ], [ 138.624171978054392, -4.318415958329751, -0.000023499997837 ], [ 138.626579488352718, -4.294693217817724, -0.000023499997837 ], [ 138.624394626810613, -4.29236381993428, -0.000023499997837 ], [ 138.629038308571126, -4.285719629557207, -0.000023499997837 ], [ 138.626770391940113, -4.27812856458155, -0.000023499997837 ], [ 138.628398674759069, -4.266931892692639, -0.000023499997837 ], [ 138.633882665052965, -4.259027883430008, -0.000023499997837 ], [ 138.638762649976343, -4.257139252274612, -0.000023499997837 ], [ 138.636410222253971, -4.253163404367569, -0.000023499997837 ], [ 138.640449839288749, -4.239132256448443, -0.000023499997837 ], [ 138.642789580275007, -4.235713804748229, -0.000023499997837 ], [ 138.641015000242078, -4.22420955842432, -0.000023499997837 ], [ 138.64363750606617, -4.221592557350618, -0.000023499997837 ], [ 138.643270760737096, -4.217693738175456, -0.000023499997837 ], [ 138.646098828198433, -4.213557375672281, -0.000023499997837 ], [ 138.647726908669938, -4.206009175982615, -0.000023499997837 ], [ 138.650508002742185, -4.202426646572462, -0.000023499997837 ], [ 138.6654709975885, -4.165601414273794, -0.000023499997837 ], [ 138.673204938756953, -4.130649946437813, -0.000023499997837 ], [ 138.674641157863221, -4.082250477177752, -0.000023499997837 ], [ 138.676964728139751, -4.080365208587466, -0.000023499997837 ], [ 138.680328054995812, -4.080392705359031, -0.000023499997837 ], [ 138.679398337663201, -4.072648600952107, -0.000023499997837 ], [ 138.683401465605243, -4.064715908712174, -0.000023499997837 ], [ 138.682792324206503, -4.057101634033131, -0.000023499997837 ], [ 138.694975164772131, -4.043395938171955, -0.000023499997837 ], [ 138.693452310375847, -4.034258808197421, -0.000023499997837 ], [ 138.694518308273359, -4.03045167130756, -0.000023499997837 ], [ 138.739290246048085, -4.018877972140672, -0.000023499997837 ], [ 138.740508529744943, -4.00501999137947, -0.000023499997837 ], [ 138.746295380227707, -3.997253430901083, -0.000023499997837 ], [ 138.746143094428362, -3.994512291908677, -0.000023499997837 ], [ 138.741269957842292, -3.989791441122065, -0.000023499997837 ], [ 138.727411977081147, -3.982177166443023, -0.000023499997837 ], [ 138.736853677755107, -3.969689754278704, -0.000023499997837 ], [ 138.736853677755107, -3.966034902288868, -0.000023499997837 ], [ 138.734873966860164, -3.964664332792665, -0.000023499997837 ], [ 138.733602705000862, -3.952536293315234, -0.000023499997837 ], [ 138.728464805306544, -3.946495371763945, -0.000023499997837 ], [ 138.728335897383772, -3.94208811817208, -0.000023499997837 ], [ 138.726332099047227, -3.938828306880794, -0.000023499997837 ], [ 138.715486794080334, -3.936317239648815, -0.000023499997837 ], [ 138.716003646151421, -3.929814690695366, -0.000023499997837 ], [ 138.717371489802531, -3.928410770740413, -0.000023499997837 ], [ 138.710862563756336, -3.91986082072026, -0.000023499997837 ], [ 138.712286585357674, -3.913514687252984, -0.000023499997837 ], [ 138.713945437032407, -3.914072909037486, -0.000023499997837 ], [ 138.715622067404524, -3.919207536998215, -0.000023499997837 ], [ 138.722106137088645, -3.919731518894423, -0.000023499997837 ], [ 138.719162713588389, -3.899180395858536, -0.000023499997837 ], [ 138.711614345725593, -3.90233771411414, -0.000023499997837 ], [ 138.710394202230759, -3.900974651259105, -0.000023499997837 ], [ 138.713370000425243, -3.899539999671219, -0.000023499997837 ], [ 138.713901289313071, -3.896666161214341, -0.000023499997837 ], [ 138.717584694777884, -3.896152196866353, -0.000023499997837 ], [ 138.72001900307464, -3.892344563550694, -0.000023499997837 ], [ 138.720395306398359, -3.881782459592785, -0.000023499997837 ], [ 138.713160476374924, -3.872159284723182, -0.000023499997837 ], [ 138.701872312857063, -3.870160537878462, -0.000023499997837 ], [ 138.697823603676397, -3.874645858919223, -0.000023499997837 ], [ 138.692936355828238, -3.875514978133708, -0.000023499997837 ], [ 138.686930033893987, -3.870868455414836, -0.000023499997837 ], [ 138.683495555375657, -3.866655006623205, -0.000023499997837 ], [ 138.68418650630224, -3.85876714918453, -0.000023499997837 ], [ 138.678576798880272, -3.857103669598644, -0.000023499997837 ], [ 138.668454975117129, -3.847607305432746, -0.000023499997837 ], [ 138.659374612148667, -3.842896551334718, -0.000023499997837 ], [ 138.65277796533087, -3.829051844566948, -0.000023499997837 ], [ 138.645909278090812, -3.822060860320391, -0.000023499997837 ], [ 138.642022601561848, -3.815426210850887, -0.000023499997837 ], [ 138.643123943715068, -3.806890106792935, -0.000023499997837 ], [ 138.64665746367109, -3.803594494390381, -0.000023499997837 ], [ 138.643170218330965, -3.798782053948571, -0.000023499997837 ], [ 138.642218789565504, -3.793279693203203, -0.000023499997837 ], [ 138.638707966699371, -3.790510695911848, -0.000023499997837 ], [ 138.634670168993125, -3.782479766228164, -0.000023499997837 ], [ 138.63448786292463, -3.766766038022183, -0.000023499997837 ], [ 138.646551947114745, -3.755245994207201, -0.000023499997837 ], [ 138.661955968593134, -3.751477238583618, -0.000023499997837 ], [ 138.666729390149271, -3.752625935438516, -0.000023499997837 ], [ 138.667330014068966, -3.759868612946093, -0.000023499997837 ], [ 138.670956146209278, -3.7664203629094, -0.000023499997837 ], [ 138.672147470029813, -3.77738905216296, -0.000023499997837 ], [ 138.675386140058436, -3.779646514175226, -0.000023499997837 ], [ 138.682420787289516, -3.781026186609154, -0.000023499997837 ], [ 138.706131514657727, -3.779651044959735, -0.000023499997837 ], [ 138.723652876579081, -3.776283994910386, -0.000023499997837 ], [ 138.735346719775407, -3.782203580830526, -0.000023499997837 ], [ 138.734020565097012, -3.790928450787305, -0.000023499997837 ], [ 138.737398531117378, -3.793574960416038, -0.000023499997837 ], [ 138.749682688405414, -3.788709049882698, -0.000023499997837 ], [ 138.770623645065257, -3.798646792315537, -0.000023499997837 ], [ 138.778155922258065, -3.797256941354703, -0.000023499997837 ], [ 138.780018904748772, -3.800735490250645, -0.000023499997837 ], [ 138.783887072330572, -3.802349499030129, -0.000023499997837 ], [ 138.790327803685273, -3.809215110588809, -0.000023499997837 ], [ 138.796952833106843, -3.808470523196036, -0.000023499997837 ], [ 138.808331337121558, -3.801033457228243, -0.000023499997837 ], [ 138.818030716044746, -3.80422824124031, -0.000023499997837 ], [ 138.836573193398181, -3.801863855232682, -0.000023499997837 ], [ 138.842487204420991, -3.799206033031965, -0.000023499997837 ], [ 138.853152734011474, -3.800419272431441, -0.000023499997837 ], [ 138.865681199327923, -3.795728632570274, -0.000023499997837 ], [ 138.880470780602082, -3.792517337005449, -0.000023499997837 ], [ 138.890826615156243, -3.7959596549141, -0.000023499997837 ], [ 138.896484921042315, -3.802071184937176, -0.000023499997837 ], [ 138.896006758704971, -3.807711524167473, -0.000023499997837 ], [ 138.893374949394456, -3.810532747788045, -0.000023499997837 ], [ 138.900314287374499, -3.811448753157379, -0.000023499997837 ], [ 138.904520549683639, -3.809018267878685, -0.000023499997837 ], [ 138.906121327637265, -3.812589271577565, -0.000023499997837 ], [ 138.904914659583937, -3.828218062413612, -0.000023499997837 ], [ 138.89773582404905, -3.840011290588563, -0.000023499997837 ], [ 138.902074137411546, -3.847184933437859, -0.000023499997837 ], [ 138.901165646777258, -3.85162750070856, -0.000023499997837 ], [ 138.90294214596338, -3.858873685572064, -0.000023499997837 ], [ 138.901854672255354, -3.864730217325643, -0.000023499997837 ], [ 138.904479766328222, -3.868020594774578, -0.000023499997837 ], [ 138.906878748355666, -3.867149856780429, -0.000023499997837 ], [ 138.911581140557246, -3.869420076575238, -0.000023499997837 ], [ 138.925097000326332, -3.866708241092397, -0.000023499997837 ], [ 138.933653470431409, -3.871166436781607, -0.000023499997837 ], [ 138.937443111010793, -3.876988359025518, -0.000023499997837 ], [ 138.940674397605449, -3.876386684697707, -0.000023499997837 ], [ 138.944735328572619, -3.879218092241103, -0.000023499997837 ], [ 138.949339634416674, -3.878919636931641, -0.000023499997837 ], [ 138.948325284584257, -3.883045841592264, -0.000023499997837 ], [ 138.949652451899169, -3.886431266589625, -0.000023499997837 ], [ 138.946552200123961, -3.89598712630476, -0.000023499997837 ], [ 138.952598784706197, -3.906616380841228, -0.000023499997837 ], [ 138.95489826304447, -3.9159812524328, -0.000023499997837 ], [ 138.959977167212514, -3.920144798743422, -0.000023499997837 ], [ 138.963319950855066, -3.920157380258843, -0.000023499997837 ], [ 138.96619307435094, -3.922482725797124, -0.000023499997837 ], [ 138.978689835867272, -3.939243286448459, -0.000023499997837 ], [ 138.985646609903142, -3.943476423198319, -0.000023499997837 ], [ 138.985992362357706, -3.948261633067887, -0.000023499997837 ], [ 138.989617686007477, -3.951200873821222, -0.000023499997837 ], [ 138.991500989579094, -3.95719834912444, -0.000023499997837 ], [ 139.000333654074893, -3.966681075071506, -0.000023499997837 ], [ 139.008051312118369, -3.970063822787154, -0.000023499997837 ], [ 139.013126554247151, -3.969749453974089, -0.000023499997837 ], [ 139.01311731371311, -3.973611261550445, -0.000023499997837 ], [ 139.014852859571874, -3.974369312693568, -0.000023499997837 ], [ 139.01688634003267, -3.967668858930665, -0.000023499997837 ], [ 139.019672016150707, -3.968608781769831, -0.000023499997837 ], [ 139.025523824664788, -3.965374214448389, -0.000023499997837 ], [ 139.020128410397888, -3.959438753695451, -0.000023499997837 ], [ 139.022992681866867, -3.953585402843999, -0.000023499997837 ], [ 139.037021544608706, -3.945401422037946, -0.000023499997837 ], [ 139.039790729858396, -3.946139638633383, -0.000023499997837 ], [ 139.041836486964371, -3.943245775871787, -0.000023499997837 ], [ 139.043674049218112, -3.94317942928717, -0.000023499997837 ], [ 139.047365858847343, -3.932593466315382, -0.000023499997837 ], [ 139.052962350731946, -3.930134530983764, -0.000023499997837 ], [ 139.053088046276343, -3.926988125101843, -0.000023499997837 ], [ 139.061904613806973, -3.916235045610847, -0.000023499997837 ], [ 139.068219862756564, -3.918582397559533, -0.000023499997837 ], [ 139.067510201434743, -3.92396213844188, -0.000023499997837 ], [ 139.071474707092079, -3.928843456160507, -0.000023499997837 ], [ 139.071899159218901, -3.934423065072338, -0.000023499997837 ], [ 139.080808469335466, -3.9310557614142, -0.000023499997837 ], [ 139.083286626776498, -3.933767613084854, -0.000023499997837 ], [ 139.083564430953743, -3.937395559157665, -0.000023499997837 ], [ 139.08642615824067, -3.938472732030903, -0.000023499997837 ], [ 139.106411906284507, -3.934531899227693, -0.000023499997837 ], [ 139.116225895708567, -3.946468206842212, -0.000023499997837 ], [ 139.123919281949384, -3.945371228199576, -0.000023499997837 ], [ 139.141448457180672, -3.953452326563593, -0.000023499997837 ], [ 139.14353180774674, -3.958664151429389, -0.000023499997837 ], [ 139.159873347277198, -3.969603329430072, -0.000023499997837 ], [ 139.176147971851492, -3.987341207630607, -0.000023499997837 ], [ 139.181265223111609, -3.987746481714737, -0.000023499997837 ], [ 139.1849986488686, -3.991491813596269, -0.000023499997837 ], [ 139.189627450446551, -3.991617669220034, -0.000023499997837 ], [ 139.190864135171751, -3.994199399782417, -0.000023499997837 ], [ 139.196330809919004, -3.99397816026385, -0.000023499997837 ], [ 139.202245218442158, -3.997172702358284, -0.000023499997837 ], [ 139.198150077264359, -4.002321493741874, -0.000023499997837 ], [ 139.198650299072142, -4.009471754218055, -0.000023499997837 ], [ 139.20052131340799, -4.012553128324157, -0.000023499997837 ], [ 139.200450645580872, -4.025862058587109, -0.000023499997837 ], [ 139.199175370946705, -4.030754612435373, -0.000023499997837 ], [ 139.194086543659182, -4.037243666162226, -0.000023499997837 ], [ 139.196722617554769, -4.039079837164707, -0.000023499997837 ], [ 139.19765048767988, -4.043724949746604, -0.000023499997837 ], [ 139.19985933683904, -4.045153233235055, -0.000023499997837 ], [ 139.199320275110722, -4.051335224241143, -0.000023499997837 ], [ 139.189056773051675, -4.061257510025996, -0.000023499997837 ], [ 139.194429297773922, -4.064104124205926, -0.000023499997837 ], [ 139.20916086288355, -4.079226622810324, -0.000023499997837 ], [ 139.205763673854563, -4.086960797802533, -0.000023499997837 ], [ 139.205902599325555, -4.090651569614181, -0.000023499997837 ], [ 139.209588042654104, -4.093666011677044, -0.000023499997837 ], [ 139.212140054220185, -4.097548038710954, -0.000023499997837 ], [ 139.212797635802303, -4.102497177003045, -0.000023499997837 ], [ 139.215547693371377, -4.104568104334476, -0.000023499997837 ], [ 139.21191956113887, -4.112813991772271, -0.000023499997837 ], [ 139.214436579184849, -4.115001295873071, -0.000023499997837 ], [ 139.214158533089858, -4.118666424415892, -0.000023499997837 ], [ 139.217507249559958, -4.119604563000109, -0.000023499997837 ], [ 139.221426031885926, -4.127086978181467, -0.000023499997837 ], [ 139.221020529373959, -4.129892262218107, -0.000023499997837 ], [ 139.215252141073506, -4.133372690697058, -0.000023499997837 ], [ 139.212558947637376, -4.138950328294982, -0.000023499997837 ], [ 139.220734743713479, -4.149320171588613, -0.000023499997837 ], [ 139.220651000643215, -4.154875083318416, -0.000023499997837 ], [ 139.217449542762211, -4.158146498562019, -0.000023499997837 ], [ 139.211829803402793, -4.158905717924483, -0.000023499997837 ], [ 139.208848798133545, -4.16154976071283, -0.000023499997837 ], [ 139.212069457439611, -4.173416812435903, -0.000023499997837 ], [ 139.21532832444268, -4.176656430349908, -0.000023499997837 ], [ 139.212012579816815, -4.182769770708319, -0.000023499997837 ], [ 139.206561570360236, -4.183595314172351, -0.000023499997837 ], [ 139.20381910037122, -4.185607737007388, -0.000023499997837 ], [ 139.195821155122303, -4.178588265835742, -0.000023499997837 ], [ 139.186818118561405, -4.180858184357703, -0.000023499997837 ], [ 139.179494020033076, -4.178550470927462, -0.000023499997837 ], [ 139.171692768206753, -4.179119286725665, -0.000023499997837 ], [ 139.16948964143387, -4.176727609891259, -0.000023499997837 ], [ 139.159133895912646, -4.177543640326689, -0.000023499997837 ], [ 139.147730453697591, -4.175841696736882, -0.000023499997837 ], [ 139.145829891236531, -4.177583829230286, -0.000023499997837 ], [ 139.135148700851914, -4.178030913695636, -0.000023499997837 ], [ 139.107678793841274, -4.175001518605143, -0.000023499997837 ], [ 139.078121558563112, -4.179619567888722, -0.000023499997837 ], [ 139.072165417000406, -4.184578295651761, -0.000023499997837 ], [ 139.072540171691685, -4.188759519935843, -0.000023499997837 ], [ 139.061736112331801, -4.192884409787609, -0.000023499997837 ], [ 139.059311315265063, -4.193207651312036, -0.000023499997837 ], [ 139.057154461309437, -4.188964761414582, -0.000023499997837 ], [ 139.048880146301826, -4.19069067193692, -0.000023499997837 ], [ 139.046150364847563, -4.193260697822893, -0.000023499997837 ], [ 139.038524095010985, -4.192411247680866, -0.000023499997837 ], [ 139.033920863856792, -4.194554427444814, -0.000023499997837 ], [ 139.030337111368681, -4.19425387941294, -0.000023499997837 ], [ 139.025750782972295, -4.190860638407685, -0.000023499997837 ], [ 139.021783918393226, -4.192872932639659, -0.000023499997837 ], [ 139.015266249138108, -4.191397191027477, -0.000023499997837 ], [ 139.010243334062693, -4.198916798571361, -0.000023499997837 ], [ 139.000000020884272, -4.207443392298671, -0.000023499997837 ], [ 138.997888428907913, -4.211583785563221, -0.000023499997837 ], [ 138.986178305284625, -4.223040134894291, -0.000023499997837 ], [ 138.971816371428417, -4.223277517243559, -0.000023499997837 ], [ 138.959195534946048, -4.22065100044324, -0.000023499997837 ], [ 138.954479369627279, -4.222631222153154, -0.000023499997837 ], [ 138.951602191987604, -4.220864970741786, -0.000023499997837 ], [ 138.945371273365595, -4.226288166865345, -0.000023499997837 ], [ 138.941478558788504, -4.227434467026967, -0.000023499997837 ], [ 138.93197148909303, -4.228828005208243, -0.000023499997837 ], [ 138.925709240788933, -4.227767184707773, -0.000023499997837 ], [ 138.926327899712874, -4.232050214945389, -0.000023499997837 ], [ 138.922908361631698, -4.241925093867962, -0.000023499997837 ], [ 138.924736877604914, -4.246023229788193, -0.000023499997837 ], [ 138.921081340331625, -4.256931427943016, -0.000023499997837 ], [ 138.907095161212737, -4.257098265672369, -0.000023499997837 ], [ 138.900617930872841, -4.253201269423016, -0.000023499997837 ], [ 138.893498941622966, -4.25781969822043, -0.000023499997837 ], [ 138.877983813402352, -4.258521352878063, -0.000023499997837 ], [ 138.872826619652869, -4.254865529620474, -0.000023499997837 ], [ 138.869821367762029, -4.259960165629082, -0.000023499997837 ], [ 138.864184652799509, -4.262288646204013, -0.000023499997837 ], [ 138.856423497246624, -4.259909427677883, -0.000023499997837 ], [ 138.855264917741806, -4.25427292855278, -0.000023499997837 ], [ 138.849269711428065, -4.249377134447172, -0.000023499997837 ], [ 138.842216479706849, -4.248185601983892, -0.000023499997837 ], [ 138.836596393208993, -4.2451833951975, -0.000023499997837 ], [ 138.834261015733318, -4.24038181676741, -0.000023499997837 ], [ 138.822854262214491, -4.241701677990022, -0.000023499997837 ], [ 138.818261818428255, -4.226515391372175, -0.000023499997837 ], [ 138.815387601356747, -4.22425826300838, -0.000023499997837 ], [ 138.809015794943093, -4.223294950601428, -0.000023499997837 ], [ 138.802712790263172, -4.209945154245418, -0.000023499997837 ], [ 138.800422074918856, -4.214833472286841, -0.000023499997837 ] ] ] } },
{ "type": "Feature", "properties": { "kabkota": "Mamberamo Tengah" }, "geometry": { "type": "Polygon", "coordinates": [ [ [ 139.085323300729783, -3.835798363403683, -0.000023499997837 ], [ 139.066136570646336, -3.842039143991258, -0.000023499997837 ], [ 139.059509873881666, -3.845839994620007, -0.000023499997837 ], [ 139.052480429228467, -3.852747968743699, -0.000023499997837 ], [ 139.043267338916621, -3.857401990909125, -0.000023499997837 ], [ 139.028540132820922, -3.859320132418134, -0.000023499997837 ], [ 139.02801044202829, -3.854411981627607, -0.000023499997837 ], [ 139.019596188913056, -3.853362691335064, -0.000023499997837 ], [ 139.015860672232293, -3.848584865798898, -0.000023499997837 ], [ 139.012619688248037, -3.842531689186046, -0.000023499997837 ], [ 139.012105971213714, -3.834985266556771, -0.000023499997837 ], [ 138.998489086102495, -3.834246442918982, -0.000023499997837 ], [ 138.983002664241667, -3.828321339658032, -0.000023499997837 ], [ 138.983114932008561, -3.815976217328512, -0.000023499997837 ], [ 138.974828503132926, -3.81096639997935, -0.000023499997837 ], [ 138.972921833375949, -3.805082893960332, -0.000023499997837 ], [ 138.96821623688993, -3.803372384328043, -0.000023499997837 ], [ 138.963845718804919, -3.805424083254763, -0.000023499997837 ], [ 138.956108048147939, -3.804544534602542, -0.000023499997837 ], [ 138.953748052630544, -3.805543619342529, -0.000023499997837 ], [ 138.952769799786552, -3.810040410336626, -0.000023499997837 ], [ 138.958841512325989, -3.811568982622418, -0.000023499997837 ], [ 138.960606891394946, -3.808175952957811, -0.000023499997837 ], [ 138.964346604312368, -3.80776109479865, -0.000023499997837 ], [ 138.967601706753385, -3.810783010227681, -0.000023499997837 ], [ 138.959335057566932, -3.817497729936235, -0.000023499997837 ], [ 138.961938452797426, -3.817723723271172, -0.000023499997837 ], [ 138.962314604135713, -3.820662711315038, -0.000023499997837 ], [ 138.960234955179089, -3.822216498792329, -0.000023499997837 ], [ 138.961164706685963, -3.823379815026385, -0.000023499997837 ], [ 138.965017889763885, -3.822472826259855, -0.000023499997837 ], [ 138.96697504925919, -3.824767976161127, -0.000023499997837 ], [ 138.954159871081288, -3.829838096650803, -0.000023499997837 ], [ 138.952655445592427, -3.832487550659891, -0.000023499997837 ], [ 138.957251383244852, -3.838257670155315, -0.000023499997837 ], [ 138.97455415774823, -3.850361089792386, -0.000023499997837 ], [ 138.978023747597945, -3.849527312135706, -0.000023499997837 ], [ 138.981959703377697, -3.844828856266645, -0.000023499997837 ], [ 138.993770158965731, -3.843974278190331, -0.000023499997837 ], [ 138.99885024484297, -3.85048376631272, -0.000023499997837 ], [ 139.008956352953419, -3.85527283157586, -0.000023499997837 ], [ 139.017177707785095, -3.863830424934122, -0.000023499997837 ], [ 139.005255157999159, -3.86635547842252, -0.000023499997837 ], [ 138.947731498210146, -3.862442571367524, -0.000023499997837 ], [ 138.950456229071733, -3.866081743677455, -0.000023499997837 ], [ 138.947996921420895, -3.874764510074044, -0.000023499997837 ], [ 138.949339634416674, -3.878919636931641, -0.000023499997837 ], [ 138.944735328572619, -3.879218092241103, -0.000023499997837 ], [ 138.940674397605449, -3.876386684697707, -0.000023499997837 ], [ 138.937443111010793, -3.876988359025518, -0.000023499997837 ], [ 138.933653470431409, -3.871166436781607, -0.000023499997837 ], [ 138.928519588008612, -3.867751650718048, -0.000023499997837 ], [ 138.922149770895317, -3.866613385998903, -0.000023499997837 ], [ 138.911581140557246, -3.869420076575238, -0.000023499997837 ], [ 138.906878748355666, -3.867149856780429, -0.000023499997837 ], [ 138.904479766328222, -3.868020594774578, -0.000023499997837 ], [ 138.901854672255354, -3.864730217325643, -0.000023499997837 ], [ 138.90294214596338, -3.858873685572064, -0.000023499997837 ], [ 138.901165646777258, -3.85162750070856, -0.000023499997837 ], [ 138.902074137411546, -3.847184933437859, -0.000023499997837 ], [ 138.89773582404905, -3.840011290588563, -0.000023499997837 ], [ 138.904914659583937, -3.828218062413612, -0.000023499997837 ], [ 138.906121327637265, -3.812589271577565, -0.000023499997837 ], [ 138.904520549683639, -3.809018267878685, -0.000023499997837 ], [ 138.900314287374499, -3.811448753157379, -0.000023499997837 ], [ 138.893374949394456, -3.810532747788045, -0.000023499997837 ], [ 138.896337019437965, -3.806447300402567, -0.000023499997837 ], [ 138.895782924642276, -3.800752621436288, -0.000023499997837 ], [ 138.890826615156243, -3.7959596549141, -0.000023499997837 ], [ 138.881911639310715, -3.792518597854951, -0.000023499997837 ], [ 138.865681199327923, -3.795728632570274, -0.000023499997837 ], [ 138.853152734011474, -3.800419272431441, -0.000023499997837 ], [ 138.842487204420991, -3.799206033031965, -0.000023499997837 ], [ 138.836573193398181, -3.801863855232682, -0.000023499997837 ], [ 138.818030716044746, -3.80422824124031, -0.000023499997837 ], [ 138.80665269136864, -3.80132556961928, -0.000023499997837 ], [ 138.796952833106843, -3.808470523196036, -0.000023499997837 ], [ 138.790327803685273, -3.809215110588809, -0.000023499997837 ], [ 138.783887072330572, -3.802349499030129, -0.000023499997837 ], [ 138.780018904748772, -3.800735490250645, -0.000023499997837 ], [ 138.778155922258065, -3.797256941354703, -0.000023499997837 ], [ 138.770623645065257, -3.798646792315537, -0.000023499997837 ], [ 138.749682688405414, -3.788709049882698, -0.000023499997837 ], [ 138.737398531117378, -3.793574960416038, -0.000023499997837 ], [ 138.734020565097012, -3.790928450787305, -0.000023499997837 ], [ 138.735346719775407, -3.782203580830526, -0.000023499997837 ], [ 138.723652876579081, -3.776283994910386, -0.000023499997837 ], [ 138.706131514657727, -3.779651044959735, -0.000023499997837 ], [ 138.682420787289516, -3.781026186609154, -0.000023499997837 ], [ 138.675386140058436, -3.779646514175226, -0.000023499997837 ], [ 138.672147470029813, -3.77738905216296, -0.000023499997837 ], [ 138.670956146209278, -3.7664203629094, -0.000023499997837 ], [ 138.667330014068966, -3.759868612946093, -0.000023499997837 ], [ 138.667008634141212, -3.753168643917718, -0.000023499997837 ], [ 138.663742771311945, -3.751525791182246, -0.000023499997837 ], [ 138.646551947114745, -3.755245994207201, -0.000023499997837 ], [ 138.640376061606048, -3.762366502412135, -0.000023499997837 ], [ 138.629353309607609, -3.769697934012413, -0.000023499997837 ], [ 138.620808236610856, -3.768846696018159, -0.000023499997837 ], [ 138.613940597080955, -3.754243512727896, -0.000023499997837 ], [ 138.609424673010267, -3.750000006794835, -0.000023499997837 ], [ 138.612222596995366, -3.742668168700959, -0.000023499997837 ], [ 138.612826766042531, -3.744371438790836, -0.000023499997837 ], [ 138.621844226829694, -3.741365619427768, -0.000023499997837 ], [ 138.639354168260297, -3.740583558184596, -0.000023499997837 ], [ 138.64230962468946, -3.731148829954464, -0.000023499997837 ], [ 138.642547571812997, -3.720084335923332, -0.000023499997837 ], [ 138.646661838872774, -3.711660452867534, -0.000023499997837 ], [ 138.65487867910781, -3.711593944404967, -0.000023499997837 ], [ 138.666114963434893, -3.716089128310557, -0.000023499997837 ], [ 138.681702057204234, -3.717715708712944, -0.000023499997837 ], [ 138.68339048937969, -3.720434736973459, -0.000023499997837 ], [ 138.687156662150301, -3.720074760841499, -0.000023499997837 ], [ 138.690741311262514, -3.723854787668245, -0.000023499997837 ], [ 138.698590886360421, -3.723508359822915, -0.000023499997837 ], [ 138.703701293779773, -3.71897785864121, -0.000023499997837 ], [ 138.711500503245702, -3.708659256919134, -0.000023499997837 ], [ 138.717788009009496, -3.691572134446403, -0.000023499997837 ], [ 138.72079215563349, -3.689450098643078, -0.000023499997837 ], [ 138.72273984886499, -3.672475279910202, -0.000023499997837 ], [ 138.742427543596364, -3.655165280253414, -0.000023499997837 ], [ 138.743522418724751, -3.649766174269473, -0.000023499997837 ], [ 138.741533148935787, -3.646683569890797, -0.000023499997837 ], [ 138.743020856027783, -3.642390806290621, -0.000023499997837 ], [ 138.740301735136995, -3.63546553820396, -0.000023499997837 ], [ 138.744285856806869, -3.627883788406052, -0.000023499997837 ], [ 138.744881210699418, -3.619530602854979, -0.000023499997837 ], [ 138.747373911976524, -3.616480090783512, -0.000023499997837 ], [ 138.753542266562363, -3.614142799550507, -0.000023499997837 ], [ 138.763713141148628, -3.616189876861256, -0.000023499997837 ], [ 138.762101313225116, -3.613297659859086, -0.000023499997837 ], [ 138.758474797074314, -3.611366540233576, -0.000023499997837 ], [ 138.758736214704641, -3.605780209788804, -0.000023499997837 ], [ 138.754254386630691, -3.600544309172506, -0.000023499997837 ], [ 138.750937397343023, -3.599116328755542, -0.000023499997837 ], [ 138.74220562239168, -3.601153810300048, -0.000023499997837 ], [ 138.738263135735224, -3.597255473161511, -0.000023499997837 ], [ 138.733795015127953, -3.599636291581533, -0.000023499997837 ], [ 138.731795183700797, -3.598432157817797, -0.000023499997837 ], [ 138.72910667393387, -3.599384115384566, -0.000023499997837 ], [ 138.727354168659986, -3.597517575175914, -0.000023499997837 ], [ 138.723018591934533, -3.581795027318606, -0.000023499997837 ], [ 138.725075326165438, -3.569484510002098, -0.000023499997837 ], [ 138.722619401764064, -3.565544045920944, -0.000023499997837 ], [ 138.721601899807865, -3.55764791022284, -0.000023499997837 ], [ 138.717779398900234, -3.554138934564151, -0.000023499997837 ], [ 138.709166973876791, -3.55274556275748, -0.000023499997837 ], [ 138.70885654409426, -3.547125008612227, -0.000023499997837 ], [ 138.706714984009409, -3.543799071969545, -0.000023499997837 ], [ 138.713806058303021, -3.533204069012527, -0.000023499997837 ], [ 138.713736645030167, -3.52533454785106, -0.000023499997837 ], [ 138.71118468832276, -3.518821610828638, -0.000023499997837 ], [ 138.714717496915, -3.505178449325911, -0.000023499997837 ], [ 138.71007435474769, -3.500044148718416, -0.000023499997837 ], [ 138.709020326826703, -3.49598748773235, -0.000023499997837 ], [ 138.706021777583032, -3.494515171637829, -0.000023499997837 ], [ 138.703516656668398, -3.490743418573857, -0.000023499997837 ], [ 138.70231561027731, -3.485431134938892, -0.000023499997837 ], [ 138.690328698710573, -3.483470900661473, -0.000023499997837 ], [ 138.686898053102709, -3.474525975593224, -0.000023499997837 ], [ 138.681598295225172, -3.472736284252051, -0.000023499997837 ], [ 138.680173707950303, -3.470272381964833, -0.000023499997837 ], [ 138.674678820571216, -3.467333270713823, -0.000023499997837 ], [ 138.673142018589374, -3.461727771219614, -0.000023499997837 ], [ 138.669872284178609, -3.460035554697072, -0.000023499997837 ], [ 138.669258243273362, -3.457974387707793, -0.000023499997837 ], [ 138.662469968014648, -3.454869556584697, -0.000023499997837 ], [ 138.660486944017293, -3.451586044560258, -0.000023499997837 ], [ 138.652624041866147, -3.452348393563454, -0.000023499997837 ], [ 138.641421981239546, -3.447977145229004, -0.000023499997837 ], [ 138.638224887768388, -3.444032112591856, -0.000023499997837 ], [ 138.637936627173644, -3.441061079904841, -0.000023499997837 ], [ 138.635263469733445, -3.439516028441915, -0.000023499997837 ], [ 138.633981130924553, -3.432574646302839, -0.000023499997837 ], [ 138.628770268333255, -3.427722338015428, -0.000023499997837 ], [ 138.621408290360364, -3.410941521034317, -0.000023499997837 ], [ 138.61553555462217, -3.402035724568975, -0.000023499997837 ], [ 138.607312223979989, -3.398837660729384, -0.000023499997837 ], [ 138.606696222552728, -3.396485146672148, -0.000023499997837 ], [ 138.600482139239375, -3.393788043883092, -0.000023499997837 ], [ 138.600082181047924, -3.392027322402953, -0.000023499997837 ], [ 138.591372571686861, -3.386783291915322, -0.000023499997837 ], [ 138.611750470907623, -3.387649604345711, -0.000023499997837 ], [ 138.634960885636474, -3.396005352964607, -0.000023499997837 ], [ 138.649815550847052, -3.396933769877535, -0.000023499997837 ], [ 138.675811216314628, -3.416430517854053, -0.000023499997837 ], [ 138.690665880625943, -3.421072600619993, -0.000023499997837 ], [ 138.706448963648768, -3.430356767051137, -0.000023499997837 ], [ 138.717589963006503, -3.430356767051137, -0.000023499997837 ], [ 138.760297125711872, -3.449853515926975, -0.000023499997837 ], [ 138.766150867768374, -3.469756236760873, -0.000023499997837 ], [ 138.807439804103751, -3.425399780375528, -0.000023499997837 ], [ 138.844633101936211, -3.375299453906621, -0.000023499997837 ], [ 138.879552840791007, -3.322162628602371, -0.000023499997837 ], [ 138.902326584304433, -3.281171798639548, -0.000023499997837 ], [ 138.908258114120713, -3.255800954250617, -0.000023499997837 ], [ 138.911765390960113, -3.254851482409947, -0.000023499997837 ], [ 138.913009027444673, -3.252584520858875, -0.000023499997837 ], [ 138.90981864381547, -3.260877211713876, -0.000023499997837 ], [ 138.91333213317148, -3.27126808475424, -0.000023499997837 ], [ 138.910557981865395, -3.273090417888454, -0.000023499997837 ], [ 138.918622196357319, -3.279376926304053, -0.000023499997837 ], [ 138.908700708271112, -3.2842361467807, -0.000023499997837 ], [ 138.906991822814462, -3.288267132122428, -0.000023499997837 ], [ 138.903324205847525, -3.288888907197247, -0.000023499997837 ], [ 138.902437278257821, -3.291301834112289, -0.000023499997837 ], [ 138.898035606757958, -3.291611122655127, -0.000023499997837 ], [ 138.896910920902315, -3.293731678174368, -0.000023499997837 ], [ 138.897747251734359, -3.296805194903754, -0.000023499997837 ], [ 138.893576809422257, -3.300452272254518, -0.000023499997837 ], [ 138.891800235592427, -3.309389590856881, -0.000023499997837 ], [ 138.888318622706379, -3.311619093846048, -0.000023499997837 ], [ 138.889093347280209, -3.315922390306014, -0.000023499997837 ], [ 138.880283805253498, -3.323159224918243, -0.000023499997837 ], [ 138.877640597935283, -3.329367617321623, -0.000023499997837 ], [ 138.875610436872194, -3.340156525802968, -0.000023499997837 ], [ 138.88086083455994, -3.343841979923411, -0.000023499997837 ], [ 138.882688356782296, -3.352750254020975, -0.000023499997837 ], [ 138.887490696038867, -3.356623834622212, -0.000023499997837 ], [ 138.888493000351787, -3.360319925024498, -0.000023499997837 ], [ 138.88490741684393, -3.374511308749845, -0.000023499997837 ], [ 138.885633326217089, -3.380380818619813, -0.000023499997837 ], [ 138.876998937051326, -3.399596292834588, -0.000023499997837 ], [ 138.877483696815261, -3.404490448375441, -0.000023499997837 ], [ 138.875927920037498, -3.406304621061338, -0.000023499997837 ], [ 138.876766908366221, -3.408031658434254, -0.000023499997837 ], [ 138.87460764512673, -3.412151376284953, -0.000023499997837 ], [ 138.872615177348621, -3.425688199250942, -0.000023499997837 ], [ 138.88344359034943, -3.41471426605051, -0.000023499997837 ], [ 138.887943898592084, -3.413739149142373, -0.000023499997837 ], [ 138.893096959956779, -3.402892472709425, -0.000023499997837 ], [ 138.898055953919197, -3.405889725130635, -0.000023499997837 ], [ 138.894732323138214, -3.412668332677356, -0.000023499997837 ], [ 138.897596509171649, -3.413333546805688, -0.000023499997837 ], [ 138.905226324135583, -3.398982281606948, -0.000023499997837 ], [ 138.911089315719437, -3.394946716018069, -0.000023499997837 ], [ 138.924578771393271, -3.389427135054177, -0.000023499997837 ], [ 138.927916864172062, -3.371494748783562, -0.000023499997837 ], [ 138.930962573863781, -3.364032759004601, -0.000023499997837 ], [ 138.944401078447072, -3.352965448296743, -0.000023499997837 ], [ 138.964502764391113, -3.346112600815843, -0.000023499997837 ], [ 138.967853045681522, -3.339107466636221, -0.000023499997837 ], [ 138.965111905789854, -3.331645477756524, -0.000023499997837 ], [ 138.96582897033079, -3.329322063062705, -0.000023499997837 ], [ 138.973066536091778, -3.325267000171891, -0.000023499997837 ], [ 138.980487399873709, -3.326776815297762, -0.000023499997837 ], [ 138.985881645921268, -3.323439618243754, -0.000023499997837 ], [ 138.986651878381508, -3.320205723615231, -0.000023499997837 ], [ 138.991721418808538, -3.319998512621225, -0.000023499997837 ], [ 138.992613216227028, -3.314482057700729, -0.000023499997837 ], [ 138.990776835682482, -3.313461586183223, -0.000023499997837 ], [ 138.992768935637969, -3.31272823402071, -0.000023499997837 ], [ 138.993467472346083, -3.309278443645212, -0.000023499997837 ], [ 138.99943840595779, -3.301067519150649, -0.000023499997837 ], [ 139.007899317699412, -3.303672754394029, -0.000023499997837 ], [ 139.016756868234893, -3.301649472245288, -0.000023499997837 ], [ 139.021086666816245, -3.289395610419035, -0.000023499997837 ], [ 139.030093258397187, -3.285331305195541, -0.000023499997837 ], [ 139.036752988159947, -3.28806901417363, -0.000023499997837 ], [ 139.042124700794375, -3.293082164410293, -0.000023499997837 ], [ 139.04918688076998, -3.293970844778642, -0.000023499997837 ], [ 139.052677351978332, -3.290332826298823, -0.000023499997837 ], [ 139.052710470411967, -3.280184295368883, -0.000023499997837 ], [ 139.058160664183333, -3.276331349711995, -0.000023499997837 ], [ 139.062840833237942, -3.276107171208935, -0.000023499997837 ], [ 139.086334374331955, -3.281838842888249, -0.000023499997837 ], [ 139.091502245732158, -3.285813140364098, -0.000023499997837 ], [ 139.093889221810173, -3.289972985065162, -0.000023499997837 ], [ 139.097785453635879, -3.304590592581746, -0.000023499997837 ], [ 139.094950500964956, -3.306990814774224, -0.000023499997837 ], [ 139.090522965862306, -3.307273861099759, -0.000023499997837 ], [ 139.082835808325967, -3.304343020014301, -0.000023499997837 ], [ 139.079871617681079, -3.29324995901834, -0.000023499997837 ], [ 139.076395449290658, -3.289452497035086, -0.000023499997837 ], [ 139.072403883932111, -3.28951765741391, -0.000023499997837 ], [ 139.069202328025085, -3.293885335439825, -0.000023499997837 ], [ 139.068831732698413, -3.297894015796146, -0.000023499997837 ], [ 139.071115221090622, -3.315342850991726, -0.000023499997837 ], [ 139.072911481080041, -3.323826117181511, -0.000023499997837 ], [ 139.083718213224984, -3.33516268580928, -0.000023499997837 ], [ 139.098166875001311, -3.331983269412319, -0.000023499997837 ], [ 139.101649379115656, -3.332573213882654, -0.000023499997837 ], [ 139.105651151779284, -3.336242065618762, -0.000023499997837 ], [ 139.107092201144269, -3.34171234035216, -0.000023499997837 ], [ 139.103079098821468, -3.35857918378224, -0.000023499997837 ], [ 139.103067830316149, -3.364411131668362, -0.000023499997837 ], [ 139.109531248868052, -3.379860851297224, -0.000023499997837 ], [ 139.114449133920402, -3.382743455446075, -0.000023499997837 ], [ 139.117854090394076, -3.382795093618654, -0.000023499997837 ], [ 139.121171782052215, -3.38163153186963, -0.000023499997837 ], [ 139.124640603880835, -3.377078538643616, -0.000023499997837 ], [ 139.125454351836879, -3.372311965424842, -0.000023499997837 ], [ 139.121455121556664, -3.361130894075472, -0.000023499997837 ], [ 139.126695766096759, -3.355483864788482, -0.000023499997837 ], [ 139.130157661347084, -3.354359089900015, -0.000023499997837 ], [ 139.13787624209499, -3.357283284096241, -0.000023499997837 ], [ 139.14269114577985, -3.364000296176698, -0.000023499997837 ], [ 139.147440424136335, -3.375916217959059, -0.000023499997837 ], [ 139.142607552896266, -3.385394169405345, -0.000023499997837 ], [ 139.144749351301584, -3.401480880638076, -0.000023499997837 ], [ 139.138689716657154, -3.412411366691174, -0.000023499997837 ], [ 139.137959370928343, -3.418657819302894, -0.000023499997837 ], [ 139.140359601214641, -3.425774371390105, -0.000023499997837 ], [ 139.143171840608034, -3.427881087242326, -0.000023499997837 ], [ 139.168702150983563, -3.433279493553755, -0.000023499997837 ], [ 139.180784680268857, -3.42675635731996, -0.000023499997837 ], [ 139.182981490203701, -3.426938631012945, -0.000023499997837 ], [ 139.188846497168129, -3.431798929776733, -0.000023499997837 ], [ 139.195595814695139, -3.446453473349095, -0.000023499997837 ], [ 139.199213152365132, -3.448480836621286, -0.000023499997837 ], [ 139.206695976738047, -3.448979946866984, -0.000023499997837 ], [ 139.213970395817228, -3.444218500683235, -0.000023499997837 ], [ 139.220743711752903, -3.436795754620334, -0.000023499997837 ], [ 139.236620425892056, -3.433015515553564, -0.000023499997837 ], [ 139.252150569193532, -3.418785118338519, -0.000023499997837 ], [ 139.260643341217246, -3.417636589656865, -0.000023499997837 ], [ 139.269591373443177, -3.418692540328436, -0.000023499997837 ], [ 139.272126707981215, -3.422782718147857, -0.000023499997837 ], [ 139.270236975156308, -3.42712821079823, -0.000023499997837 ], [ 139.265060293997408, -3.425697089948699, -0.000023499997837 ], [ 139.257829910222199, -3.426445442802901, -0.000023499997837 ], [ 139.250110254784545, -3.432912598037944, -0.000023499997837 ], [ 139.247834098564908, -3.443053503616227, -0.000023499997837 ], [ 139.249267900293376, -3.452559201845645, -0.000023499997837 ], [ 139.253136492355338, -3.454184929690712, -0.000023499997837 ], [ 139.257530740851053, -3.453342296409801, -0.000023499997837 ], [ 139.262390297674187, -3.442564540421131, -0.000023499997837 ], [ 139.269484382897986, -3.441518090187685, -0.000023499997837 ], [ 139.273356395980954, -3.446806155979289, -0.000023499997837 ], [ 139.273605179935203, -3.459407202880072, -0.000023499997837 ], [ 139.275738021992197, -3.463632706184399, -0.000023499997837 ], [ 139.283254200421084, -3.46780383377984, -0.000023499997837 ], [ 139.296383468622253, -3.468582099883974, -0.000023499997837 ], [ 139.306374212599849, -3.473672537857283, -0.000023499997837 ], [ 139.310929809363302, -3.472027367568899, -0.000023499997837 ], [ 139.315349078796999, -3.45713897688222, -0.000023499997837 ], [ 139.321626882674536, -3.448048593667636, -0.000023499997837 ], [ 139.324825438443327, -3.445903262725324, -0.000023499997837 ], [ 139.330463985324741, -3.446057672723384, -0.000023499997837 ], [ 139.333751466956755, -3.447877359152756, -0.000023499997837 ], [ 139.336058364701785, -3.453242855673182, -0.000023499997837 ], [ 139.330792263052558, -3.469047972985493, -0.000023499997837 ], [ 139.331061002962997, -3.475006543617042, -0.000023499997837 ], [ 139.335111222105297, -3.481226646992127, -0.000023499997837 ], [ 139.339583413943501, -3.484179759788049, -0.000023499997837 ], [ 139.356588937329661, -3.482875460434116, -0.000023499997837 ], [ 139.364703280931735, -3.476819206341247, -0.000023499997837 ], [ 139.375205353344427, -3.472326795944809, -0.000023499997837 ], [ 139.379021950202855, -3.467705715946011, -0.000023499997837 ], [ 139.378492265705518, -3.460800966791112, -0.000023499997837 ], [ 139.369720461929887, -3.45544446079316, -0.000023499997837 ], [ 139.368153322218063, -3.451729618626928, -0.000023499997837 ], [ 139.369351949432939, -3.439680261734622, -0.000023499997837 ], [ 139.37346041136891, -3.435935195153093, -0.000023499997837 ], [ 139.398969331369585, -3.444445849296471, -0.000023499997837 ], [ 139.4064191919922, -3.445241241190274, -0.000023499997837 ], [ 139.417423787577832, -3.443154005552856, -0.000023499997837 ], [ 139.426097058032838, -3.447963945879337, -0.000023499997837 ], [ 139.430906008205739, -3.457872529593544, -0.000023499997837 ], [ 139.439687327708043, -3.463396799622558, -0.000023499997837 ], [ 139.450222916054827, -3.464325403594444, -0.000023499997837 ], [ 139.463643442291072, -3.46016465687336, -0.000023499997837 ], [ 139.463757863034971, -3.472070061983743, -0.000023499997837 ], [ 139.458401315668198, -3.486831191406338, -0.000023499997837 ], [ 139.436391300718014, -3.509733502898769, -0.000023499997837 ], [ 139.431037514269974, -3.53025635394755, -0.000023499997837 ], [ 139.43609386883702, -3.549886906655388, -0.000023499997837 ], [ 139.435189292951577, -3.570007249035257, -0.000023499997837 ], [ 139.433983192370533, -3.574228602867663, -0.000023499997837 ], [ 139.424635907021525, -3.580409871718132, -0.000023499997837 ], [ 139.42246206757045, -3.583825915033913, -0.000023499997837 ], [ 139.417769908754394, -3.60039114833279, -0.000023499997837 ], [ 139.411260963822542, -3.59866855900674, -0.000023499997837 ], [ 139.406422782985146, -3.607970788321154, -0.000023499997837 ], [ 139.395001369617603, -3.611587569310814, -0.000023499997837 ], [ 139.383579957149323, -3.610255069915524, -0.000023499997837 ], [ 139.380343889758819, -3.607970788321154, -0.000023499997837 ], [ 139.371206759784172, -3.607970788321154, -0.000023499997837 ], [ 139.368351406891975, -3.610255069915524, -0.000023499997837 ], [ 139.366447837997384, -3.614823635802111, -0.000023499997837 ], [ 139.367399622894368, -3.623199337679239, -0.000023499997837 ], [ 139.360632362993215, -3.633305514138101, -0.000023499997837 ], [ 139.351170668591521, -3.640796986391763, -0.000023499997837 ], [ 139.346593587024472, -3.646642625556694, -0.000023499997837 ], [ 139.343910951629141, -3.647221708914685, -0.000023499997837 ], [ 139.341147460886646, -3.650984582972058, -0.000023499997837 ], [ 139.336818003148437, -3.65195716199338, -0.000023499997837 ], [ 139.333869252963723, -3.655837816661858, -0.000023499997837 ], [ 139.331914381343722, -3.646304942718871, -0.000023499997837 ], [ 139.328282453072802, -3.643636629926505, -0.000023499997837 ], [ 139.326757209177913, -3.636329090614993, -0.000023499997837 ], [ 139.321724323318904, -3.629214583586133, -0.000023499997837 ], [ 139.2886459679371, -3.667114057867423, -0.000023499997837 ], [ 139.28867638031079, -3.670762524670749, -0.000023499997837 ], [ 139.286041649102913, -3.675694510193466, -0.000023499997837 ], [ 139.288559448659726, -3.677399989018227, -0.000023499997837 ], [ 139.28751929997577, -3.684885464592469, -0.000023499997837 ], [ 139.283699522215215, -3.694265582390642, -0.000023499997837 ], [ 139.275040985353257, -3.701275794142532, -0.000023499997837 ], [ 139.274079342987307, -3.703986767175536, -0.000023499997837 ], [ 139.271640210727242, -3.704641360310461, -0.000023499997837 ], [ 139.271785947663375, -3.706845834267767, -0.000023499997837 ], [ 139.26597403667256, -3.715707669173526, -0.000023499997837 ], [ 139.261227270122504, -3.716866329617346, -0.000023499997837 ], [ 139.260027840712382, -3.719136841691864, -0.000023499997837 ], [ 139.267522117951444, -3.724461787781252, -0.000023499997837 ], [ 139.268751937252205, -3.720773908189244, -0.000023499997837 ], [ 139.272406838704683, -3.721271768377335, -0.000023499997837 ], [ 139.273728766569434, -3.719301001240183, -0.000023499997837 ], [ 139.280855364083891, -3.719377381560889, -0.000023499997837 ], [ 139.284725741300008, -3.717395257784858, -0.000023499997837 ], [ 139.286321944402289, -3.720040836615283, -0.000023499997837 ], [ 139.293995793770932, -3.719009389771486, -0.000023499997837 ], [ 139.299070180644435, -3.723253309392646, -0.000023499997837 ], [ 139.30104931417452, -3.727222192050476, -0.000023499997837 ], [ 139.303662917609586, -3.725670755400984, -0.000023499997837 ], [ 139.309375357286967, -3.727885221725558, -0.000023499997837 ], [ 139.311868712371279, -3.730583331755327, -0.000023499997837 ], [ 139.303735456026516, -3.7325774965542, -0.000023499997837 ], [ 139.293740678589529, -3.722806480334725, -0.000023499997837 ], [ 139.28505455142647, -3.724346870611555, -0.000023499997837 ], [ 139.284681583688212, -3.728737746649642, -0.000023499997837 ], [ 139.279463485151837, -3.739065385658989, -0.000023499997837 ], [ 139.279057967351378, -3.747254363997627, -0.000023499997837 ], [ 139.292001273739857, -3.756328705105602, -0.000023499997837 ], [ 139.290432290417925, -3.763964625566985, -0.000023499997837 ], [ 139.287942938216133, -3.767264259737772, -0.000023499997837 ], [ 139.288963312606825, -3.770423738164936, -0.000023499997837 ], [ 139.28533359127232, -3.773852554551695, -0.000023499997837 ], [ 139.276812606616545, -3.772479061359547, -0.000023499997837 ], [ 139.269168829677824, -3.768842569928609, -0.000023499997837 ], [ 139.265181918310986, -3.769672020946985, -0.000023499997837 ], [ 139.263818853657199, -3.771561227668485, -0.000023499997837 ], [ 139.247329158014281, -3.760208297674751, -0.000023499997837 ], [ 139.238035387723016, -3.758280635942526, -0.000023499997837 ], [ 139.236845724051022, -3.755781441560259, -0.000023499997837 ], [ 139.222426219194745, -3.745933518916729, -0.000023499997837 ], [ 139.212214081914453, -3.74367915327025, -0.000023499997837 ], [ 139.208556790063881, -3.740579120030304, -0.000023499997837 ], [ 139.196361403955734, -3.74864703073581, -0.000023499997837 ], [ 139.191107829862517, -3.747062767932334, -0.000023499997837 ], [ 139.189932702832039, -3.751331400024071, -0.000023499997837 ], [ 139.183582840775557, -3.753977499561927, -0.000023499997837 ], [ 139.166489238687518, -3.753663220681062, -0.000023499997837 ], [ 139.159832720403756, -3.758478728710315, -0.000023499997837 ], [ 139.157302181050909, -3.762219386815218, -0.000023499997837 ], [ 139.153427916065539, -3.762760170745253, -0.000023499997837 ], [ 139.149522312404883, -3.760075156643097, -0.000023499997837 ], [ 139.135322035283821, -3.756650403393337, -0.000023499997837 ], [ 139.13477166458074, -3.75373696239086, -0.000023499997837 ], [ 139.12924998999506, -3.751739570824498, -0.000023499997837 ], [ 139.127527631794806, -3.750003205683356, -0.000023499997837 ], [ 139.126599981104278, -3.744359386076781, -0.000023499997837 ], [ 139.127418921745857, -3.740194540245795, -0.000023499997837 ], [ 139.125393841852429, -3.738601685319452, -0.000023499997837 ], [ 139.125109415067527, -3.735209205140677, -0.000023499997837 ], [ 139.12273783538285, -3.735131602641275, -0.000023499997837 ], [ 139.115120228715682, -3.740676085832661, -0.000023499997837 ], [ 139.111897599894405, -3.740813802614866, -0.000023499997837 ], [ 139.105773632247406, -3.745790220042579, -0.000023499997837 ], [ 139.105115977820219, -3.748142845615803, -0.000023499997837 ], [ 139.10985941058334, -3.752680800378585, -0.000023499997837 ], [ 139.110100318275158, -3.758466724559639, -0.000023499997837 ], [ 139.117637396948339, -3.762042930836515, -0.000023499997837 ], [ 139.118199107203054, -3.766637520405197, -0.000023499997837 ], [ 139.116470042758351, -3.773294151104153, -0.000023499997837 ], [ 139.118289453995203, -3.777776641079072, -0.000023499997837 ], [ 139.126840780877387, -3.788245161584882, -0.000023499997837 ], [ 139.128733917636282, -3.801398714179243, -0.000023499997837 ], [ 139.12764169191064, -3.806311872394929, -0.000023499997837 ], [ 139.118731796335396, -3.815956832441827, -0.000023499997837 ], [ 139.110721265074403, -3.816933455714377, -0.000023499997837 ], [ 139.109584621832937, -3.820614024717429, -0.000023499997837 ], [ 139.105075559589523, -3.82241276233907, -0.000023499997837 ], [ 139.098365437215193, -3.821595678797507, -0.000023499997837 ], [ 139.097205303681903, -3.824532712614541, -0.000023499997837 ], [ 139.09237615383654, -3.827421039149613, -0.000023499997837 ], [ 139.085323300729783, -3.835798363403683, -0.000023499997837 ] ] ] } },
{ "type": "Feature", "properties": { "kabkota": "Yahukimo" }, "geometry": { "type": "MultiPolygon", "coordinates": [ [ [ [ 139.227862349368024, -4.998566330271899, -0.000023499997837 ], [ 139.077632657421304, -4.986306391726544, -0.000023499997837 ], [ 139.075478755939912, -4.97871037958032, -0.000023499997837 ], [ 139.076982710183984, -4.974263491067234, -0.000023499997837 ], [ 139.07322235962431, -4.972136098002466, -0.000023499997837 ], [ 139.072439747096723, -4.968884824874749, -0.000023499997837 ], [ 139.070167993058476, -4.968563054641209, -0.000023499997837 ], [ 139.069169396650409, -4.96659102035926, -0.000023499997837 ], [ 139.072003971606023, -4.965109272175141, -0.000023499997837 ], [ 139.06992435412576, -4.964251803677769, -0.000023499997837 ], [ 139.070762710230952, -4.962549434708592, -0.000023499997837 ], [ 139.07253368038505, -4.963350355634361, -0.000023499997837 ], [ 139.072940270177355, -4.961566946956964, -0.000023499997837 ], [ 139.075668475120096, -4.961587580102673, -0.000023499997837 ], [ 139.073655796877574, -4.958325898221574, -0.000023499997837 ], [ 139.078478000359496, -4.954792407943216, -0.000023499997837 ], [ 139.078517831332874, -4.952863085163187, -0.000023499997837 ], [ 139.079724366286541, -4.954038324608973, -0.000023499997837 ], [ 139.082507687979501, -4.951352661196324, -0.000023499997837 ], [ 139.081826608910887, -4.954342328735436, -0.000023499997837 ], [ 139.083872562069132, -4.951927720088179, -0.000023499997837 ], [ 139.0880328969007, -4.95444340623817, -0.000023499997837 ], [ 139.089948072445623, -4.951242689398555, -0.000023499997837 ], [ 139.092148657734469, -4.95146649917956, -0.000023499997837 ], [ 139.092622131905955, -4.95016921004094, -0.000023499997837 ], [ 139.094227794077483, -4.95204026304765, -0.000023499997837 ], [ 139.095080673334451, -4.949693076574192, -0.000023499997837 ], [ 139.095594990216682, -4.951763799759476, -0.000023499997837 ], [ 139.097847110255998, -4.952599039713846, -0.000023499997837 ], [ 139.097126922369625, -4.950553808711277, -0.000023499997837 ], [ 139.099548248952601, -4.949649517910871, -0.000023499997837 ], [ 139.097753683285873, -4.94829053168263, -0.000023499997837 ], [ 139.100351553981113, -4.949058218162179, -0.000023499997837 ], [ 139.100889562603243, -4.946826974085525, -0.000023499997837 ], [ 139.102373249725815, -4.947495006689167, -0.000023499997837 ], [ 139.104207584312576, -4.944774687002166, -0.000023499997837 ], [ 139.102929273567156, -4.941908011645353, -0.000023499997837 ], [ 139.105610637321092, -4.942465561636311, -0.000023499997837 ], [ 139.105217412353795, -4.939759477317978, -0.000023499997837 ], [ 139.103718455642252, -4.939293576337434, -0.000023499997837 ], [ 139.105259647215007, -4.938556748295241, -0.000023499997837 ], [ 139.104078192554653, -4.937117690928631, -0.000023499997837 ], [ 139.105378054653556, -4.936586530643808, -0.000023499997837 ], [ 139.104923864644661, -4.934175810665067, -0.000023499997837 ], [ 139.109179503331461, -4.934866094294762, -0.000023499997837 ], [ 139.109729573660957, -4.933634211049934, -0.000023499997837 ], [ 139.108176733169785, -4.933740585559519, -0.000023499997837 ], [ 139.110540396122474, -4.931697395118647, -0.000023499997837 ], [ 139.109128991110083, -4.932168685736201, -0.000023499997837 ], [ 139.108478157141349, -4.930519479290467, -0.000023499997837 ], [ 139.110134845047128, -4.929669810613234, -0.000023499997837 ], [ 139.113449897195096, -4.931908661155717, -0.000023499997837 ], [ 139.115998910421467, -4.928525024909902, -0.000023499997837 ], [ 139.117258314719493, -4.930111351657501, -0.000023499997837 ], [ 139.1185093148531, -4.927162122134177, -0.000023499997837 ], [ 139.119182728100441, -4.928822910049234, -0.000023499997837 ], [ 139.12073394711399, -4.928605582581497, -0.000023499997837 ], [ 139.121609355287546, -4.925902942666596, -0.000023499997837 ], [ 139.124242358897845, -4.924623460104556, -0.000023499997837 ], [ 139.121224456243681, -4.921966683815356, -0.000023499997837 ], [ 139.120651416329906, -4.919217781875091, -0.000023499997837 ], [ 139.125766865348623, -4.916998256864019, -0.000023499997837 ], [ 139.12693748497702, -4.907504330760219, -0.000023499997837 ], [ 139.137861107404206, -4.899641214570352, -0.000023499997837 ], [ 139.138955336819436, -4.896427727357661, -0.000023499997837 ], [ 139.137180537352037, -4.892022053874655, -0.000023499997837 ], [ 139.138810025262501, -4.888155060807378, -0.000023499997837 ], [ 139.148445805929214, -4.878856707570947, -0.000023499997837 ], [ 139.145728262449438, -4.873671024198359, -0.000023499997837 ], [ 139.148899862838448, -4.869310025437301, -0.000023499997837 ], [ 139.149187359009488, -4.861795025120273, -0.000023499997837 ], [ 139.15165869059615, -4.857428234725205, -0.000023499997837 ], [ 139.151152020649306, -4.852978855989363, -0.000023499997837 ], [ 139.154804633327217, -4.850981932969773, -0.000023499997837 ], [ 139.157711043430027, -4.845082678023118, -0.000023499997837 ], [ 139.161669333872737, -4.842927368203448, -0.000023499997837 ], [ 139.162549604680521, -4.834872850201805, -0.000023499997837 ], [ 139.157653068634318, -4.830716413032007, -0.000023499997837 ], [ 139.167837204623311, -4.835518794556663, -0.000023499997837 ], [ 139.169234360777182, -4.832058164652551, -0.000023499997837 ], [ 139.168020836292612, -4.823028789646855, -0.000023499997837 ], [ 139.164523028415147, -4.819994977086481, -0.000023499997837 ], [ 139.16160402420644, -4.812411040137363, -0.000023499997837 ], [ 139.162220246866923, -4.79576992564148, -0.000023499997837 ], [ 139.159302266086797, -4.786293864570155, -0.000023499997837 ], [ 139.160691872432039, -4.784942331023728, -0.000023499997837 ], [ 139.16266474218412, -4.768821918596643, -0.000023499997837 ], [ 139.167750491092306, -4.767633499586282, -0.000023499997837 ], [ 139.167305964298862, -4.756672680299914, -0.000023499997837 ], [ 139.175775086850877, -4.752104078440425, -0.000023499997837 ], [ 139.178606325321766, -4.752070984288423, -0.000023499997837 ], [ 139.178536275328952, -4.744856510419595, -0.000023499997837 ], [ 139.184359389174574, -4.738885762967527, -0.000023499997837 ], [ 139.201662714962367, -4.738879043233226, -0.000023499997837 ], [ 139.201531345595185, -4.736886207632324, -0.000023499997837 ], [ 139.194201891604052, -4.73508533681877, -0.000023499997837 ], [ 139.194865864668031, -4.732762368188673, -0.000023499997837 ], [ 139.190832941287226, -4.732565460727358, -0.000023499997837 ], [ 139.190734502395458, -4.729023229938036, -0.000023499997837 ], [ 139.192971875351873, -4.727852879206978, -0.000023499997837 ], [ 139.206705514048281, -4.728484348074176, -0.000023499997837 ], [ 139.206190001067739, -4.726125154752026, -0.000023499997837 ], [ 139.194068032913492, -4.72446805765469, -0.000023499997837 ], [ 139.204742274236651, -4.72357885927687, -0.000023499997837 ], [ 139.201667422013998, -4.722365397744852, -0.000023499997837 ], [ 139.201700680741851, -4.719944841880874, -0.000023499997837 ], [ 139.192392658894164, -4.71893796271678, -0.000023499997837 ], [ 139.187511583992432, -4.72528907123359, -0.000023499997837 ], [ 139.172675607593305, -4.731799547710921, -0.000023499997837 ], [ 139.16460275871043, -4.741761943259007, -0.000023499997837 ], [ 139.155892687097889, -4.74587276861331, -0.000023499997837 ], [ 139.133593963690487, -4.752090335000901, -0.000023499997837 ], [ 139.12272840778985, -4.763084689107075, -0.000023499997837 ], [ 139.114171012282441, -4.767042091918938, -0.000023499997837 ], [ 139.102406571406163, -4.782129054712073, -0.000023499997837 ], [ 139.093678108657855, -4.800936260100286, -0.000023499997837 ], [ 139.107693832304562, -4.811677318353532, -0.000023499997837 ], [ 139.100562534933147, -4.814115047671294, -0.000023499997837 ], [ 139.097265192234886, -4.817482559072801, -0.000023499997837 ], [ 139.097330788784916, -4.82810046866166, -0.000023499997837 ], [ 139.094784521188785, -4.830248503865334, -0.000023499997837 ], [ 139.091717790743473, -4.830195734345637, -0.000023499997837 ], [ 139.08542400321528, -4.820421933825116, -0.000023499997837 ], [ 139.079776547649658, -4.818301837859508, -0.000023499997837 ], [ 139.075814591570179, -4.819964706805706, -0.000023499997837 ], [ 139.069278905297324, -4.827159719345502, -0.000023499997837 ], [ 139.06790308555901, -4.836883978013134, -0.000023499997837 ], [ 139.065179353844201, -4.841797698305072, -0.000023499997837 ], [ 139.061729478932421, -4.844185577302483, -0.000023499997837 ], [ 139.053367144578147, -4.845164396719497, -0.000023499997837 ], [ 139.049080475683468, -4.848458682622038, -0.000023499997837 ], [ 139.048583967176455, -4.851935581262012, -0.000023499997837 ], [ 139.052978335281978, -4.858318399874236, -0.000023499997837 ], [ 139.049302728737985, -4.865220761328999, -0.000023499997837 ], [ 139.039284663356625, -4.852625378358482, -0.000023499997837 ], [ 139.037530717368782, -4.846427681592161, -0.000023499997837 ], [ 139.030860936782915, -4.842793860248378, -0.000023499997837 ], [ 139.029900656889822, -4.840463275259879, -0.000023499997837 ], [ 139.021816026888246, -4.837689400045747, -0.000023499997837 ], [ 139.019189677361737, -4.839553252180792, -0.000023499997837 ], [ 139.016593579230403, -4.838508355076499, -0.000023499997837 ], [ 139.012124242739674, -4.842989711905659, -0.000023499997837 ], [ 138.994035631639122, -4.833643669419757, -0.000023499997837 ], [ 138.987759602124015, -4.834759575194198, -0.000023499997837 ], [ 138.979481286032637, -4.833059251283373, -0.000023499997837 ], [ 138.975847976403088, -4.834858327949405, -0.000023499997837 ], [ 138.973920195061055, -4.832672492441532, -0.000023499997837 ], [ 138.971083828655878, -4.832310444271513, -0.000023499997837 ], [ 138.966409324430856, -4.832936429072902, -0.000023499997837 ], [ 138.962651493771432, -4.835701052061836, -0.000023499997837 ], [ 138.958099505987434, -4.836088572629478, -0.000023499997837 ], [ 138.952310307374887, -4.833978397085332, -0.000023499997837 ], [ 138.948386075157259, -4.836411306036894, -0.000023499997837 ], [ 138.944021907185288, -4.835851855778458, -0.000023499997837 ], [ 138.943164811906627, -4.832541482803151, -0.000023499997837 ], [ 138.940021350405118, -4.831374241927676, -0.000023499997837 ], [ 138.937928899599115, -4.828402238872172, -0.000023499997837 ], [ 138.935654676022523, -4.829019132426993, -0.000023499997837 ], [ 138.93530431544184, -4.83184826018902, -0.000023499997837 ], [ 138.932428932849007, -4.831393009879434, -0.000023499997837 ], [ 138.932278251440266, -4.826970832038228, -0.000023499997837 ], [ 138.934499227057699, -4.826260406292647, -0.000023499997837 ], [ 138.939874758213591, -4.818493444716637, -0.000023499997837 ], [ 138.948987184710859, -4.813694825955395, -0.000023499997837 ], [ 138.949239879816673, -4.812214567048557, -0.000023499997837 ], [ 138.946323888336792, -4.810172880274138, -0.000023499997837 ], [ 138.945127245925732, -4.80285989107108, -0.000023499997837 ], [ 138.955258394759198, -4.786314149678219, -0.000023499997837 ], [ 138.963361126315021, -4.783443505613263, -0.000023499997837 ], [ 138.966040535842126, -4.779784966403042, -0.000023499997837 ], [ 138.972385411157916, -4.776655584687433, -0.000023499997837 ], [ 138.989155140397429, -4.7719129990856, -0.000023499997837 ], [ 138.989726446418445, -4.771030406228192, -0.000023499997837 ], [ 138.9822014717206, -4.768806736241856, -0.000023499997837 ], [ 138.978226056387484, -4.765534420776874, -0.000023499997837 ], [ 138.982451479652127, -4.762101316422559, -0.000023499997837 ], [ 138.986348382372057, -4.762750842777109, -0.000023499997837 ], [ 138.990554981926948, -4.756269510629352, -0.000023499997837 ], [ 138.993910022429645, -4.757197498565631, -0.000023499997837 ], [ 138.994671449627731, -4.750368447146059, -0.000023499997837 ], [ 138.997334717223453, -4.752269768634847, -0.000023499997837 ], [ 139.000586300617329, -4.750992373399242, -0.000023499997837 ], [ 138.998055329589874, -4.746875079221468, -0.000023499997837 ], [ 139.002476082005614, -4.747203763442883, -0.000023499997837 ], [ 139.000667691061153, -4.74370595556536, -0.000023499997837 ], [ 139.003461465574219, -4.740345838389658, -0.000023499997837 ], [ 139.010709017407294, -4.736829313821715, -0.000023499997837 ], [ 139.015729679681044, -4.736924492671164, -0.000023499997837 ], [ 139.018965745273022, -4.739660871551905, -0.000023499997837 ], [ 139.017926912297185, -4.74288127185315, -0.000023499997837 ], [ 139.020441012043079, -4.742183101169132, -0.000023499997837 ], [ 139.022130992851089, -4.737251987089508, -0.000023499997837 ], [ 139.021868976272344, -4.729076710821516, -0.000023499997837 ], [ 139.013853552699402, -4.72321085579631, -0.000023499997837 ], [ 139.012842282145698, -4.718273474341345, -0.000023499997837 ], [ 139.010914918988419, -4.719284744894992, -0.000023499997837 ], [ 139.003728947333116, -4.714335466308682, -0.000023499997837 ], [ 139.00184917180195, -4.715287251205609, -0.000023499997837 ], [ 138.997256812551882, -4.712931584125272, -0.000023499997837 ], [ 138.992902398626825, -4.713300400592971, -0.000023499997837 ], [ 138.97894527390531, -4.708160765207083, -0.000023499997837 ], [ 138.969165688945509, -4.70833922487526, -0.000023499997837 ], [ 138.944152932112161, -4.696740695426683, -0.000023499997837 ], [ 138.93890082031669, -4.696561872432426, -0.000023499997837 ], [ 138.937039880186376, -4.699069280322988, -0.000023499997837 ], [ 138.933831100025259, -4.695257368033083, -0.000023499997837 ], [ 138.92973784742378, -4.694774922224838, -0.000023499997837 ], [ 138.925831698773891, -4.691104586607366, -0.000023499997837 ], [ 138.922483042558383, -4.691708660326356, -0.000023499997837 ], [ 138.919945251971853, -4.694391502565736, -0.000023499997837 ], [ 138.918579218656078, -4.691984030938215, -0.000023499997837 ], [ 138.915678190995777, -4.694077828029265, -0.000023499997837 ], [ 138.913353044207724, -4.693114071357286, -0.000023499997837 ], [ 138.913977907554454, -4.691843075697363, -0.000023499997837 ], [ 138.911487486957981, -4.692026612937809, -0.000023499997837 ], [ 138.911022539258852, -4.690048284300815, -0.000023499997837 ], [ 138.908234276690564, -4.69062850620054, -0.000023499997837 ], [ 138.907806923350904, -4.687183151281374, -0.000023499997837 ], [ 138.90677314186712, -4.689182557329104, -0.000023499997837 ], [ 138.904500677364467, -4.688660210400315, -0.000023499997837 ], [ 138.902222110961702, -4.684225088616927, -0.000023499997837 ], [ 138.899409011816488, -4.685546494874814, -0.000023499997837 ], [ 138.897855725261593, -4.682430547231945, -0.000023499997837 ], [ 138.893911102715265, -4.68371168904315, -0.000023499997837 ], [ 138.892562325590916, -4.680858779608968, -0.000023499997837 ], [ 138.891446700404913, -4.682699568630142, -0.000023499997837 ], [ 138.889901823410469, -4.681066683980248, -0.000023499997837 ], [ 138.888458385446143, -4.685942275715377, -0.000023499997837 ], [ 138.885930428946153, -4.686326169317226, -0.000023499997837 ], [ 138.876366263092677, -4.696465215097533, -0.000023499997837 ], [ 138.865953836000813, -4.698164692746332, -0.000023499997837 ], [ 138.857832462398278, -4.701807725845811, -0.000023499997837 ], [ 138.856664841109591, -4.704377272393174, -0.000023499997837 ], [ 138.859060132319314, -4.706937593694931, -0.000023499997837 ], [ 138.856789431387256, -4.706064278243787, -0.000023499997837 ], [ 138.854603253237656, -4.7016267228949, -0.000023499997837 ], [ 138.847566562746692, -4.703973096381219, -0.000023499997837 ], [ 138.844849280969584, -4.719273036621303, -0.000023499997837 ], [ 138.842160175851518, -4.725388005651894, -0.000023499997837 ], [ 138.839920952090324, -4.728021732317018, -0.000023499997837 ], [ 138.833242197169739, -4.727922737644178, -0.000023499997837 ], [ 138.831168960379273, -4.733978296561077, -0.000023499997837 ], [ 138.824511079622653, -4.737594600910029, -0.000023499997837 ], [ 138.813915375194483, -4.763627669181517, -0.000023499997837 ], [ 138.807592535067556, -4.767000897573325, -0.000023499997837 ], [ 138.802197366315454, -4.763634189266384, -0.000023499997837 ], [ 138.803089414644887, -4.761959344947741, -0.000023499997837 ], [ 138.805574070586999, -4.764548449950951, -0.000023499997837 ], [ 138.808645319226116, -4.764339683129833, -0.000023499997837 ], [ 138.807408867425352, -4.760604623304687, -0.000023499997837 ], [ 138.81108232458962, -4.75630353917694, -0.000023499997837 ], [ 138.80929244079357, -4.754292042643613, -0.000023499997837 ], [ 138.812877401970582, -4.751711431737135, -0.000023499997837 ], [ 138.814513811962911, -4.747973525557711, -0.000023499997837 ], [ 138.816040483081906, -4.737441481439191, -0.000023499997837 ], [ 138.814136800872689, -4.733900762410201, -0.000023499997837 ], [ 138.817158754972638, -4.716732665879761, -0.000023499997837 ], [ 138.819421076021854, -4.712791252114528, -0.000023499997837 ], [ 138.818737563387913, -4.708339779757011, -0.000023499997837 ], [ 138.826288353125051, -4.704687301977344, -0.000023499997837 ], [ 138.826471226665831, -4.692618017007817, -0.000023499997837 ], [ 138.828983937858538, -4.688125594920223, -0.000023499997837 ], [ 138.833476359946076, -4.684927599429102, -0.000023499997837 ], [ 138.838730210131189, -4.685612883727572, -0.000023499997837 ], [ 138.840405350326705, -4.683557029932956, -0.000023499997837 ], [ 138.84055763612605, -4.680282892441483, -0.000023499997837 ], [ 138.83340021704646, -4.669318334673335, -0.000023499997837 ], [ 138.8324103611493, -4.662465488091755, -0.000023499997837 ], [ 138.835303785941051, -4.656297924909268, -0.000023499997837 ], [ 138.841775919822908, -4.650054218827108, -0.000023499997837 ], [ 138.841166778424167, -4.647008509135333, -0.000023499997837 ], [ 138.837131211935912, -4.642668371947764, -0.000023499997837 ], [ 138.836826641236598, -4.637414521762707, -0.000023499997837 ], [ 138.842765775720068, -4.627744393289049, -0.000023499997837 ], [ 138.842004347622606, -4.624013398399597, -0.000023499997837 ], [ 138.837892640033374, -4.618759548214541, -0.000023499997837 ], [ 138.828907794958809, -4.612591985032054, -0.000023499997837 ], [ 138.80895839391485, -4.612820412831752, -0.000023499997837 ], [ 138.805154573724622, -4.61046660824735, -0.000023499997837 ], [ 138.807773999370625, -4.59746021441731, -0.000023499997837 ], [ 138.81680862911503, -4.591126793766477, -0.000023499997837 ], [ 138.821271495882911, -4.571522478779343, -0.000023499997837 ], [ 138.821252861930134, -4.566320274860743, -0.000023499997837 ], [ 138.818991192889257, -4.560388939298036, -0.000023499997837 ], [ 138.820214660278452, -4.556642974293766, -0.000023499997837 ], [ 138.81770805188512, -4.554863668323605, -0.000023499997837 ], [ 138.817708408016642, -4.540961974215691, -0.000023499997837 ], [ 138.813326189751933, -4.527584490431821, -0.000023499997837 ], [ 138.815819581708411, -4.525451395665357, -0.000023499997837 ], [ 138.816398945654896, -4.512732650891053, -0.000023499997837 ], [ 138.820284092436964, -4.506453406299613, -0.000023499997837 ], [ 138.826741449558313, -4.504458212676354, -0.000023499997837 ], [ 138.831854808552634, -4.500000015188505, -0.000023499997837 ], [ 138.831076762782459, -4.496798637347183, -0.000023499997837 ], [ 138.828469568815649, -4.495043158914598, -0.000023499997837 ], [ 138.828873955268932, -4.489983563190833, -0.000023499997837 ], [ 138.82496113724676, -4.483827546404086, -0.000023499997837 ], [ 138.824219710071588, -4.479788134414832, -0.000023499997837 ], [ 138.825581310628991, -4.474744625763833, -0.000023499997837 ], [ 138.82692620178284, -4.474539607316956, -0.000023499997837 ], [ 138.827046735218687, -4.468272345292462, -0.000023499997837 ], [ 138.822280771740338, -4.461544122263376, -0.000023499997837 ], [ 138.817404395796302, -4.459666257791525, -0.000023499997837 ], [ 138.817873862588726, -4.44377057155458, -0.000023499997837 ], [ 138.811847929138708, -4.438041791195644, -0.000023499997837 ], [ 138.810934216141277, -4.43164580021346, -0.000023499997837 ], [ 138.812304785637366, -4.42700109232652, -0.000023499997837 ], [ 138.824117065050586, -4.417929951905705, -0.000023499997837 ], [ 138.82510692004837, -4.414313170916046, -0.000023499997837 ], [ 138.821574567412426, -4.406144394048511, -0.000023499997837 ], [ 138.822359592821044, -4.402130035372807, -0.000023499997837 ], [ 138.816524651991131, -4.392737256019529, -0.000023499997837 ], [ 138.802396150661934, -4.392001723001044, -0.000023499997837 ], [ 138.794548554072549, -4.389268457573223, -0.000023499997837 ], [ 138.78386680161168, -4.389570227783736, -0.000023499997837 ], [ 138.779343664978228, -4.384984101734858, -0.000023499997837 ], [ 138.773803172978091, -4.385034318079249, -0.000023499997837 ], [ 138.761066014585026, -4.366665017776313, -0.000023499997837 ], [ 138.764565039245213, -4.358439838127993, -0.000023499997837 ], [ 138.763072188930437, -4.352904445283855, -0.000023499997837 ], [ 138.766615882017391, -4.353101529012292, -0.000023499997837 ], [ 138.769414127959749, -4.356071095804396, -0.000023499997837 ], [ 138.778437044034376, -4.355785561054745, -0.000023499997837 ], [ 138.786860257095213, -4.360283237881049, -0.000023499997837 ], [ 138.789715609987525, -4.356059694199473, -0.000023499997837 ], [ 138.799114481348283, -4.353739720311808, -0.000023499997837 ], [ 138.804457768211478, -4.348605871163954, -0.000023499997837 ], [ 138.80003197059898, -4.337755529094352, -0.000023499997837 ], [ 138.793512248191746, -4.32852322027037, -0.000023499997837 ], [ 138.785088955990545, -4.307012892930629, -0.000023499997837 ], [ 138.78117807420881, -4.306660731907186, -0.000023499997837 ], [ 138.778263233861253, -4.303270000010457, -0.000023499997837 ], [ 138.773087906182013, -4.302675135349148, -0.000023499997837 ], [ 138.771184337287423, -4.300236188349345, -0.000023499997837 ], [ 138.776517422241341, -4.299210947727033, -0.000023499997837 ], [ 138.78437535383955, -4.294459639600632, -0.000023499997837 ], [ 138.792141915217258, -4.292769271184852, -0.000023499997837 ], [ 138.796938908903599, -4.289205791214272, -0.000023499997837 ], [ 138.801370417211047, -4.28943421901397, -0.000023499997837 ], [ 138.803207123310131, -4.275479632179213, -0.000023499997837 ], [ 138.800494536893439, -4.273385705585781, -0.000023499997837 ], [ 138.799637930845847, -4.269959282295019, -0.000023499997837 ], [ 138.791785709942587, -4.267389464152416, -0.000023499997837 ], [ 138.776652337635369, -4.268817140598514, -0.000023499997837 ], [ 138.765590742119116, -4.265327241359046, -0.000023499997837 ], [ 138.755921537249264, -4.269624665246056, -0.000023499997837 ], [ 138.753328173056843, -4.26717084256029, -0.000023499997837 ], [ 138.76232806738642, -4.258788643081346, -0.000023499997837 ], [ 138.770066862196018, -4.257128447819582, -0.000023499997837 ], [ 138.771329444698154, -4.253024856611773, -0.000023499997837 ], [ 138.774096255737732, -4.251526349561345, -0.000023499997837 ], [ 138.777422663625089, -4.246042415025386, -0.000023499997837 ], [ 138.778878829694349, -4.2386190043635, -0.000023499997837 ], [ 138.775227342068206, -4.230186334931375, -0.000023499997837 ], [ 138.779322574077582, -4.22178600062341, -0.000023499997837 ], [ 138.782354183298935, -4.220224061691056, -0.000023499997837 ], [ 138.793378953376077, -4.221380246301294, -0.000023499997837 ], [ 138.795354513899724, -4.218227448038249, -0.000023499997837 ], [ 138.799802350298251, -4.21619437676901, -0.000023499997837 ], [ 138.802712790263172, -4.209945154245418, -0.000023499997837 ], [ 138.809015794943093, -4.223294950601428, -0.000023499997837 ], [ 138.815387601356747, -4.22425826300838, -0.000023499997837 ], [ 138.818724916221981, -4.227214273419918, -0.000023499997837 ], [ 138.822854262214491, -4.241701677990022, -0.000023499997837 ], [ 138.834261015733318, -4.24038181676741, -0.000023499997837 ], [ 138.836596393208993, -4.2451833951975, -0.000023499997837 ], [ 138.842216479706849, -4.248185601983892, -0.000023499997837 ], [ 138.849269711428065, -4.249377134447172, -0.000023499997837 ], [ 138.855264917741806, -4.25427292855278, -0.000023499997837 ], [ 138.856423497246624, -4.259909427677883, -0.000023499997837 ], [ 138.864184652799509, -4.262288646204013, -0.000023499997837 ], [ 138.869821367762029, -4.259960165629082, -0.000023499997837 ], [ 138.872826619652869, -4.254865529620474, -0.000023499997837 ], [ 138.877983813402352, -4.258521352878063, -0.000023499997837 ], [ 138.893498941622966, -4.25781969822043, -0.000023499997837 ], [ 138.900617930872841, -4.253201269423016, -0.000023499997837 ], [ 138.907095161212737, -4.257098265672369, -0.000023499997837 ], [ 138.921081340331625, -4.256931427943016, -0.000023499997837 ], [ 138.924736877604914, -4.246023229788193, -0.000023499997837 ], [ 138.922908361631698, -4.241925093867962, -0.000023499997837 ], [ 138.926327899712874, -4.232050214945389, -0.000023499997837 ], [ 138.925709240788933, -4.227767184707773, -0.000023499997837 ], [ 138.93197148909303, -4.228828005208243, -0.000023499997837 ], [ 138.941478558788504, -4.227434467026967, -0.000023499997837 ], [ 138.945371273365595, -4.226288166865345, -0.000023499997837 ], [ 138.951602191987604, -4.220864970741786, -0.000023499997837 ], [ 138.954479369627279, -4.222631222153154, -0.000023499997837 ], [ 138.959195534946048, -4.22065100044324, -0.000023499997837 ], [ 138.971816371428417, -4.223277517243559, -0.000023499997837 ], [ 138.986178305284625, -4.223040134894291, -0.000023499997837 ], [ 138.997888428907913, -4.211583785563221, -0.000023499997837 ], [ 139.000000020884272, -4.207443392298671, -0.000023499997837 ], [ 139.010243334062693, -4.198916798571361, -0.000023499997837 ], [ 139.015266249138108, -4.191397191027477, -0.000023499997837 ], [ 139.021783918393226, -4.192872932639659, -0.000023499997837 ], [ 139.025750782972295, -4.190860638407685, -0.000023499997837 ], [ 139.030337111368681, -4.19425387941294, -0.000023499997837 ], [ 139.033920863856792, -4.194554427444814, -0.000023499997837 ], [ 139.038524095010985, -4.192411247680866, -0.000023499997837 ], [ 139.046150364847563, -4.193260697822893, -0.000023499997837 ], [ 139.048880146301826, -4.19069067193692, -0.000023499997837 ], [ 139.057154461309437, -4.188964761414582, -0.000023499997837 ], [ 139.059311315265063, -4.193207651312036, -0.000023499997837 ], [ 139.061736112331801, -4.192884409787609, -0.000023499997837 ], [ 139.072540171691685, -4.188759519935843, -0.000023499997837 ], [ 139.072165417000406, -4.184578295651761, -0.000023499997837 ], [ 139.077684272211513, -4.179804708620338, -0.000023499997837 ], [ 139.099277804826897, -4.17605490620889, -0.000023499997837 ], [ 139.108348993811092, -4.174988822875832, -0.000023499997837 ], [ 139.135148700851914, -4.178030913695636, -0.000023499997837 ], [ 139.145829891236531, -4.177583829230286, -0.000023499997837 ], [ 139.147730453697591, -4.175841696736882, -0.000023499997837 ], [ 139.159133895912646, -4.177543640326689, -0.000023499997837 ], [ 139.16948964143387, -4.176727609891259, -0.000023499997837 ], [ 139.171692768206753, -4.179119286725665, -0.000023499997837 ], [ 139.179494020033076, -4.178550470927462, -0.000023499997837 ], [ 139.186818118561405, -4.180858184357703, -0.000023499997837 ], [ 139.195821155122303, -4.178588265835742, -0.000023499997837 ], [ 139.202921257709932, -4.185376601349049, -0.000023499997837 ], [ 139.208956785127612, -4.183786924626816, -0.000023499997837 ], [ 139.211049430187131, -4.18535229537207, -0.000023499997837 ], [ 139.212848107554237, -4.190782627616102, -0.000023499997837 ], [ 139.216765473447936, -4.192609872847299, -0.000023499997837 ], [ 139.22252736144867, -4.192250775352932, -0.000023499997837 ], [ 139.229879649226518, -4.201215818255378, -0.000023499997837 ], [ 139.236041660893989, -4.200528252376898, -0.000023499997837 ], [ 139.245649462752567, -4.204592026101068, -0.000023499997837 ], [ 139.253641164008627, -4.197140453169311, -0.000023499997837 ], [ 139.256708407067435, -4.18979017987283, -0.000023499997837 ], [ 139.264901096008884, -4.184205523965716, -0.000023499997837 ], [ 139.270632136364043, -4.17082389880386, -0.000023499997837 ], [ 139.258146670332621, -4.168055912350439, -0.000023499997837 ], [ 139.232269763039199, -4.169326292874075, -0.000023499997837 ], [ 139.244347019599331, -4.150891699991917, -0.000023499997837 ], [ 139.247229346756967, -4.154000051960793, -0.000023499997837 ], [ 139.266305749810613, -4.161895948439224, -0.000023499997837 ], [ 139.271703543683657, -4.169746590133002, -0.000023499997837 ], [ 139.278339969314175, -4.164482350080334, -0.000023499997837 ], [ 139.287334331913939, -4.161626996288817, -0.000023499997837 ], [ 139.29034276380753, -4.158802575578363, -0.000023499997837 ], [ 139.29324020137426, -4.159203669613589, -0.000023499997837 ], [ 139.296938562564719, -4.155394655838677, -0.000023499997837 ], [ 139.313425516174675, -4.149074362591705, -0.000023499997837 ], [ 139.319246814289158, -4.140539408766642, -0.000023499997837 ], [ 139.322389765875073, -4.139348411400022, -0.000023499997837 ], [ 139.313380104907992, -4.136566745358948, -0.000023499997837 ], [ 139.310921934899397, -4.13055783967252, -0.000023499997837 ], [ 139.31180641813171, -4.129424874658184, -0.000023499997837 ], [ 139.32928994737324, -4.138705835905569, -0.000023499997837 ], [ 139.336668067277515, -4.138228343563185, -0.000023499997837 ], [ 139.348995783228929, -4.134389599100643, -0.000023499997837 ], [ 139.35253680532935, -4.13576061106329, -0.000023499997837 ], [ 139.357139404260124, -4.134345401019402, -0.000023499997837 ], [ 139.358409284760796, -4.129354199636566, -0.000023499997837 ], [ 139.357435268622794, -4.124386558692663, -0.000023499997837 ], [ 139.353264126638237, -4.123556425088907, -0.000023499997837 ], [ 139.349353085676398, -4.126187316191647, -0.000023499997837 ], [ 139.342680024363744, -4.126912777702501, -0.000023499997837 ], [ 139.333081558367326, -4.124415152637141, -0.000023499997837 ], [ 139.333938164414803, -4.113279274918568, -0.000023499997837 ], [ 139.329149736771001, -4.101966365655187, -0.000023499997837 ], [ 139.33001366689723, -4.093032658730181, -0.000023499997837 ], [ 139.327824777291653, -4.092098737067033, -0.000023499997837 ], [ 139.336095066034545, -4.08969535465684, -0.000023499997837 ], [ 139.342519491781218, -4.085648552039004, -0.000023499997837 ], [ 139.344569444224589, -4.080568314176332, -0.000023499997837 ], [ 139.348498299856715, -4.076598554679492, -0.000023499997837 ], [ 139.363186392637999, -4.068468543088727, -0.000023499997837 ], [ 139.366046150409602, -4.071254459325814, -0.000023499997837 ], [ 139.375474949409409, -4.065863601024319, -0.000023499997837 ], [ 139.386127713123528, -4.063378072739795, -0.000023499997837 ], [ 139.387713934650378, -4.068010261164602, -0.000023499997837 ], [ 139.393710176983177, -4.072578827051188, -0.000023499997837 ], [ 139.39532821022874, -4.077813640387149, -0.000023499997837 ], [ 139.386893020896309, -4.090079761771563, -0.000023499997837 ], [ 139.379873610878462, -4.094362792009179, -0.000023499997837 ], [ 139.380407130085018, -4.100540304391473, -0.000023499997837 ], [ 139.394541128070614, -4.100397537915967, -0.000023499997837 ], [ 139.401393975551628, -4.102824587784426, -0.000023499997837 ], [ 139.403321338708906, -4.105608556989239, -0.000023499997837 ], [ 139.399537996081676, -4.112175869720545, -0.000023499997837 ], [ 139.401017336780683, -4.115028748577856, -0.000023499997837 ], [ 139.410186166058793, -4.110557790609505, -0.000023499997837 ], [ 139.417113484599668, -4.104876738170901, -0.000023499997837 ], [ 139.41957533193613, -4.106630489005795, -0.000023499997837 ], [ 139.422506827727943, -4.104784027061157, -0.000023499997837 ], [ 139.427890414111403, -4.104941762752105, -0.000023499997837 ], [ 139.430975122004384, -4.102158981551725, -0.000023499997837 ], [ 139.435163165847484, -4.104775402562723, -0.000023499997837 ], [ 139.442364194851734, -4.098898954423134, -0.000023499997837 ], [ 139.441303097360105, -4.096031706198232, -0.000023499997837 ], [ 139.436395521236363, -4.094355976946758, -0.000023499997837 ], [ 139.425172305857245, -4.086483111206576, -0.000023499997837 ], [ 139.423430818177735, -4.080214661177649, -0.000023499997837 ], [ 139.429013965921854, -4.074781076085742, -0.000023499997837 ], [ 139.46391470659853, -4.10956381491809, -0.000023499997837 ], [ 139.512463465116866, -4.055238923137722, -0.000023499997837 ], [ 139.602050220341425, -4.079111988927082, -0.000023499997837 ], [ 139.618693538176331, -4.062061101938241, -0.000023499997837 ], [ 139.612214581138119, -4.060282454271828, -0.000023499997837 ], [ 139.609159031064451, -4.056481713360313, -0.000023499997837 ], [ 139.60098155235687, -4.05703191499083, -0.000023499997837 ], [ 139.600363317912866, -4.052718189992447, -0.000023499997837 ], [ 139.598275250402594, -4.052775975031182, -0.000023499997837 ], [ 139.590407987438766, -4.047570638773891, -0.000023499997837 ], [ 139.589955889252906, -4.04498892439932, -0.000023499997837 ], [ 139.584219735352576, -4.042421785337069, -0.000023499997837 ], [ 139.579439192065138, -4.037593255124591, -0.000023499997837 ], [ 139.57553655077129, -4.025536287269802, -0.000023499997837 ], [ 139.577754538840964, -4.022613454647171, -0.000023499997837 ], [ 139.579989798390557, -4.022427357036861, -0.000023499997837 ], [ 139.581407134431743, -4.015291160158881, -0.000023499997837 ], [ 139.575471709651765, -4.011221726101724, -0.000023499997837 ], [ 139.574494172667983, -4.007135554761987, -0.000023499997837 ], [ 139.571839553852442, -4.004956681805368, -0.000023499997837 ], [ 139.571645715777208, -4.00158006566744, -0.000023499997837 ], [ 139.576074865162923, -4.000751102980985, -0.000023499997837 ], [ 139.582912104010461, -4.002142330803849, -0.000023499997837 ], [ 139.583615826209439, -3.999018383691407, -0.000023499997837 ], [ 139.586514762046704, -3.998469325099222, -0.000023499997837 ], [ 139.590346598816495, -4.000380263937984, -0.000023499997837 ], [ 139.599851438193355, -3.996403367421408, -0.000023499997837 ], [ 139.606019001375898, -4.00600306458972, -0.000023499997837 ], [ 139.610599748579602, -4.007924907708286, -0.000023499997837 ], [ 139.616675940642267, -4.007376680089692, -0.000023499997837 ], [ 139.627183641012266, -4.015097555008083, -0.000023499997837 ], [ 139.634082174053106, -4.017290467281214, -0.000023499997837 ], [ 139.633732869276514, -4.012382114143179, -0.000023499997837 ], [ 139.638130113414036, -4.008099084804883, -0.000023499997837 ], [ 139.642241821902644, -3.999704346078659, -0.000023499997837 ], [ 139.639443575960286, -3.989253752658499, -0.000023499997837 ], [ 139.639786217659889, -3.984685187671232, -0.000023499997837 ], [ 139.643441069649725, -3.981201657430518, -0.000023499997837 ], [ 139.655661982114793, -3.984970724219522, -0.000023499997837 ], [ 139.657776246876324, -3.9817457202887, -0.000023499997837 ], [ 139.658215328274878, -3.975062223242958, -0.000023499997837 ], [ 139.656731766158146, -3.974838760600278, -0.000023499997837 ], [ 139.65645343857534, -3.972146775852991, -0.000023499997837 ], [ 139.661426286593951, -3.967317810368627, -0.000023499997837 ], [ 139.659165864912779, -3.966119077933058, -0.000023499997837 ], [ 139.661026296926138, -3.964264302655408, -0.000023499997837 ], [ 139.663596010747369, -3.953079823774772, -0.000023499997837 ], [ 139.662784913093333, -3.941040157077566, -0.000023499997837 ], [ 139.665520620180587, -3.934722869364862, -0.000023499997837 ], [ 139.664353534887823, -3.934854516622579, -0.000023499997837 ], [ 139.664759181291288, -3.932467000951306, -0.000023499997837 ], [ 139.666630317035583, -3.928722502741266, -0.000023499997837 ], [ 139.669781369714542, -3.926838849333365, -0.000023499997837 ], [ 139.670764263060391, -3.928826273713526, -0.000023499997837 ], [ 139.672989705610462, -3.92535968490148, -0.000023499997837 ], [ 139.67085569083747, -3.924741340740241, -0.000023499997837 ], [ 139.670536284921695, -3.920378091875421, -0.000023499997837 ], [ 139.674255553551006, -3.919219551940728, -0.000023499997837 ], [ 139.674551922433352, -3.916957012356193, -0.000023499997837 ], [ 139.677039787156559, -3.918053948730687, -0.000023499997837 ], [ 139.678599651352897, -3.912902569997584, -0.000023499997837 ], [ 139.680847101212862, -3.914858330147752, -0.000023499997837 ], [ 139.681411086752291, -3.910914866827568, -0.000023499997837 ], [ 139.684273074842622, -3.910681507145796, -0.000023499997837 ], [ 139.684466460558724, -3.908986362430653, -0.000023499997837 ], [ 139.686997651020874, -3.909571653808712, -0.000023499997837 ], [ 139.68668362305084, -3.903881094636745, -0.000023499997837 ], [ 139.689167902177019, -3.907033954053702, -0.000023499997837 ], [ 139.692041014880942, -3.905651423574284, -0.000023499997837 ], [ 139.691124329624131, -3.901121650843493, -0.000023499997837 ], [ 139.692973426582398, -3.900808840555499, -0.000023499997837 ], [ 139.690598481634652, -3.898391719202436, -0.000023499997837 ], [ 139.691595203855627, -3.896200885262601, -0.000023499997837 ], [ 139.693372557397652, -3.897935608241653, -0.000023499997837 ], [ 139.694766460703704, -3.896415580414669, -0.000023499997837 ], [ 139.692803481695364, -3.893506511915973, -0.000023499997837 ], [ 139.695498468379697, -3.891572032423312, -0.000023499997837 ], [ 139.694427572774316, -3.890885051104192, -0.000023499997837 ], [ 139.69542713775229, -3.886377415185507, -0.000023499997837 ], [ 139.701457644254901, -3.88345353305408, -0.000023499997837 ], [ 139.71068614624869, -3.884047447131934, -0.000023499997837 ], [ 139.711508487226979, -3.88281393431555, -0.000023499997837 ], [ 139.714432369358406, -3.87692048539202, -0.000023499997837 ], [ 139.716457765813288, -3.866900098860413, -0.000023499997837 ], [ 139.72148318819859, -3.861874677374431, -0.000023499997837 ], [ 139.72614312430585, -3.848123295953314, -0.000023499997837 ], [ 139.729295434236974, -3.844925301361513, -0.000023499997837 ], [ 139.727605064921818, -3.837569910922582, -0.000023499997837 ], [ 139.728838577738202, -3.832316060737583, -0.000023499997837 ], [ 139.732630487307233, -3.832179004057764, -0.000023499997837 ], [ 139.733178714925771, -3.829849036004134, -0.000023499997837 ], [ 139.735782797238357, -3.828158666689092, -0.000023499997837 ], [ 139.741173704103176, -3.827107897011786, -0.000023499997837 ], [ 139.744143270895279, -3.828935323006704, -0.000023499997837 ], [ 139.749606505735755, -3.826507507815165, -0.000023499997837 ], [ 139.756634522265472, -3.809273444214057, -0.000023499997837 ], [ 139.754615110798795, -3.808032038947374, -0.000023499997837 ], [ 139.756164606711309, -3.804604020259262, -0.000023499997837 ], [ 139.75503868788519, -3.801228084908132, -0.000023499997837 ], [ 139.750515243683594, -3.803484039656666, -0.000023499997837 ], [ 139.74723424706292, -3.798317656634481, -0.000023499997837 ], [ 139.751468733695219, -3.795801848176723, -0.000023499997837 ], [ 139.752201082214242, -3.792436001420299, -0.000023499997837 ], [ 139.756953047745014, -3.792425206857786, -0.000023499997837 ], [ 139.758677382655151, -3.78957053295369, -0.000023499997837 ], [ 139.764659011903973, -3.78589787708529, -0.000023499997837 ], [ 139.766876651936059, -3.778274628970905, -0.000023499997837 ], [ 139.764540986677275, -3.771505888785669, -0.000023499997837 ], [ 139.778262272286156, -3.776047679157045, -0.000023499997837 ], [ 139.788417251355099, -3.77235774191621, -0.000023499997837 ], [ 139.788002764615953, -3.763670197421618, -0.000023499997837 ], [ 139.790382225958979, -3.757388420339282, -0.000023499997837 ], [ 139.801232568927958, -3.749298253211748, -0.000023499997837 ], [ 139.806277026363773, -3.751154231782323, -0.000023499997837 ], [ 139.815892212555582, -3.737345236193676, -0.000023499997837 ], [ 139.821881699181176, -3.744918853422291, -0.000023499997837 ], [ 139.824581777826893, -3.75239759307442, -0.000023499997837 ], [ 139.814351715259477, -3.751292452184884, -0.000023499997837 ], [ 139.81737913903612, -3.754395541321117, -0.000023499997837 ], [ 139.793256087798227, -3.771984508877949, -0.000023499997837 ], [ 139.800893252021979, -3.774311555034217, -0.000023499997837 ], [ 139.820869221737212, -3.785231483046459, -0.000023499997837 ], [ 139.828717326443552, -3.786118485279815, -0.000023499997837 ], [ 139.829903484558258, -3.793809561162277, -0.000023499997837 ], [ 139.833146678176718, -3.797342147621976, -0.000023499997837 ], [ 139.834342118194286, -3.796780892424181, -0.000023499997837 ], [ 139.842489099092745, -3.782586622774375, -0.000023499997837 ], [ 139.850650993448653, -3.756775724819818, -0.000023499997837 ], [ 139.852230318074817, -3.755537638051521, -0.000023499997837 ], [ 139.8500046785731, -3.754702786604298, -0.000023499997837 ], [ 139.840428729802056, -3.742012914564327, -0.000023499997837 ], [ 139.836570179570231, -3.741962723400945, -0.000023499997837 ], [ 139.83619397337327, -3.746773998321316, -0.000023499997837 ], [ 139.834253626703571, -3.746743937582607, -0.000023499997837 ], [ 139.824297604650837, -3.737422951108272, -0.000023499997837 ], [ 139.819075262213687, -3.736119302863472, -0.000023499997837 ], [ 139.823456734041088, -3.732404080284027, -0.000023499997837 ], [ 139.835687164031469, -3.736829876997206, -0.000023499997837 ], [ 139.83792385710035, -3.735259433176225, -0.000023499997837 ], [ 139.840446085818257, -3.728501762746134, -0.000023499997837 ], [ 139.844491169831713, -3.726122302302372, -0.000023499997837 ], [ 139.845680900053594, -3.720649541842818, -0.000023499997837 ], [ 139.840350907868128, -3.713035267163775, -0.000023499997837 ], [ 139.840112960744591, -3.710465449021228, -0.000023499997837 ], [ 139.847135543570516, -3.703562633408751, -0.000023499997837 ], [ 139.85491764073663, -3.701150745210668, -0.000023499997837 ], [ 139.85624412096945, -3.694368394685625, -0.000023499997837 ], [ 139.860355828558681, -3.688743350225366, -0.000023499997837 ], [ 139.865711921767797, -3.686089712570151, -0.000023499997837 ], [ 139.874074811903142, -3.685136075069749, -0.000023499997837 ], [ 139.878129372072976, -3.694258690885817, -0.000023499997837 ], [ 139.899190325273366, -3.687019813913253, -0.000023499997837 ], [ 139.901914582192262, -3.69064411323518, -0.000023499997837 ], [ 139.905111586630483, -3.689784602377472, -0.000023499997837 ], [ 139.910143594751162, -3.691540292150705, -0.000023499997837 ], [ 139.917668627904959, -3.696954606569818, -0.000023499997837 ], [ 139.923640122693541, -3.696022199364961, -0.000023499997837 ], [ 139.92940290462036, -3.692471889965702, -0.000023499997837 ], [ 139.931373618697648, -3.693743344279881, -0.000023499997837 ], [ 139.932016519746639, -3.692535641106929, -0.000023499997837 ], [ 139.937619047880844, -3.692490886345297, -0.000023499997837 ], [ 139.939990668934342, -3.694517362885961, -0.000023499997837 ], [ 139.939231883944331, -3.697389295679386, -0.000023499997837 ], [ 139.94910942036347, -3.701957204161602, -0.000023499997837 ], [ 139.953311915412655, -3.702358315283959, -0.000023499997837 ], [ 139.962592852378293, -3.713039762874701, -0.000023499997837 ], [ 139.970709294098697, -3.731280569842397, -0.000023499997837 ], [ 139.985221796948395, -3.741844851958319, -0.000023499997837 ], [ 139.98761935894629, -3.740822729285469, -0.000023499997837 ], [ 139.993861600032915, -3.741919536157639, -0.000023499997837 ], [ 139.996829264758844, -3.737329602379191, -0.000023499997837 ], [ 140.000000008093934, -3.738233716013156, -0.000023499997837 ], [ 140.009908928154573, -3.734944546353688, -0.000023499997837 ], [ 140.014074164291287, -3.726832266695681, -0.000023499997837 ], [ 140.022194345392791, -3.72283492499173, -0.000023499997837 ], [ 140.028267114635696, -3.710582705327568, -0.000023499997837 ], [ 140.030929053033447, -3.711445931284629, -0.000023499997837 ], [ 140.035658609257439, -3.71670973966269, -0.000023499997837 ], [ 140.040828864760329, -3.717703286377514, -0.000023499997837 ], [ 140.042878512333573, -3.724665403285712, -0.000023499997837 ], [ 140.047370882260452, -3.724978693811636, -0.000023499997837 ], [ 140.049707889307683, -3.728021011260637, -0.000023499997837 ], [ 140.05280839738964, -3.725405238660812, -0.000023499997837 ], [ 140.050599841409621, -3.722014689326386, -0.000023499997837 ], [ 140.05572283124377, -3.722296919966823, -0.000023499997837 ], [ 140.05658913108357, -3.719295291444496, -0.000023499997837 ], [ 140.061509005436278, -3.722205860911686, -0.000023499997837 ], [ 140.065250510702526, -3.720240748711547, -0.000023499997837 ], [ 140.070061330565977, -3.722036899882994, -0.000023499997837 ], [ 140.072090677742608, -3.71995452598054, -0.000023499997837 ], [ 140.081015977805237, -3.719090288286111, -0.000023499997837 ], [ 140.083399431238831, -3.721759055236191, -0.000023499997837 ], [ 140.085905648427001, -3.721327035314403, -0.000023499997837 ], [ 140.089775831389602, -3.724484563112071, -0.000023499997837 ], [ 140.094232373225509, -3.725160822713747, -0.000023499997837 ], [ 140.098477063565724, -3.715015791045857, -0.000023499997837 ], [ 140.102715088130822, -3.711363345641814, -0.000023499997837 ], [ 140.100787190776259, -3.707853863664809, -0.000023499997837 ], [ 140.107069505653271, -3.704295089846482, -0.000023499997837 ], [ 140.110682514886207, -3.703982918077145, -0.000023499997837 ], [ 140.114702672390536, -3.700683449381643, -0.000023499997837 ], [ 140.12181421975049, -3.699728066297155, -0.000023499997837 ], [ 140.125544408847418, -3.695509173009896, -0.000023499997837 ], [ 140.128515880403597, -3.696869412893022, -0.000023499997837 ], [ 140.135550342374472, -3.696530158040332, -0.000023499997837 ], [ 140.136718391740487, -3.70297875126829, -0.000023499997837 ], [ 140.130837886759082, -3.702031558309727, -0.000023499997837 ], [ 140.129601887317335, -3.705963594843979, -0.000023499997837 ], [ 140.132402036225017, -3.715082980295279, -0.000023499997837 ], [ 140.12244014069995, -3.715690665691625, -0.000023499997837 ], [ 140.127113072010729, -3.721065926151539, -0.000023499997837 ], [ 140.131331869969927, -3.722908241322216, -0.000023499997837 ], [ 140.130960270999822, -3.725218766033151, -0.000023499997837 ], [ 140.134655434201022, -3.730827996814526, -0.000023499997837 ], [ 140.136325602944339, -3.730940031657099, -0.000023499997837 ], [ 140.141480135599863, -3.73720182040762, -0.000023499997837 ], [ 140.136822473878169, -3.7390312671792, -0.000023499997837 ], [ 140.134431607332886, -3.737150985329663, -0.000023499997837 ], [ 140.134441675243238, -3.740529249025599, -0.000023499997837 ], [ 140.131510352121154, -3.746085239941806, -0.000023499997837 ], [ 140.126250091568522, -3.748256951597, -0.000023499997837 ], [ 140.1275841027242, -3.751083752812917, -0.000023499997837 ], [ 140.14135105140997, -3.75347307162491, -0.000023499997837 ], [ 140.141359818900582, -3.759598446710925, -0.000023499997837 ], [ 140.147186795334392, -3.759969555550526, -0.000023499997837 ], [ 140.152103804447052, -3.76377628594679, -0.000023499997837 ], [ 140.16111219737013, -3.765257225640426, -0.000023499997837 ], [ 140.160983514277859, -3.771006465575852, -0.000023499997837 ], [ 140.154080846154216, -3.771959235230497, -0.000023499997837 ], [ 140.145840108234438, -3.768797741422588, -0.000023499997837 ], [ 140.140557632628656, -3.770681806719949, -0.000023499997837 ], [ 140.141546358977394, -3.76695992196278, -0.000023499997837 ], [ 140.136133630962377, -3.765829057764734, -0.000023499997837 ], [ 140.134835695211223, -3.771924641009321, -0.000023499997837 ], [ 140.136168253062465, -3.773984223393143, -0.000023499997837 ], [ 140.138662652259654, -3.773956289551052, -0.000023499997837 ], [ 140.139243896688527, -3.782891146709005, -0.000023499997837 ], [ 140.143244878848122, -3.784787733267251, -0.000023499997837 ], [ 140.142791902924046, -3.787293678860124, -0.000023499997837 ], [ 140.148295040683593, -3.787934580716296, -0.000023499997837 ], [ 140.148801242083664, -3.798151693046123, -0.000023499997837 ], [ 140.150904378634209, -3.798148047194559, -0.000023499997837 ], [ 140.15160731482581, -3.801436481208611, -0.000023499997837 ], [ 140.149278732627522, -3.801941569247958, -0.000023499997837 ], [ 140.150975922401017, -3.806591470719752, -0.000023499997837 ], [ 140.14922158700665, -3.807213106399672, -0.000023499997837 ], [ 140.149900184845706, -3.80970559543681, -0.000023499997837 ], [ 140.153952606427765, -3.810898830316717, -0.000023499997837 ], [ 140.15608547906163, -3.809952331634747, -0.000023499997837 ], [ 140.157998167081814, -3.811632097043571, -0.000023499997837 ], [ 140.161154677746254, -3.807558434374187, -0.000023499997837 ], [ 140.162698438682014, -3.807572739889963, -0.000023499997837 ], [ 140.160085435094857, -3.825713683439687, -0.000023499997837 ], [ 140.16185433590897, -3.826818952032966, -0.000023499997837 ], [ 140.158408844292808, -3.830891083156928, -0.000023499997837 ], [ 140.158739709370138, -3.83299123036096, -0.000023499997837 ], [ 140.152897164772412, -3.834482269441139, -0.000023499997837 ], [ 140.154337921857632, -3.837137917980499, -0.000023499997837 ], [ 140.152064278343801, -3.838706825759346, -0.000023499997837 ], [ 140.154236237312602, -3.840379089023713, -0.000023499997837 ], [ 140.153822047349649, -3.84219916755751, -0.000023499997837 ], [ 140.148068284723649, -3.84214725958833, -0.000023499997837 ], [ 140.142671168939387, -3.850578077316356, -0.000023499997837 ], [ 140.139071331177092, -3.850483406583919, -0.000023499997837 ], [ 140.134481176165423, -3.847832453404976, -0.000023499997837 ], [ 140.132501078561972, -3.848686590813486, -0.000023499997837 ], [ 140.132082731033279, -3.85196434088158, -0.000023499997837 ], [ 140.143189960848076, -3.861060911431878, -0.000023499997837 ], [ 140.141844807092184, -3.865230834835131, -0.000023499997837 ], [ 140.15018664140041, -3.870008138764547, -0.000023499997837 ], [ 140.148768106562898, -3.87401178471606, -0.000023499997837 ], [ 140.14551732716302, -3.872811990181162, -0.000023499997837 ], [ 140.143770807776605, -3.873811494005224, -0.000023499997837 ], [ 140.145562206031059, -3.879127011602236, -0.000023499997837 ], [ 140.143806643961511, -3.881275520748659, -0.000023499997837 ], [ 140.14431488502396, -3.883932887892399, -0.000023499997837 ], [ 140.148194511767315, -3.886759890556448, -0.000023499997837 ], [ 140.146574601636644, -3.887221291329467, -0.000023499997837 ], [ 140.145701773618043, -3.890536856990309, -0.000023499997837 ], [ 140.139499565852361, -3.89462265960799, -0.000023499997837 ], [ 140.127496799237974, -3.893963877430963, -0.000023499997837 ], [ 140.128680343023461, -3.898926564909004, -0.000023499997837 ], [ 140.125305614562535, -3.901964735584045, -0.000023499997837 ], [ 140.126130499722876, -3.90488859793038, -0.000023499997837 ], [ 140.124521551428529, -3.906440920412081, -0.000023499997837 ], [ 140.126364925101257, -3.908810848042151, -0.000023499997837 ], [ 140.122599323400095, -3.912783429611522, -0.000023499997837 ], [ 140.129128691935648, -3.928630158554938, -0.000023499997837 ], [ 140.140203229595386, -3.939206177722895, -0.000023499997837 ], [ 140.14853665794044, -3.950949668892065, -0.000023499997837 ], [ 140.150835959112328, -3.951306457826718, -0.000023499997837 ], [ 140.152439694935993, -3.956533576563288, -0.000023499997837 ], [ 140.144323925009189, -3.959125025199683, -0.000023499997837 ], [ 140.144026365424452, -3.961451208906112, -0.000023499997837 ], [ 140.147403912360687, -3.96612135231851, -0.000023499997837 ], [ 140.139195603094663, -3.966993204572702, -0.000023499997837 ], [ 140.141863677566676, -3.974266616411171, -0.000023499997837 ], [ 140.141400252419771, -3.978720433301305, -0.000023499997837 ], [ 140.139417296770944, -3.981367133586275, -0.000023499997837 ], [ 140.134649229778233, -3.982545076394103, -0.000023499997837 ], [ 140.135027204941593, -3.986335193614252, -0.000023499997837 ], [ 140.133195827325608, -3.989398696392698, -0.000023499997837 ], [ 140.119771781142845, -3.995586468240845, -0.000023499997837 ], [ 140.120726472648698, -3.997924137189159, -0.000023499997837 ], [ 140.125057193934367, -3.99967435099046, -0.000023499997837 ], [ 140.124926740077058, -4.001760959800436, -0.000023499997837 ], [ 140.11918955375495, -4.002998713819522, -0.000023499997837 ], [ 140.117572895572721, -4.007658568987722, -0.000023499997837 ], [ 140.120059764746429, -4.010445010428839, -0.000023499997837 ], [ 140.119339537289875, -4.011776936956039, -0.000023499997837 ], [ 140.107211155170717, -4.016638819425907, -0.000023499997837 ], [ 140.106989295119888, -4.020109052290877, -0.000023499997837 ], [ 140.111948722555553, -4.025334434436559, -0.000023499997837 ], [ 140.112260300772277, -4.027676344587576, -0.000023499997837 ], [ 140.104340689171522, -4.033766190157507, -0.000023499997837 ], [ 140.101341494214694, -4.03970468792096, -0.000023499997837 ], [ 140.10249669316795, -4.041477599711413, -0.000023499997837 ], [ 140.105773847884848, -4.040028113806386, -0.000023499997837 ], [ 140.107784735577184, -4.040804140598539, -0.000023499997837 ], [ 140.108993091657908, -4.046368089615612, -0.000023499997837 ], [ 140.1129057828756, -4.052776221445413, -0.000023499997837 ], [ 140.119270998158072, -4.056648323561262, -0.000023499997837 ], [ 140.117236039211889, -4.069636160780135, -0.000023499997837 ], [ 140.119420672326214, -4.250000024681356, -0.000023499997837 ], [ 140.116858026276986, -4.306701860602345, -0.000023499997837 ], [ 140.11219417272298, -4.307319455628317, -0.000023499997837 ], [ 140.10434195181972, -4.299824154061412, -0.000023499997837 ], [ 140.101486598028146, -4.294470366713995, -0.000023499997837 ], [ 140.1006573412634, -4.28562202793421, -0.000023499997837 ], [ 140.09293926683381, -4.285338710013434, -0.000023499997837 ], [ 140.088575942425905, -4.310334525417943, -0.000023499997837 ], [ 140.08776243458874, -4.352904561296441, -0.000023499997837 ], [ 140.045025167077824, -4.351713841820299, -0.000023499997837 ], [ 140.055444027919634, -4.332660715919246, -0.000023499997837 ], [ 140.038311908767696, -4.32659308989912, -0.000023499997837 ], [ 140.011186052694256, -4.324808495015986, -0.000023499997837 ], [ 139.994410852878673, -4.317670111886116, -0.000023499997837 ], [ 139.991585111963445, -4.314551969897423, -0.000023499997837 ], [ 139.986577372048146, -4.3201344035798, -0.000023499997837 ], [ 139.979308118674794, -4.32409620767379, -0.000023499997837 ], [ 139.973026341592458, -4.319741793748733, -0.000023499997837 ], [ 139.969314382652669, -4.319813177436117, -0.000023499997837 ], [ 139.96620042071288, -4.317946970875937, -0.000023499997837 ], [ 139.965243333413127, -4.320219622437605, -0.000023499997837 ], [ 139.969869973020877, -4.330082523289775, -0.000023499997837 ], [ 139.972805346689483, -4.332188788581675, -0.000023499997837 ], [ 139.980657567592743, -4.347655285962617, -0.000023499997837 ], [ 139.985338608090387, -4.350050892834417, -0.000023499997837 ], [ 139.97019054985401, -4.349679132885626, -0.000023499997837 ], [ 139.96067009644787, -4.346465554841416, -0.000023499997837 ], [ 139.957100903983587, -4.342448232000265, -0.000023499997837 ], [ 139.95174711663617, -4.35256094113447, -0.000023499997837 ], [ 139.952341982196799, -4.361483920046851, -0.000023499997837 ], [ 139.956506039322335, -4.373381224963509, -0.000023499997837 ], [ 139.963644421552885, -4.382899069436462, -0.000023499997837 ], [ 139.967808478678421, -4.392416913010095, -0.000023499997837 ], [ 139.968998208900302, -4.399555296139965, -0.000023499997837 ], [ 139.954126577979309, -4.413237196839134, -0.000023499997837 ], [ 139.960194558332319, -4.417491414597066, -0.000023499997837 ], [ 139.965047347756922, -4.415560024275635, -0.000023499997837 ], [ 139.969901446594577, -4.412895029082279, -0.000023499997837 ], [ 139.971614659588909, -4.409563783741589, -0.000023499997837 ], [ 139.975897689826638, -4.408707177694055, -0.000023499997837 ], [ 139.977044847042066, -4.403951678726969, -0.000023499997837 ], [ 139.987795950722557, -4.398337804745836, -0.000023499997837 ], [ 139.995410227200296, -4.400241373640426, -0.000023499997837 ], [ 140.000169148987084, -4.4057141349993, -0.000023499997837 ], [ 140.012304400128073, -4.412138678557142, -0.000023499997837 ], [ 140.009686992560773, -4.416659655019032, -0.000023499997837 ], [ 140.002310664105948, -4.418563223913623, -0.000023499997837 ], [ 139.973995077810628, -4.423322145700411, -0.000023499997837 ], [ 139.967787082907648, -4.422410320379925, -0.000023499997837 ], [ 139.968892100589983, -4.424635388812078, -0.000023499997837 ], [ 139.978409945962312, -4.42851390938938, -0.000023499997837 ], [ 139.983335429386671, -4.426538957706668, -0.000023499997837 ], [ 139.989307876557291, -4.426681725081494, -0.000023499997837 ], [ 139.993115014346472, -4.42461159365007, -0.000023499997837 ], [ 139.99598583467855, -4.426052357929905, -0.000023499997837 ], [ 140.000011882742228, -4.425167198407451, -0.000023499997837 ], [ 140.01548789674905, -4.418671269363529, -0.000023499997837 ], [ 140.019637142939814, -4.420950303413747, -0.000023499997837 ], [ 140.031454043069743, -4.420193460060091, -0.000023499997837 ], [ 140.034716346382311, -4.403303420416478, -0.000023499997837 ], [ 140.039529050325427, -4.404238862833211, -0.000023499997837 ], [ 140.039928907792955, -4.408404093574006, -0.000023499997837 ], [ 140.03787305309902, -4.410060199618442, -0.000023499997837 ], [ 140.035741056404731, -4.416018370051688, -0.000023499997837 ], [ 140.036845125302307, -4.422166896385136, -0.000023499997837 ], [ 140.033268510733251, -4.429560168067269, -0.000023499997837 ], [ 140.03398234940596, -4.43307225268228, -0.000023499997837 ], [ 140.032340520998332, -4.43871157477929, -0.000023499997837 ], [ 140.028585730946816, -4.438997110428261, -0.000023499997837 ], [ 140.026443244560141, -4.441021108437383, -0.000023499997837 ], [ 140.024748981180551, -4.436167270403132, -0.000023499997837 ], [ 140.029955991975498, -4.425001387703844, -0.000023499997837 ], [ 139.989223628068089, -4.43640918083895, -0.000023499997837 ], [ 139.964953125786224, -4.43640918083895, -0.000023499997837 ], [ 139.953769658642841, -4.442357833746996, -0.000023499997837 ], [ 139.948832100021491, -4.44831107409675, -0.000023499997837 ], [ 139.953215010764211, -4.449872146082612, -0.000023499997837 ], [ 139.953700689635184, -4.453442682134039, -0.000023499997837 ], [ 139.964122728681104, -4.456226650439532, -0.000023499997837 ], [ 139.976509751323988, -4.454915073771588, -0.000023499997837 ], [ 139.977560395995511, -4.461886370959178, -0.000023499997837 ], [ 139.974717483425138, -4.472060426447456, -0.000023499997837 ], [ 139.975710050778275, -4.475467909116674, -0.000023499997837 ], [ 139.968938723243582, -4.478902389433699, -0.000023499997837 ], [ 139.949342456289401, -4.481501231396692, -0.000023499997837 ], [ 139.940881531957189, -4.478778334252695, -0.000023499997837 ], [ 139.942229273062594, -4.503061849724531, -0.000023499997837 ], [ 139.955316309100454, -4.525071863775452, -0.000023499997837 ], [ 139.958290635104845, -4.541728091378275, -0.000023499997837 ], [ 139.971615617366865, -4.537199183795224, -0.000023499997837 ], [ 139.999276850646197, -4.522327552874231, -0.000023499997837 ], [ 140.016230510129958, -4.519948092430468, -0.000023499997837 ], [ 140.019204837033612, -4.51786606296838, -0.000023499997837 ], [ 140.021881730257746, -4.512214842840649, -0.000023499997837 ], [ 140.021172118398567, -4.504617471818847, -0.000023499997837 ], [ 140.064558072297245, -4.518579952003108, -0.000023499997837 ], [ 140.06590175925885, -4.533332560349322, -0.000023499997837 ], [ 140.063522297915824, -4.538091482136167, -0.000023499997837 ], [ 140.034373900734977, -4.554450276059356, -0.000023499997837 ], [ 140.034373900734977, -4.559506630626458, -0.000023499997837 ], [ 140.036753362078116, -4.562183523850479, -0.000023499997837 ], [ 140.056383914785897, -4.560993793628654, -0.000023499997837 ], [ 140.067091488581354, -4.562183523850479, -0.000023499997837 ], [ 140.091480964874677, -4.571701369222751, -0.000023499997837 ], [ 140.105200837648567, -4.581318234448929, -0.000023499997837 ], [ 140.097900390390805, -4.626281737711963, -0.000023499997837 ], [ 140.095338027627918, -4.666743233913053, -0.000023499997837 ], [ 140.0913025052065, -4.673661273249138, -0.000023499997837 ], [ 140.086303257589293, -4.676160895708733, -0.000023499997837 ], [ 140.088291190086466, -4.685958657765809, -0.000023499997837 ], [ 140.079595676699228, -4.683594954343619, -0.000023499997837 ], [ 140.072528677256742, -4.679502281804787, -0.000023499997837 ], [ 140.066150330973073, -4.674040350981386, -0.000023499997837 ], [ 140.052636263552813, -4.655815315424434, -0.000023499997837 ], [ 140.033005710844918, -4.646297470951481, -0.000023499997837 ], [ 140.022298136150084, -4.643323144947146, -0.000023499997837 ], [ 140.012185427015879, -4.643323144947146, -0.000023499997837 ], [ 139.986691924992442, -4.650751302230788, -0.000023499997837 ], [ 139.986180258412219, -4.65284001815229, -0.000023499997837 ], [ 139.983439119419927, -4.654110649586755, -0.000023499997837 ], [ 139.983382011570598, -4.657579904888678, -0.000023499997837 ], [ 139.984995287402626, -4.658108145074777, -0.000023499997837 ], [ 139.981568864111864, -4.66079217711723, -0.000023499997837 ], [ 139.980470147978963, -4.663893804855149, -0.000023499997837 ], [ 139.985966702701262, -4.668081655344054, -0.000023499997837 ], [ 139.984253490606193, -4.671025049166644, -0.000023499997837 ], [ 139.981835957363614, -4.67178647636473, -0.000023499997837 ], [ 139.981207780914474, -4.674641830156304, -0.000023499997837 ], [ 139.982987616585319, -4.677125986974659, -0.000023499997837 ], [ 139.986061880651391, -4.67600477340153, -0.000023499997837 ], [ 139.98698987038631, -4.67400602655681, -0.000023499997837 ], [ 139.989880915571916, -4.674529508429998, -0.000023499997837 ], [ 139.991927251841275, -4.672578350110712, -0.000023499997837 ], [ 139.993105084931813, -4.67388705344473, -0.000023499997837 ], [ 139.996745661083423, -4.671007905390468, -0.000023499997837 ], [ 140.003587800336732, -4.672392751624159, -0.000023499997837 ], [ 140.004920298832758, -4.668833077584395, -0.000023499997837 ], [ 140.009679220619546, -4.667748043737163, -0.000023499997837 ], [ 140.016722425799344, -4.658668020712526, -0.000023499997837 ], [ 140.02033415979372, -4.651182432723033, -0.000023499997837 ], [ 140.024319756351701, -4.650409106594964, -0.000023499997837 ], [ 140.031041733589177, -4.653204974729761, -0.000023499997837 ], [ 140.03782319738275, -4.651182432723033, -0.000023499997837 ], [ 140.041094957066662, -4.654156758727368, -0.000023499997837 ], [ 140.04633081271686, -4.655089012148153, -0.000023499997837 ], [ 140.050005322987317, -4.658650401195018, -0.000023499997837 ], [ 140.037854259066876, -4.679893477901658, -0.000023499997837 ], [ 140.030620697087556, -4.6871270389816, -0.000023499997837 ], [ 140.029097841792009, -4.69074381997126, -0.000023499997837 ], [ 140.028526772292821, -4.70311701733641, -0.000023499997837 ], [ 140.023387136007614, -4.705210943030522, -0.000023499997837 ], [ 140.021864280712066, -4.707685582323734, -0.000023499997837 ], [ 140.032524265982147, -4.716441998699224, -0.000023499997837 ], [ 140.033095337280088, -4.719678066089841, -0.000023499997837 ], [ 140.028526772292821, -4.72310448938066, -0.000023499997837 ], [ 140.029668913089949, -4.730909121758543, -0.000023499997837 ], [ 140.034427834876738, -4.740046251733077, -0.000023499997837 ], [ 140.028526772292821, -4.749373739406508, -0.000023499997837 ], [ 140.031762838784061, -4.767838356155153, -0.000023499997837 ], [ 140.027003916997273, -4.77107442264645, -0.000023499997837 ], [ 140.02928819859153, -4.782686192813514, -0.000023499997837 ], [ 140.04394567934969, -4.804006164253053, -0.000023499997837 ], [ 140.067679969854794, -4.822251830257699, -0.000023499997837 ], [ 140.063517155592308, -4.84242255535662, -0.000023499997837 ], [ 140.062801597415842, -4.835656126429058, -0.000023499997837 ], [ 140.058938626116742, -4.83499243305431, -0.000023499997837 ], [ 140.053606291197411, -4.84373523099606, -0.000023499997837 ], [ 140.054177360696713, -4.850207364877917, -0.000023499997837 ], [ 140.058967908941895, -4.864523510651452, -0.000023499997837 ], [ 140.056472079822697, -4.884909716909874, -0.000023499997837 ], [ 140.050988883630112, -4.885090263005168, -0.000023499997837 ], [ 140.048609423186349, -4.889135347018623, -0.000023499997837 ], [ 140.040995146708724, -4.895083999027293, -0.000023499997837 ], [ 140.040109272225209, -4.898036917569641, -0.000023499997837 ], [ 140.043352292274562, -4.900102153091836, -0.000023499997837 ], [ 140.044161309796664, -4.904218620792676, -0.000023499997837 ], [ 140.047958478601004, -4.908553532019823, -0.000023499997837 ], [ 140.047553970739273, -4.911742009985744, -0.000023499997837 ], [ 140.050861420917954, -4.922711325167484, -0.000023499997837 ], [ 140.048339193099309, -4.930206626734389, -0.000023499997837 ], [ 140.049243387672277, -4.933728229773919, -0.000023499997837 ], [ 140.051646627989498, -4.935793440115106, -0.000023499997837 ], [ 140.049682616559608, -4.964294433341365, -0.000023499997837 ], [ 140.055725098434664, -5.028015136988927, -0.000023499997837 ], [ 140.059875487663703, -5.049194335749974, -0.000023499997837 ], [ 140.088317870273613, -5.091613769359924, -0.000023499997837 ], [ 140.120300292924298, -5.151306150558355, -0.000023499997837 ], [ 140.106079102068975, -5.149475097597644, -0.000023499997837 ], [ 140.067077636323916, -5.158996581626866, -0.000023499997837 ], [ 140.04571533199703, -5.178710937659616, -0.000023499997837 ], [ 140.039268692995847, -5.182702397797357, -0.000023499997837 ], [ 140.038588878374071, -5.179728466595407, -0.000023499997837 ], [ 140.042020170594469, -5.173106449003399, -0.000023499997837 ], [ 140.037696580033185, -5.168515257073409, -0.000023499997837 ], [ 140.042162938868614, -5.162613025370774, -0.000023499997837 ], [ 140.041708003321787, -5.158748516231014, -0.000023499997837 ], [ 140.043556003107142, -5.155457965212861, -0.000023499997837 ], [ 140.041048569136251, -5.15201740637815, -0.000023499997837 ], [ 140.043947533751748, -5.148157799442856, -0.000023499997837 ], [ 140.040800697094596, -5.144624301070564, -0.000023499997837 ], [ 140.043734461875943, -5.139604806116836, -0.000023499997837 ], [ 140.035901714892248, -5.128181892680175, -0.000023499997837 ], [ 140.023139678553434, -5.116939171905187, -0.000023499997837 ], [ 139.994072726675086, -5.100931902285424, -0.000023499997837 ], [ 139.983299696623817, -5.091808221672068, -0.000023499997837 ], [ 139.980474016862445, -5.118634045924409, -0.000023499997837 ], [ 139.975961539893206, -5.131930697743485, -0.000023499997837 ], [ 139.970783721091948, -5.140021756998465, -0.000023499997837 ], [ 139.970620600260531, -5.14335673362632, -0.000023499997837 ], [ 139.96754292776393, -5.145509509156454, -0.000023499997837 ], [ 139.980282594366258, -5.203120174756236, -0.000023499997837 ], [ 139.979330810368651, -5.218824618361396, -0.000023499997837 ], [ 139.971679686868129, -5.222778319563758, -0.000023499997837 ], [ 139.943298339446869, -5.221496582401301, -0.000023499997837 ], [ 139.922119140685822, -5.217102050619076, -0.000023499997837 ], [ 139.910278318589576, -5.211791991906864, -0.000023499997837 ], [ 139.820379202738081, -5.164830588061136, -0.000023499997837 ], [ 139.82054591636097, -5.163398359246855, -0.000023499997837 ], [ 139.821624472391591, -5.161445842051933, -0.000023499997837 ], [ 139.827428874942711, -5.159202690052041, -0.000023499997837 ], [ 139.831295499287876, -5.154503253921973, -0.000023499997837 ], [ 139.836530314422589, -5.153313523700092, -0.000023499997837 ], [ 139.843216295395791, -5.148438746750742, -0.000023499997837 ], [ 139.845164510233985, -5.153834593591569, -0.000023499997837 ], [ 139.850571640868566, -5.148636649761556, -0.000023499997837 ], [ 139.853769637259006, -5.150445039806698, -0.000023499997837 ], [ 139.855787923673802, -5.149176036145093, -0.000023499997837 ], [ 139.857444028818918, -5.151174782989813, -0.000023499997837 ], [ 139.861098880808754, -5.150061194768284, -0.000023499997837 ], [ 139.86206053936246, -5.15151219063506, -0.000023499997837 ], [ 139.867695104045879, -5.148333231093716, -0.000023499997837 ], [ 139.870283956339563, -5.150579441687853, -0.000023499997837 ], [ 139.872967989281392, -5.149456335941125, -0.000023499997837 ], [ 139.883439140304176, -5.166111801818147, -0.000023499997837 ], [ 139.887652997387931, -5.183757305255369, -0.000023499997837 ], [ 139.898915930425915, -5.189682911237298, -0.000023499997837 ], [ 139.909409353159162, -5.199605262672662, -0.000023499997837 ], [ 139.918883890779057, -5.205321445328366, -0.000023499997837 ], [ 139.932375771025022, -5.191478205354827, -0.000023499997837 ], [ 139.933845955726383, -5.186990071234732, -0.000023499997837 ], [ 139.940655293107397, -5.182572688578659, -0.000023499997837 ], [ 139.942073275761118, -5.172048842679885, -0.000023499997837 ], [ 139.945394966704384, -5.170058187934956, -0.000023499997837 ], [ 139.947676041316299, -5.164877430149261, -0.000023499997837 ], [ 139.942796436806134, -5.157124948557509, -0.000023499997837 ], [ 139.938037515019346, -5.144751752091622, -0.000023499997837 ], [ 139.937085731021739, -5.123507923551756, -0.000023499997837 ], [ 139.928849049943778, -5.090652368911663, -0.000023499997837 ], [ 139.932840087400223, -5.090669742914258, -0.000023499997837 ], [ 139.94890144944236, -5.084221403295089, -0.000023499997837 ], [ 139.963059241690758, -5.082103683338289, -0.000023499997837 ], [ 139.970959052918033, -5.089408628105673, -0.000023499997837 ], [ 139.977407391637826, -5.088861351969797, -0.000023499997837 ], [ 139.982689796197178, -5.090408002427296, -0.000023499997837 ], [ 139.987428601049146, -5.05749384616405, -0.000023499997837 ], [ 139.978796708401433, -5.056627891663823, -0.000023499997837 ], [ 139.964765326658608, -5.058660139154028, -0.000023499997837 ], [ 139.927462756700947, -5.059462665369665, -0.000023499997837 ], [ 139.887935047264705, -5.063327383152171, -0.000023499997837 ], [ 139.666537941373008, -5.062932457566831, -0.000023499997837 ], [ 139.621550624062138, -5.058815542003629, -0.000023499997837 ], [ 139.57922109207982, -5.052696704988875, -0.000023499997837 ], [ 139.548707416114439, -5.039229322275332, -0.000023499997837 ], [ 139.498206093636327, -5.002265940620589, -0.000023499997837 ], [ 139.47897005102709, -5.000403066048591, -0.000023499997837 ], [ 139.451969677358761, -5.003964044105317, -0.000023499997837 ], [ 139.227862349368024, -4.998566330271899, -0.000023499997837 ] ], [ [ 138.87464483838869, -4.622463181230785, -0.000023499997837 ], [ 138.873612810582813, -4.639800790973652, -0.000023499997837 ], [ 138.878155802448418, -4.622467354984394, -0.000023499997837 ], [ 138.874546552381503, -4.615494412936755, -0.000023499997837 ], [ 138.877369280567905, -4.608817373922648, -0.000023499997837 ], [ 138.874188202223763, -4.604268923172242, -0.000023499997837 ], [ 138.870783174703774, -4.608984130712997, -0.000023499997837 ], [ 138.867808848699497, -4.610233348390295, -0.000023499997837 ], [ 138.87464483838869, -4.622463181230785, -0.000023499997837 ] ] ], [ [ [ 139.279655021861799, -4.120933635079155, -0.000023499997837 ], [ 139.283863777990973, -4.117674315717068, -0.000023499997837 ], [ 139.28830148082875, -4.119077276095368, -0.000023499997837 ], [ 139.285747626551824, -4.122127443726527, -0.000023499997837 ], [ 139.285636491930632, -4.125573601740257, -0.000023499997837 ], [ 139.288485382294652, -4.136621814445107, -0.000023499997837 ], [ 139.265753880836996, -4.137054122149948, -0.000023499997837 ], [ 139.249400931607738, -4.134172956916359, -0.000023499997837 ], [ 139.254860581750563, -4.11105566069017, -0.000023499997837 ], [ 139.258355323839169, -4.112780545086025, -0.000023499997837 ], [ 139.267099843083315, -4.121941470222623, -0.000023499997837 ], [ 139.279655021861799, -4.120933635079155, -0.000023499997837 ] ] ], [ [ [ 139.294387781271098, -4.072989348679471, -0.000023499997837 ], [ 139.317161026560143, -4.073142770322534, -0.000023499997837 ], [ 139.322695353707672, -4.071626111355897, -0.000023499997837 ], [ 139.30866994526184, -4.088060290949613, -0.000023499997837 ], [ 139.304291737973358, -4.089963859844204, -0.000023499997837 ], [ 139.299723172986091, -4.088250647749135, -0.000023499997837 ], [ 139.289824614914096, -4.079874944972687, -0.000023499997837 ], [ 139.28487533542841, -4.079113517774601, -0.000023499997837 ], [ 139.279354986443536, -4.075877450383985, -0.000023499997837 ], [ 139.274976777356414, -4.070166743700213, -0.000023499997837 ], [ 139.267695831897186, -4.065026693726907, -0.000023499997837 ], [ 139.274088662661711, -4.050680939573681, -0.000023499997837 ], [ 139.279062603356579, -4.043919777075985, -0.000023499997837 ], [ 139.280732045447621, -4.051766084037524, -0.000023499997837 ], [ 139.285580090948542, -4.055763345701791, -0.000023499997837 ], [ 139.288545454309315, -4.06253368578092, -0.000023499997837 ], [ 139.287478577774209, -4.071804874994939, -0.000023499997837 ], [ 139.290106165667112, -4.070843819886306, -0.000023499997837 ], [ 139.294387781271098, -4.072989348679471, -0.000023499997837 ] ] ], [ [ [ 139.320813819102568, -4.101718508002705, -0.000023499997837 ], [ 139.317022405959278, -4.095779137896841, -0.000023499997837 ], [ 139.313585953429083, -4.084616123135504, -0.000023499997837 ], [ 139.327824777291653, -4.092098737067033, -0.000023499997837 ], [ 139.321901832403682, -4.096055129040906, -0.000023499997837 ], [ 139.320813819102568, -4.101718508002705, -0.000023499997837 ] ] ], [ [ [ 139.370675684035632, -4.036546873239558, -0.000023499997837 ], [ 139.361939238005448, -4.049386456319837, -0.000023499997837 ], [ 139.362922080989279, -4.05286939930329, -0.000023499997837 ], [ 139.359946863756818, -4.057298116115135, -0.000023499997837 ], [ 139.343509059895268, -4.058123056134093, -0.000023499997837 ], [ 139.339484639604507, -4.063087118675526, -0.000023499997837 ], [ 139.33576385202025, -4.064748225849883, -0.000023499997837 ], [ 139.334839359748685, -4.060336124012849, -0.000023499997837 ], [ 139.329311658806091, -4.051505846317696, -0.000023499997837 ], [ 139.342835139430235, -4.04440808196739, -0.000023499997837 ], [ 139.34530977872339, -4.046014218081666, -0.000023499997837 ], [ 139.351942713185736, -4.041841496887514, -0.000023499997837 ], [ 139.361537133132288, -4.040118277136742, -0.000023499997837 ], [ 139.3696430132145, -4.034530898082437, -0.000023499997837 ], [ 139.370675684035632, -4.036546873239558, -0.000023499997837 ] ] ], [ [ [ 140.001953743870217, -4.472358871864401, -0.000023499997837 ], [ 139.997492254863687, -4.478902389433699, -0.000023499997837 ], [ 139.996394910197068, -4.485548811028764, -0.000023499997837 ], [ 139.987891375986237, -4.491223895566293, -0.000023499997837 ], [ 139.982869953785439, -4.492291059884451, -0.000023499997837 ], [ 139.970051291633922, -4.488165755445209, -0.000023499997837 ], [ 139.976208212239271, -4.48672915502641, -0.000023499997837 ], [ 139.975026727901195, -4.483461009717757, -0.000023499997837 ], [ 139.975710050778275, -4.475467909116674, -0.000023499997837 ], [ 139.977564269375648, -4.474143466747535, -0.000023499997837 ], [ 139.992138468415646, -4.468789680299437, -0.000023499997837 ], [ 140.000169148987084, -4.468789680299437, -0.000023499997837 ], [ 140.001953743870217, -4.472358871864401, -0.000023499997837 ] ] ], [ [ [ 140.053409588781506, -4.45808210470534, -0.000023499997837 ], [ 140.053112156001248, -4.455702644261578, -0.000023499997837 ], [ 140.057871077788036, -4.445292503246378, -0.000023499997837 ], [ 140.065306893698221, -4.439641283118647, -0.000023499997837 ], [ 140.071909897823616, -4.42643527396865, -0.000023499997837 ], [ 140.076311901173312, -4.428636275643555, -0.000023499997837 ], [ 140.089000151735718, -4.430697314929091, -0.000023499997837 ], [ 140.092472842447819, -4.456720493356045, -0.000023499997837 ], [ 140.086722043087889, -4.463733324833015, -0.000023499997837 ], [ 140.077799064175565, -4.46670765173667, -0.000023499997837 ], [ 140.073337575169035, -4.466410218956412, -0.000023499997837 ], [ 140.068876085263241, -4.46075899882868, -0.000023499997837 ], [ 140.053409588781506, -4.45808210470534, -0.000023499997837 ] ] ], [ [ [ 139.91645977359974, -3.624416200447229, -0.000023499997837 ], [ 139.930229297943811, -3.623853632239275, -0.000023499997837 ], [ 139.92530275242018, -3.644017964957072, -0.000023499997837 ], [ 139.91378265374658, -3.652134141377473, -0.000023499997837 ], [ 139.910888021165306, -3.65240164831738, -0.000023499997837 ], [ 139.912793607239223, -3.646690542334625, -0.000023499997837 ], [ 139.908459255390426, -3.640935720307198, -0.000023499997837 ], [ 139.90797747328179, -3.635060640935762, -0.000023499997837 ], [ 139.900460186888154, -3.630175394079117, -0.000023499997837 ], [ 139.90053690985053, -3.6246365703214, -0.000023499997837 ], [ 139.895566732818565, -3.620919961886671, -0.000023499997837 ], [ 139.900421475570738, -3.617245297832199, -0.000023499997837 ], [ 139.904038511967769, -3.616673981918666, -0.000023499997837 ], [ 139.91645977359974, -3.624416200447229, -0.000023499997837 ] ] ] ] } }
]
}
